
=== Log started: Wed Mar 25 13:02:55 2026

=== Log started: Wed Mar 25 13:02:56 2026

=== Log started: Wed Mar 25 13:02:57 2026
43777.137 [CRASH] [shim] Shim init: pid=1352 ppid=1338

=== Log started: Wed Mar 25 13:02:57 2026

=== Log started: Wed Mar 25 13:27:24 2026

=== Log started: Wed Mar 25 13:27:53 2026

=== Log started: Wed Mar 25 13:28:47 2026

=== Log started: Wed Mar 25 13:28:48 2026

=== Log started: Wed Mar 25 13:28:50 2026
45330.349 [CRASH] [shim] Shim init: pid=892 ppid=784

=== Log started: Wed Mar 25 13:28:50 2026

=== Log started: Wed Mar 25 13:29:36 2026

=== Log started: Wed Mar 25 13:30:12 2026
46873.312 [CRASH] [shim] Ioctl gap: 2923 ms
46876.110 [CRASH] [shim] Ioctl gap: 2682 ms

=== Log started: Wed Mar 25 21:01:51 2026

=== Log started: Wed Mar 25 21:01:52 2026

=== Log started: Wed Mar 25 21:01:54 2026
72514.86 [CRASH] [shim] Shim init: pid=889 ppid=781

=== Log started: Wed Mar 25 21:01:54 2026

=== Log started: Wed Mar 25 23:23:10 2026

=== Log started: Wed Mar 25 23:23:11 2026

=== Log started: Wed Mar 25 23:23:13 2026
80993.449 [CRASH] [shim] Shim init: pid=894 ppid=786

=== Log started: Wed Mar 25 23:23:13 2026

=== Log started: Wed Mar 25 23:29:39 2026

=== Log started: Thu Mar 26 00:35:53 2026

=== Log started: Thu Mar 26 00:47:07 2026

=== Log started: Thu Mar 26 00:47:08 2026

=== Log started: Thu Mar 26 00:47:10 2026
86030.226 [CRASH] [shim] Shim init: pid=892 ppid=785

=== Log started: Thu Mar 26 00:47:10 2026

=== Log started: Thu Mar 26 00:47:55 2026
=== Log ended: Thu Mar 26 00:47:55 2026


=== Log started: Thu Mar 26 00:47:56 2026
86076.232 [CRASH] [shim] Shim init: pid=957 ppid=785

=== Log started: Thu Mar 26 00:48:54 2026

=== Log started: Thu Mar 26 00:50:15 2026

=== Log started: Thu Mar 26 00:50:19 2026

=== Log started: Thu Mar 26 00:50:26 2026

=== Log started: Thu Mar 26 01:13:38 2026

=== Log started: Thu Mar 26 01:13:39 2026

=== Log started: Thu Mar 26 01:13:41 2026
87621.305 [CRASH] [shim] Shim init: pid=869 ppid=761

=== Log started: Thu Mar 26 01:13:41 2026

=== Log started: Thu Mar 26 01:42:00 2026

=== Log started: Thu Mar 26 01:42:01 2026

=== Log started: Thu Mar 26 01:42:03 2026
89323.280 [CRASH] [shim] Shim init: pid=867 ppid=760

=== Log started: Thu Mar 26 01:42:04 2026

=== Log started: Thu Mar 26 01:53:58 2026

=== Log started: Thu Mar 26 02:11:42 2026

=== Log started: Thu Mar 26 02:11:42 2026

=== Log started: Thu Mar 26 02:11:44 2026
91104.851 [CRASH] [shim] Shim init: pid=869 ppid=762

=== Log started: Thu Mar 26 02:11:45 2026

=== Log started: Thu Mar 26 02:11:45 2026

=== Log started: Thu Mar 26 14:02:36 2026

=== Log started: Thu Mar 26 14:02:36 2026

=== Log started: Thu Mar 26 14:02:38 2026
33758.565 [CRASH] [shim] Shim init: pid=867 ppid=760

=== Log started: Thu Mar 26 14:02:38 2026

=== Log started: Thu Mar 26 14:02:38 2026

=== Log started: Thu Mar 26 17:30:58 2026

=== Log started: Thu Mar 26 17:30:59 2026

=== Log started: Thu Mar 26 17:31:01 2026
46261.407 [CRASH] [shim] Shim init: pid=869 ppid=761

=== Log started: Thu Mar 26 17:31:01 2026

=== Log started: Thu Mar 26 17:31:01 2026

=== Log started: Thu Mar 26 23:08:12 2026

=== Log started: Thu Mar 26 23:08:13 2026

=== Log started: Thu Mar 26 23:08:15 2026
66495.263 [CRASH] [shim] Shim init: pid=868 ppid=760

=== Log started: Thu Mar 26 23:08:15 2026

=== Log started: Thu Mar 26 23:08:15 2026

=== Log started: Fri Mar 27 01:12:07 2026

=== Log started: Fri Mar 27 01:12:08 2026

=== Log started: Fri Mar 27 01:12:10 2026
73930.419 [CRASH] [shim] Shim init: pid=870 ppid=762

=== Log started: Fri Mar 27 01:12:10 2026

=== Log started: Fri Mar 27 01:12:10 2026

=== Log started: Fri Mar 27 03:18:19 2026

=== Log started: Fri Mar 27 03:18:20 2026

=== Log started: Fri Mar 27 03:18:22 2026
81502.246 [CRASH] [shim] Shim init: pid=892 ppid=784

=== Log started: Fri Mar 27 03:18:22 2026

=== Log started: Fri Mar 27 03:18:22 2026

=== Log started: Fri Mar 27 21:28:48 2026

=== Log started: Fri Mar 27 21:28:49 2026

=== Log started: Fri Mar 27 21:28:51 2026
46931.315 [CRASH] [shim] Shim init: pid=892 ppid=784

=== Log started: Fri Mar 27 21:28:51 2026

=== Log started: Fri Mar 27 21:28:51 2026
48018.435 [CRASH] [shim] Ioctl gap: 2949 ms
48058.364 [CRASH] [shim] Caught SIGSEGV - terminating

=== Log started: Fri Mar 27 21:48:21 2026
=== Log ended: Fri Mar 27 21:48:21 2026


=== Log started: Fri Mar 27 21:48:22 2026
48102.209 [CRASH] [shim] Shim init: pid=1466 ppid=784

=== Log started: Fri Mar 27 21:50:08 2026

=== Log started: Fri Mar 27 21:50:09 2026

=== Log started: Fri Mar 27 21:50:11 2026
48211.264 [CRASH] [shim] Shim init: pid=868 ppid=760

=== Log started: Fri Mar 27 21:50:11 2026

=== Log started: Fri Mar 27 21:50:11 2026

=== Log started: Fri Mar 27 22:52:22 2026

=== Log started: Fri Mar 27 22:52:23 2026

=== Log started: Fri Mar 27 22:52:25 2026
51945.362 [CRASH] [shim] Shim init: pid=888 ppid=780

=== Log started: Fri Mar 27 22:52:25 2026

=== Log started: Fri Mar 27 22:52:25 2026

=== Log started: Fri Mar 27 23:55:20 2026

=== Log started: Fri Mar 27 23:55:21 2026

=== Log started: Fri Mar 27 23:55:23 2026
55723.405 [CRASH] [shim] Shim init: pid=868 ppid=760

=== Log started: Fri Mar 27 23:55:23 2026

=== Log started: Fri Mar 27 23:55:23 2026

=== Log started: Sat Mar 28 20:36:44 2026

=== Log started: Sat Mar 28 20:36:45 2026

=== Log started: Sat Mar 28 20:36:47 2026
30207.502 [CRASH] [shim] Shim init: pid=868 ppid=760

=== Log started: Sat Mar 28 20:36:47 2026

=== Log started: Sat Mar 28 20:36:47 2026

=== Log started: Sat Mar 28 20:54:13 2026

=== Log started: Sat Mar 28 20:54:14 2026

=== Log started: Sat Mar 28 20:54:16 2026
31256.396 [CRASH] [shim] Shim init: pid=869 ppid=761

=== Log started: Sat Mar 28 20:54:16 2026

=== Log started: Sat Mar 28 20:54:16 2026

=== Log started: Sat Mar 28 21:25:35 2026

=== Log started: Sat Mar 28 21:25:35 2026

=== Log started: Sat Mar 28 21:25:37 2026
33137.771 [CRASH] [shim] Shim init: pid=892 ppid=784

=== Log started: Sat Mar 28 21:25:37 2026

=== Log started: Sat Mar 28 21:25:38 2026

=== Log started: Sun Mar 29 00:06:08 2026

=== Log started: Sun Mar 29 00:06:08 2026

=== Log started: Sun Mar 29 00:06:10 2026
42770.596 [CRASH] [shim] Shim init: pid=869 ppid=761

=== Log started: Sun Mar 29 00:06:10 2026

=== Log started: Sun Mar 29 00:06:10 2026
43901.107 [CRASH] [shim] Caught SIGSEGV - terminating

=== Log started: Sun Mar 29 00:25:01 2026
=== Log ended: Sun Mar 29 00:25:01 2026


=== Log started: Sun Mar 29 00:25:07 2026
=== Log ended: Sun Mar 29 00:25:07 2026


=== Log started: Sun Mar 29 00:25:07 2026
43907.908 [CRASH] [shim] Shim init: pid=1830 ppid=761

=== Log started: Sun Mar 29 03:31:41 2026

=== Log started: Sun Mar 29 03:31:42 2026

=== Log started: Sun Mar 29 03:31:44 2026
55104.296 [CRASH] [shim] Shim init: pid=867 ppid=759

=== Log started: Sun Mar 29 03:31:44 2026

=== Log started: Sun Mar 29 03:31:44 2026

=== Log started: Sun Mar 29 03:42:14 2026
=== Log ended: Sun Mar 29 03:42:14 2026


=== Log started: Sun Mar 29 03:42:14 2026
55734.754 [CRASH] [shim] Shim init: pid=1258 ppid=759

=== Log started: Sun Mar 29 03:44:24 2026

=== Log started: Sun Mar 29 03:44:25 2026

=== Log started: Sun Mar 29 03:44:27 2026
55867.381 [CRASH] [shim] Shim init: pid=892 ppid=784

=== Log started: Sun Mar 29 03:44:27 2026

=== Log started: Sun Mar 29 03:44:27 2026

=== Log started: Sun Mar 29 18:03:39 2026

=== Log started: Sun Mar 29 18:03:40 2026

=== Log started: Sun Mar 29 18:03:42 2026
7422.273 [CRASH] [shim] Shim init: pid=868 ppid=760

=== Log started: Sun Mar 29 18:03:42 2026

=== Log started: Sun Mar 29 18:03:42 2026

=== Log started: Sun Mar 29 18:09:37 2026

=== Log started: Sun Mar 29 18:15:56 2026
=== Log ended: Sun Mar 29 18:15:56 2026


=== Log started: Sun Mar 29 18:15:57 2026
=== Log ended: Sun Mar 29 18:15:57 2026


=== Log started: Sun Mar 29 18:15:58 2026
=== Log ended: Sun Mar 29 18:15:58 2026


=== Log started: Sun Mar 29 18:15:58 2026
=== Log ended: Sun Mar 29 18:15:58 2026


=== Log started: Sun Mar 29 18:15:58 2026
=== Log ended: Sun Mar 29 18:15:58 2026


=== Log started: Sun Mar 29 18:15:58 2026
=== Log ended: Sun Mar 29 18:15:58 2026


=== Log started: Sun Mar 29 18:15:58 2026
=== Log ended: Sun Mar 29 18:15:58 2026


=== Log started: Sun Mar 29 18:15:58 2026

=== Log started: Sun Mar 29 18:15:58 2026
=== Log ended: Sun Mar 29 18:15:58 2026


=== Log started: Sun Mar 29 18:15:59 2026
8159.607 [CRASH] [shim] Shim init: pid=1317 ppid=1315

=== Log started: Sun Mar 29 18:15:59 2026

=== Log started: Sun Mar 29 18:22:43 2026

=== Log started: Sun Mar 29 18:22:44 2026

=== Log started: Sun Mar 29 18:22:46 2026
8566.194 [CRASH] [shim] Shim init: pid=870 ppid=763

=== Log started: Sun Mar 29 18:22:46 2026

=== Log started: Sun Mar 29 18:22:46 2026

=== Log started: Sun Mar 29 18:30:00 2026

=== Log started: Sun Mar 29 18:30:01 2026

=== Log started: Sun Mar 29 18:30:03 2026
9003.300 [CRASH] [shim] Shim init: pid=891 ppid=782

=== Log started: Sun Mar 29 18:30:03 2026

=== Log started: Sun Mar 29 18:30:03 2026

=== Log started: Sun Mar 29 18:31:56 2026
=== Log ended: Sun Mar 29 18:31:56 2026


=== Log started: Sun Mar 29 18:31:57 2026
=== Log ended: Sun Mar 29 18:31:57 2026


=== Log started: Sun Mar 29 18:31:57 2026
=== Log ended: Sun Mar 29 18:31:57 2026


=== Log started: Sun Mar 29 18:31:57 2026
=== Log ended: Sun Mar 29 18:31:57 2026


=== Log started: Sun Mar 29 18:31:57 2026
=== Log ended: Sun Mar 29 18:31:57 2026


=== Log started: Sun Mar 29 18:31:58 2026
=== Log ended: Sun Mar 29 18:31:58 2026


=== Log started: Sun Mar 29 18:31:58 2026
=== Log ended: Sun Mar 29 18:31:58 2026


=== Log started: Sun Mar 29 18:31:58 2026

=== Log started: Sun Mar 29 18:31:58 2026
=== Log ended: Sun Mar 29 18:31:58 2026


=== Log started: Sun Mar 29 18:31:58 2026
9118.662 [CRASH] [shim] Shim init: pid=1033 ppid=1031

=== Log started: Sun Mar 29 18:31:58 2026

=== Log started: Sun Mar 29 18:37:01 2026

=== Log started: Sun Mar 29 18:37:02 2026

=== Log started: Sun Mar 29 18:37:04 2026
9424.264 [CRASH] [shim] Shim init: pid=867 ppid=760

=== Log started: Sun Mar 29 18:37:04 2026

=== Log started: Sun Mar 29 18:37:04 2026

=== Log started: Sun Mar 29 20:52:17 2026

=== Log started: Sun Mar 29 20:52:17 2026

=== Log started: Sun Mar 29 20:52:19 2026
17539.711 [CRASH] [shim] Shim init: pid=889 ppid=781

=== Log started: Sun Mar 29 20:52:19 2026

=== Log started: Sun Mar 29 20:52:19 2026

=== Log started: Mon Mar 30 13:19:14 2026

=== Log started: Mon Mar 30 13:19:15 2026

=== Log started: Mon Mar 30 13:19:17 2026
76757.487 [CRASH] [shim] Shim init: pid=868 ppid=760

=== Log started: Mon Mar 30 13:19:17 2026

=== Log started: Mon Mar 30 13:19:17 2026

=== Log started: Mon Mar 30 13:19:50 2026

=== Log started: Mon Mar 30 16:08:37 2026

=== Log started: Mon Mar 30 16:08:37 2026

=== Log started: Mon Mar 30 16:08:39 2026
86919.671 [CRASH] [shim] Shim init: pid=890 ppid=782

=== Log started: Mon Mar 30 16:08:39 2026

=== Log started: Mon Mar 30 16:08:39 2026

=== Log started: Mon Mar 30 21:00:59 2026

=== Log started: Mon Mar 30 21:00:59 2026

=== Log started: Mon Mar 30 21:01:01 2026
4461.497 [CRASH] [shim] Shim init: pid=866 ppid=758

=== Log started: Mon Mar 30 21:01:01 2026

=== Log started: Mon Mar 30 21:01:01 2026

=== Log started: Mon Mar 30 21:22:12 2026
=== Log ended: Mon Mar 30 21:22:12 2026


=== Log started: Mon Mar 30 21:22:13 2026
=== Log ended: Mon Mar 30 21:22:13 2026


=== Log started: Mon Mar 30 21:22:13 2026
=== Log ended: Mon Mar 30 21:22:13 2026


=== Log started: Mon Mar 30 21:22:14 2026
=== Log ended: Mon Mar 30 21:22:14 2026


=== Log started: Mon Mar 30 21:22:14 2026
=== Log ended: Mon Mar 30 21:22:14 2026


=== Log started: Mon Mar 30 21:22:14 2026

=== Log started: Mon Mar 30 21:22:14 2026
=== Log ended: Mon Mar 30 21:22:14 2026


=== Log started: Mon Mar 30 21:22:15 2026
5735.460 [CRASH] [shim] Shim init: pid=1682 ppid=1680

=== Log started: Mon Mar 30 21:22:15 2026

=== Log started: Mon Mar 30 16:36:13 2026

=== Log started: Mon Mar 30 16:36:13 2026

=== Log started: Mon Mar 30 16:36:15 2026
88575.744 [CRASH] [shim] Shim init: pid=869 ppid=761

=== Log started: Mon Mar 30 16:36:15 2026

=== Log started: Mon Mar 30 16:36:16 2026

=== Log started: Fri Apr  3 20:12:38 2026

=== Log started: Fri Apr  3 20:12:39 2026

=== Log started: Fri Apr  3 20:12:41 2026
47161.589 [CRASH] [shim] Shim init: pid=869 ppid=761

=== Log started: Fri Apr  3 20:12:41 2026

=== Log started: Fri Apr  3 20:12:41 2026

=== Log started: Sun Apr  5 15:43:26 2026

=== Log started: Sun Apr  5 15:43:26 2026

=== Log started: Sun Apr  5 15:43:28 2026
3808.835 [CRASH] [shim] Shim init: pid=870 ppid=762

=== Log started: Sun Apr  5 15:43:29 2026

=== Log started: Sun Apr  5 15:43:29 2026

=== Log started: Sun Apr  5 22:58:44 2026

=== Log started: Sun Apr  5 22:58:44 2026

=== Log started: Sun Apr  5 22:58:46 2026
29926.545 [CRASH] [shim] Shim init: pid=869 ppid=761

=== Log started: Sun Apr  5 22:58:46 2026

=== Log started: Sun Apr  5 22:58:46 2026

=== Log started: Thu Apr  9 22:29:16 2026

=== Log started: Thu Apr  9 22:29:17 2026

=== Log started: Thu Apr  9 22:29:19 2026
73759.423 [CRASH] [shim] Shim init: pid=890 ppid=782

=== Log started: Thu Apr  9 22:29:19 2026

=== Log started: Thu Apr  9 22:29:19 2026

=== Log started: Thu Apr  9 23:09:59 2026

=== Log started: Thu Apr  9 23:18:15 2026

=== Log started: Thu Apr  9 23:18:15 2026

=== Log started: Thu Apr  9 23:18:16 2026
76696.356 [CRASH] [shim] Shim init: pid=1817 ppid=1784

=== Log started: Thu Apr  9 23:18:16 2026

=== Log started: Thu Apr  9 23:18:16 2026

=== Log started: Fri Apr 10 12:59:30 2026

=== Log started: Fri Apr 10 12:59:31 2026

=== Log started: Fri Apr 10 12:59:33 2026
25973.837 [CRASH] [shim] Shim init: pid=893 ppid=761

=== Log started: Fri Apr 10 12:59:34 2026

=== Log started: Fri Apr 10 12:59:34 2026

=== Log started: Sat Apr 11 15:45:15 2026

=== Log started: Sat Apr 11 15:45:15 2026

=== Log started: Sat Apr 11 15:45:18 2026
22318.53 [CRASH] [shim] Shim init: pid=892 ppid=758

=== Log started: Sat Apr 11 15:45:18 2026

=== Log started: Sat Apr 11 15:45:18 2026

=== Log started: Sat Apr 11 21:29:48 2026

=== Log started: Sat Apr 11 21:29:48 2026

=== Log started: Sat Apr 11 21:29:50 2026
42990.953 [CRASH] [shim] Shim init: pid=918 ppid=786

=== Log started: Sat Apr 11 21:29:51 2026

=== Log started: Sat Apr 11 21:29:52 2026
43461.637 [CRASH] [shim] Caught SIGSEGV - terminating

=== Log started: Sat Apr 11 21:38:21 2026
=== Log ended: Sat Apr 11 21:38:21 2026


=== Log started: Sat Apr 11 21:38:22 2026
43502.205 [CRASH] [shim] Shim init: pid=1227 ppid=786

=== Log started: Sun Apr 12 12:57:45 2026

=== Log started: Sun Apr 12 12:57:45 2026

=== Log started: Sun Apr 12 12:57:48 2026
98668.96 [CRASH] [shim] Shim init: pid=892 ppid=759

=== Log started: Sun Apr 12 12:57:48 2026

=== Log started: Sun Apr 12 12:57:49 2026

=== Log started: Sun Apr 12 13:02:54 2026
=== Log ended: Sun Apr 12 13:02:54 2026


=== Log started: Sun Apr 12 13:02:55 2026
=== Log ended: Sun Apr 12 13:02:55 2026


=== Log started: Sun Apr 12 13:02:55 2026
=== Log ended: Sun Apr 12 13:02:55 2026


=== Log started: Sun Apr 12 13:02:55 2026
=== Log ended: Sun Apr 12 13:02:55 2026


=== Log started: Sun Apr 12 13:02:56 2026
=== Log ended: Sun Apr 12 13:02:56 2026


=== Log started: Sun Apr 12 13:02:56 2026
=== Log ended: Sun Apr 12 13:02:56 2026


=== Log started: Sun Apr 12 13:02:56 2026
=== Log ended: Sun Apr 12 13:02:56 2026


=== Log started: Sun Apr 12 13:02:56 2026

=== Log started: Sun Apr 12 13:02:56 2026
=== Log ended: Sun Apr 12 13:02:56 2026


=== Log started: Sun Apr 12 13:02:57 2026
98977.338 [CRASH] [shim] Shim init: pid=1225 ppid=1223

=== Log started: Sun Apr 12 13:02:57 2026

=== Log started: Sun Apr 19 16:54:40 2026

=== Log started: Sun Apr 19 16:54:41 2026

=== Log started: Sun Apr 19 16:54:43 2026
17683.770 [CRASH] [shim] Shim init: pid=892 ppid=760

=== Log started: Sun Apr 19 16:54:43 2026

=== Log started: Sun Apr 19 16:54:44 2026

=== Log started: Sun Apr 19 17:05:05 2026

=== Log started: Sun Apr 19 17:05:06 2026

=== Log started: Sun Apr 19 17:05:08 2026
18308.442 [CRASH] [shim] Shim init: pid=893 ppid=761

=== Log started: Sun Apr 19 17:05:08 2026

=== Log started: Sun Apr 19 17:05:09 2026

=== Log started: Sun Apr 19 17:08:48 2026

=== Log started: Sun Apr 19 17:08:48 2026
18528.862 [CRASH] [shim] Shim init: pid=1416 ppid=1382

=== Log started: Sun Apr 19 17:08:49 2026

=== Log started: Sun Apr 19 17:08:49 2026

=== Log started: Sun Apr 19 21:46:49 2026

=== Log started: Sun Apr 19 21:46:51 2026
35211.476 [CRASH] [shim] Shim init: pid=894 ppid=761

=== Log started: Sun Apr 19 21:46:51 2026

=== Log started: Sun Apr 19 21:46:51 2026

=== Log started: Sun Apr 19 21:54:24 2026

=== Log started: Sun Apr 19 21:54:24 2026
35664.740 [CRASH] [shim] Shim init: pid=1433 ppid=1399

=== Log started: Sun Apr 19 21:54:24 2026

=== Log started: Sun Apr 19 21:54:24 2026

=== Log started: Sun Apr 19 22:21:31 2026
=== Log ended: Sun Apr 19 22:21:31 2026


=== Log started: Sun Apr 19 22:21:32 2026
37292.405 [CRASH] [shim] Shim init: pid=2484 ppid=1399

=== Log started: Mon Apr 20 19:28:12 2026

=== Log started: Mon Apr 20 19:28:14 2026
13294.483 [CRASH] [shim] Shim init: pid=914 ppid=780

=== Log started: Mon Apr 20 19:28:14 2026

=== Log started: Mon Apr 20 19:28:20 2026

=== Log started: Sun Apr 26 13:24:08 2026

=== Log started: Sun Apr 26 13:24:10 2026
9850.823 [CRASH] [shim] Shim init: pid=909 ppid=776

=== Log started: Sun Apr 26 13:24:11 2026

=== Log started: Sun Apr 26 13:24:11 2026

=== Log started: Mon Apr 27 16:40:54 2026

=== Log started: Mon Apr 27 16:40:56 2026
8056.699 [CRASH] [shim] Shim init: pid=912 ppid=762

=== Log started: Mon Apr 27 16:40:56 2026

=== Log started: Mon Apr 27 16:40:57 2026

=== Log started: Mon Apr 27 22:31:00 2026

=== Log started: Mon Apr 27 22:31:03 2026
29063.107 [CRASH] [shim] Shim init: pid=911 ppid=779

=== Log started: Mon Apr 27 22:31:03 2026

=== Log started: Mon Apr 27 22:31:03 2026

=== Log started: Wed Apr 29 21:51:22 2026

=== Log started: Wed Apr 29 21:51:24 2026
99484.593 [CRASH] [shim] Shim init: pid=911 ppid=778

=== Log started: Wed Apr 29 21:51:24 2026

=== Log started: Wed Apr 29 21:51:24 2026

=== Log started: Wed Apr 29 21:59:31 2026

=== Log started: Wed Apr 29 21:59:33 2026
99973.512 [CRASH] [shim] Shim init: pid=912 ppid=778

=== Log started: Wed Apr 29 21:59:33 2026

=== Log started: Wed Apr 29 21:59:33 2026

=== Log started: Thu Apr 30 20:12:23 2026

=== Log started: Thu Apr 30 20:12:25 2026
79945.437 [CRASH] [shim] Shim init: pid=912 ppid=779

=== Log started: Thu Apr 30 20:12:25 2026

=== Log started: Thu Apr 30 20:12:25 2026

=== Log started: Sat May 16 20:08:14 2026

=== Log started: Sat May 16 20:08:16 2026
62096.453 [CRASH] [shim] Shim init: pid=892 ppid=759

=== Log started: Sat May 16 20:08:16 2026

=== Log started: Sat May 16 20:08:16 2026

=== Log started: Sat May 16 20:35:36 2026
=== Log ended: Sat May 16 20:35:36 2026


=== Log started: Sat May 16 20:35:37 2026
63737.277 [CRASH] [shim] Shim init: pid=1734 ppid=759

=== Log started: Sun May 17 18:49:06 2026

=== Log started: Sun May 17 18:49:08 2026
43748.396 [CRASH] [shim] Shim init: pid=892 ppid=760

=== Log started: Sun May 17 18:49:08 2026

=== Log started: Sun May 17 18:49:08 2026

=== Log started: Thu Jun 18 22:31:53 2026

=== Log started: Thu Jun 18 22:31:56 2026
21916.90 [CRASH] [shim] Shim init: pid=910 ppid=777

=== Log started: Thu Jun 18 22:31:56 2026

=== Log started: Thu Jun 18 22:31:56 2026

=== Log started: Thu Jun 18 22:37:47 2026
=== Log ended: Thu Jun 18 22:37:47 2026


=== Log started: Thu Jun 18 22:37:47 2026
22267.870 [CRASH] [shim] Shim init: pid=1278 ppid=777

=== Log started: Thu Jun 18 22:39:33 2026

=== Log started: Thu Jun 18 22:39:35 2026
22375.618 [CRASH] [shim] Shim init: pid=912 ppid=778

=== Log started: Thu Jun 18 22:39:35 2026

=== Log started: Thu Jun 18 22:39:36 2026

=== Log started: Thu Jun 18 23:20:34 2026

=== Log started: Thu Jun 18 23:20:35 2026

=== Log started: Thu Jun 18 23:20:36 2026
24836.371 [CRASH] [shim] Shim init: pid=1567 ppid=1535

=== Log started: Thu Jun 18 23:20:36 2026

=== Log started: Thu Jun 18 23:20:36 2026

=== Log started: Thu Jun 18 23:23:16 2026
=== Log ended: Thu Jun 18 23:23:16 2026


=== Log started: Thu Jun 18 23:23:17 2026
=== Log ended: Thu Jun 18 23:23:17 2026


=== Log started: Thu Jun 18 23:23:17 2026
=== Log ended: Thu Jun 18 23:23:17 2026


=== Log started: Thu Jun 18 23:23:17 2026
=== Log ended: Thu Jun 18 23:23:17 2026


=== Log started: Thu Jun 18 23:23:18 2026
=== Log ended: Thu Jun 18 23:23:18 2026


=== Log started: Thu Jun 18 23:23:18 2026
=== Log ended: Thu Jun 18 23:23:18 2026


=== Log started: Thu Jun 18 23:23:18 2026
=== Log ended: Thu Jun 18 23:23:18 2026


=== Log started: Thu Jun 18 23:23:18 2026

=== Log started: Thu Jun 18 23:23:18 2026
=== Log ended: Thu Jun 18 23:23:18 2026


=== Log started: Thu Jun 18 23:23:19 2026
24999.205 [CRASH] [shim] Shim init: pid=1827 ppid=1825

=== Log started: Thu Jun 18 23:23:19 2026

=== Log started: Thu Jun 18 23:24:38 2026

=== Log started: Thu Jun 18 23:24:39 2026

=== Log started: Thu Jun 18 23:24:41 2026
25081.887 [CRASH] [shim] Shim init: pid=894 ppid=761

=== Log started: Thu Jun 18 23:24:42 2026

=== Log started: Thu Jun 18 23:24:42 2026

=== Log started: Thu Jun 18 23:24:47 2026

=== Log started: Thu Jun 18 23:24:52 2026

=== Log started: Thu Jun 18 23:24:57 2026

=== Log started: Thu Jun 18 23:25:02 2026

=== Log started: Thu Jun 18 23:25:07 2026

=== Log started: Thu Jun 18 23:25:12 2026

=== Log started: Thu Jun 18 23:25:17 2026

=== Log started: Thu Jun 18 23:25:23 2026

=== Log started: Thu Jun 18 23:25:28 2026

=== Log started: Thu Jun 18 23:25:33 2026

=== Log started: Thu Jun 18 23:25:38 2026

=== Log started: Thu Jun 18 23:25:43 2026

=== Log started: Thu Jun 18 23:25:48 2026

=== Log started: Thu Jun 18 23:25:53 2026

=== Log started: Thu Jun 18 23:25:59 2026

=== Log started: Thu Jun 18 23:26:04 2026

=== Log started: Thu Jun 18 23:26:09 2026

=== Log started: Thu Jun 18 23:26:14 2026

=== Log started: Thu Jun 18 23:26:19 2026

=== Log started: Thu Jun 18 23:26:24 2026

=== Log started: Thu Jun 18 23:26:29 2026

=== Log started: Thu Jun 18 23:26:34 2026

=== Log started: Thu Jun 18 23:26:40 2026

=== Log started: Thu Jun 18 23:26:45 2026

=== Log started: Thu Jun 18 23:26:50 2026

=== Log started: Thu Jun 18 23:26:55 2026

=== Log started: Thu Jun 18 23:27:00 2026

=== Log started: Thu Jun 18 23:27:05 2026

=== Log started: Thu Jun 18 23:27:10 2026

=== Log started: Thu Jun 18 23:27:15 2026

=== Log started: Thu Jun 18 23:27:21 2026

=== Log started: Thu Jun 18 23:27:26 2026

=== Log started: Thu Jun 18 23:27:31 2026

=== Log started: Thu Jun 18 23:27:36 2026

=== Log started: Thu Jun 18 23:27:41 2026

=== Log started: Thu Jun 18 23:27:46 2026

=== Log started: Thu Jun 18 23:27:51 2026

=== Log started: Thu Jun 18 23:27:56 2026

=== Log started: Thu Jun 18 23:28:02 2026

=== Log started: Thu Jun 18 23:28:07 2026

=== Log started: Thu Jun 18 23:28:12 2026

=== Log started: Thu Jun 18 23:28:17 2026

=== Log started: Thu Jun 18 23:28:22 2026

=== Log started: Thu Jun 18 23:28:27 2026

=== Log started: Thu Jun 18 23:28:32 2026

=== Log started: Thu Jun 18 23:28:37 2026

=== Log started: Thu Jun 18 23:28:43 2026

=== Log started: Thu Jun 18 23:28:48 2026

=== Log started: Thu Jun 18 23:28:53 2026

=== Log started: Thu Jun 18 23:28:58 2026

=== Log started: Thu Jun 18 23:29:03 2026

=== Log started: Thu Jun 18 23:29:08 2026

=== Log started: Thu Jun 18 23:29:13 2026

=== Log started: Thu Jun 18 23:29:18 2026

=== Log started: Thu Jun 18 23:29:24 2026

=== Log started: Thu Jun 18 23:29:29 2026

=== Log started: Thu Jun 18 23:29:34 2026

=== Log started: Thu Jun 18 23:29:39 2026

=== Log started: Thu Jun 18 23:29:44 2026

=== Log started: Thu Jun 18 23:29:49 2026

=== Log started: Thu Jun 18 23:29:54 2026

=== Log started: Thu Jun 18 23:29:59 2026

=== Log started: Thu Jun 18 23:30:05 2026

=== Log started: Thu Jun 18 23:30:10 2026

=== Log started: Fri Jun 19 20:57:13 2026

=== Log started: Fri Jun 19 20:57:13 2026

=== Log started: Fri Jun 19 20:57:15 2026
2635.984 [CRASH] [shim] Shim init: pid=892 ppid=759

=== Log started: Fri Jun 19 20:57:16 2026

=== Log started: Fri Jun 19 20:57:16 2026

=== Log started: Fri Jun 19 20:57:21 2026

=== Log started: Fri Jun 19 20:57:26 2026

=== Log started: Fri Jun 19 20:57:23 2026

=== Log started: Fri Jun 19 20:57:28 2026

=== Log started: Fri Jun 19 20:57:33 2026

=== Log started: Fri Jun 19 20:57:38 2026

=== Log started: Fri Jun 19 20:57:43 2026

=== Log started: Fri Jun 19 20:57:48 2026

=== Log started: Fri Jun 19 20:57:53 2026

=== Log started: Fri Jun 19 20:57:58 2026

=== Log started: Fri Jun 19 20:58:04 2026

=== Log started: Fri Jun 19 20:58:09 2026

=== Log started: Fri Jun 19 20:58:14 2026

=== Log started: Fri Jun 19 20:58:19 2026

=== Log started: Fri Jun 19 20:58:24 2026

=== Log started: Fri Jun 19 20:58:29 2026

=== Log started: Fri Jun 19 20:58:34 2026

=== Log started: Fri Jun 19 20:58:39 2026

=== Log started: Fri Jun 19 20:58:45 2026

=== Log started: Fri Jun 19 20:58:50 2026

=== Log started: Fri Jun 19 20:58:55 2026

=== Log started: Fri Jun 19 20:59:00 2026

=== Log started: Fri Jun 19 20:59:05 2026

=== Log started: Fri Jun 19 20:59:10 2026

=== Log started: Fri Jun 19 20:59:15 2026

=== Log started: Fri Jun 19 20:59:21 2026

=== Log started: Fri Jun 19 20:59:26 2026

=== Log started: Fri Jun 19 20:59:31 2026

=== Log started: Fri Jun 19 20:59:36 2026

=== Log started: Fri Jun 19 20:59:41 2026

=== Log started: Fri Jun 19 20:59:46 2026

=== Log started: Fri Jun 19 20:59:51 2026

=== Log started: Fri Jun 19 20:59:56 2026

=== Log started: Fri Jun 19 21:00:02 2026

=== Log started: Fri Jun 19 21:00:07 2026

=== Log started: Fri Jun 19 21:00:12 2026

=== Log started: Fri Jun 19 21:00:17 2026

=== Log started: Fri Jun 19 21:00:22 2026

=== Log started: Fri Jun 19 21:00:27 2026

=== Log started: Fri Jun 19 21:00:32 2026

=== Log started: Fri Jun 19 21:00:37 2026

=== Log started: Fri Jun 19 21:00:43 2026

=== Log started: Fri Jun 19 21:00:48 2026

=== Log started: Fri Jun 19 21:00:53 2026

=== Log started: Fri Jun 19 21:00:58 2026

=== Log started: Fri Jun 19 21:01:03 2026

=== Log started: Fri Jun 19 21:01:08 2026

=== Log started: Fri Jun 19 21:01:13 2026

=== Log started: Fri Jun 19 21:01:19 2026

=== Log started: Fri Jun 19 21:01:24 2026

=== Log started: Fri Jun 19 21:01:29 2026

=== Log started: Fri Jun 19 21:01:34 2026

=== Log started: Fri Jun 19 21:01:39 2026

=== Log started: Fri Jun 19 21:01:44 2026

=== Log started: Fri Jun 19 21:01:49 2026

=== Log started: Fri Jun 19 21:01:54 2026

=== Log started: Fri Jun 19 21:02:00 2026

=== Log started: Fri Jun 19 21:02:05 2026

=== Log started: Fri Jun 19 21:02:10 2026

=== Log started: Fri Jun 19 21:02:15 2026

=== Log started: Fri Jun 19 21:02:20 2026

=== Log started: Fri Jun 19 21:02:25 2026

=== Log started: Fri Jun 19 21:02:30 2026

=== Log started: Fri Jun 19 21:02:35 2026

=== Log started: Fri Jun 19 21:02:41 2026

=== Log started: Fri Jun 19 21:02:46 2026

=== Log started: Fri Jun 19 21:02:51 2026

=== Log started: Fri Jun 19 21:02:56 2026

=== Log started: Fri Jun 19 21:03:01 2026

=== Log started: Fri Jun 19 21:03:06 2026

=== Log started: Fri Jun 19 21:03:11 2026

=== Log started: Fri Jun 19 21:03:17 2026

=== Log started: Fri Jun 19 21:03:22 2026

=== Log started: Fri Jun 19 21:03:27 2026

=== Log started: Fri Jun 19 21:03:32 2026

=== Log started: Fri Jun 19 21:03:37 2026

=== Log started: Fri Jun 19 21:03:42 2026

=== Log started: Fri Jun 19 21:03:47 2026

=== Log started: Fri Jun 19 21:03:52 2026

=== Log started: Fri Jun 19 21:03:58 2026

=== Log started: Fri Jun 19 21:04:03 2026

=== Log started: Fri Jun 19 21:04:08 2026

=== Log started: Fri Jun 19 21:04:13 2026

=== Log started: Fri Jun 19 21:04:18 2026

=== Log started: Fri Jun 19 21:04:23 2026

=== Log started: Fri Jun 19 21:04:28 2026

=== Log started: Fri Jun 19 23:07:03 2026

=== Log started: Fri Jun 19 23:07:04 2026

=== Log started: Fri Jun 19 23:07:06 2026
10426.865 [CRASH] [shim] Shim init: pid=891 ppid=759

=== Log started: Fri Jun 19 23:07:07 2026

=== Log started: Fri Jun 19 23:07:07 2026

=== Log started: Fri Jun 19 23:07:12 2026

=== Log started: Fri Jun 19 23:07:15 2026

=== Log started: Fri Jun 19 23:07:21 2026

=== Log started: Fri Jun 19 23:07:26 2026

=== Log started: Fri Jun 19 23:07:31 2026

=== Log started: Fri Jun 19 23:07:36 2026

=== Log started: Fri Jun 19 23:07:41 2026

=== Log started: Fri Jun 19 23:07:46 2026

=== Log started: Fri Jun 19 23:07:51 2026

=== Log started: Fri Jun 19 23:07:56 2026

=== Log started: Fri Jun 19 23:08:02 2026

=== Log started: Fri Jun 19 23:08:07 2026

=== Log started: Fri Jun 19 23:08:12 2026

=== Log started: Fri Jun 19 23:08:17 2026

=== Log started: Fri Jun 19 23:08:22 2026

=== Log started: Fri Jun 19 23:08:27 2026

=== Log started: Fri Jun 19 23:08:32 2026

=== Log started: Fri Jun 19 23:08:37 2026

=== Log started: Fri Jun 19 23:08:43 2026

=== Log started: Fri Jun 19 23:08:48 2026

=== Log started: Fri Jun 19 23:08:53 2026

=== Log started: Fri Jun 19 23:08:58 2026

=== Log started: Fri Jun 19 23:09:03 2026

=== Log started: Fri Jun 19 23:09:08 2026

=== Log started: Fri Jun 19 23:09:13 2026

=== Log started: Fri Jun 19 23:09:18 2026

=== Log started: Fri Jun 19 23:09:24 2026

=== Log started: Fri Jun 19 23:09:29 2026

=== Log started: Fri Jun 19 23:09:34 2026

=== Log started: Fri Jun 19 23:09:39 2026

=== Log started: Fri Jun 19 23:09:44 2026

=== Log started: Fri Jun 19 23:09:49 2026

=== Log started: Fri Jun 19 23:09:54 2026

=== Log started: Fri Jun 19 23:09:59 2026

=== Log started: Fri Jun 19 23:10:05 2026

=== Log started: Fri Jun 19 23:10:10 2026

=== Log started: Fri Jun 19 23:10:15 2026

=== Log started: Fri Jun 19 23:10:20 2026

=== Log started: Fri Jun 19 23:10:25 2026

=== Log started: Fri Jun 19 23:10:30 2026

=== Log started: Fri Jun 19 23:10:35 2026

=== Log started: Fri Jun 19 23:10:40 2026

=== Log started: Fri Jun 19 23:10:46 2026

=== Log started: Fri Jun 19 23:10:51 2026

=== Log started: Fri Jun 19 23:10:56 2026

=== Log started: Fri Jun 19 23:11:01 2026

=== Log started: Fri Jun 19 23:11:06 2026

=== Log started: Fri Jun 19 23:11:11 2026

=== Log started: Fri Jun 19 23:11:16 2026

=== Log started: Fri Jun 19 23:11:22 2026

=== Log started: Fri Jun 19 23:11:27 2026

=== Log started: Fri Jun 19 23:11:32 2026

=== Log started: Fri Jun 19 23:11:37 2026

=== Log started: Fri Jun 19 23:11:42 2026

=== Log started: Fri Jun 19 23:11:47 2026

=== Log started: Fri Jun 19 23:11:52 2026

=== Log started: Fri Jun 19 23:11:57 2026

=== Log started: Fri Jun 19 23:12:03 2026

=== Log started: Fri Jun 19 23:12:08 2026

=== Log started: Fri Jun 19 23:12:13 2026

=== Log started: Fri Jun 19 23:12:18 2026

=== Log started: Fri Jun 19 23:12:23 2026

=== Log started: Fri Jun 19 23:12:28 2026

=== Log started: Fri Jun 19 23:12:33 2026

=== Log started: Fri Jun 19 23:12:39 2026

=== Log started: Fri Jun 19 23:12:44 2026

=== Log started: Fri Jun 19 23:12:49 2026

=== Log started: Fri Jun 19 23:12:54 2026

=== Log started: Fri Jun 19 23:12:59 2026

=== Log started: Fri Jun 19 23:13:04 2026

=== Log started: Fri Jun 19 23:13:09 2026

=== Log started: Fri Jun 19 23:13:14 2026

=== Log started: Fri Jun 19 23:13:20 2026

=== Log started: Fri Jun 19 23:13:25 2026

=== Log started: Fri Jun 19 23:13:30 2026

=== Log started: Fri Jun 19 23:13:35 2026

=== Log started: Fri Jun 19 23:13:40 2026

=== Log started: Fri Jun 19 23:13:45 2026

=== Log started: Fri Jun 19 23:13:50 2026

=== Log started: Fri Jun 19 23:13:56 2026

=== Log started: Fri Jun 19 23:14:01 2026

=== Log started: Fri Jun 19 23:14:06 2026

=== Log started: Fri Jun 19 23:14:11 2026

=== Log started: Fri Jun 19 23:14:16 2026

=== Log started: Fri Jun 19 23:14:21 2026

=== Log started: Fri Jun 19 23:14:26 2026

=== Log started: Fri Jun 19 23:14:31 2026

=== Log started: Fri Jun 19 23:14:37 2026

=== Log started: Fri Jun 19 23:14:42 2026

=== Log started: Fri Jun 19 23:14:47 2026

=== Log started: Fri Jun 19 23:14:52 2026

=== Log started: Fri Jun 19 23:14:57 2026

=== Log started: Fri Jun 19 23:15:02 2026

=== Log started: Fri Jun 19 23:15:07 2026

=== Log started: Fri Jun 19 23:15:13 2026

=== Log started: Fri Jun 19 23:15:18 2026

=== Log started: Fri Jun 19 23:15:23 2026

=== Log started: Fri Jun 19 23:15:28 2026

=== Log started: Fri Jun 19 23:15:33 2026

=== Log started: Fri Jun 19 23:15:38 2026

=== Log started: Fri Jun 19 23:15:43 2026

=== Log started: Fri Jun 19 23:15:48 2026

=== Log started: Fri Jun 19 23:15:54 2026

=== Log started: Fri Jun 19 23:15:59 2026

=== Log started: Fri Jun 19 23:16:04 2026

=== Log started: Fri Jun 19 23:16:09 2026

=== Log started: Fri Jun 19 23:16:14 2026

=== Log started: Fri Jun 19 23:16:19 2026

=== Log started: Fri Jun 19 23:16:24 2026

=== Log started: Fri Jun 19 23:16:30 2026

=== Log started: Fri Jun 19 23:16:35 2026

=== Log started: Mon Jun 22 22:15:44 2026

=== Log started: Mon Jun 22 22:15:45 2026

=== Log started: Mon Jun 22 22:15:47 2026
66547.569 [CRASH] [shim] Shim init: pid=911 ppid=778

=== Log started: Mon Jun 22 22:15:47 2026

=== Log started: Mon Jun 22 22:15:48 2026

=== Log started: Mon Jun 22 22:15:52 2026

=== Log started: Mon Jun 22 22:15:57 2026

=== Log started: Mon Jun 22 22:16:03 2026

=== Log started: Mon Jun 22 22:16:08 2026

=== Log started: Mon Jun 22 22:16:13 2026

=== Log started: Mon Jun 22 22:16:18 2026

=== Log started: Mon Jun 22 22:16:23 2026

=== Log started: Mon Jun 22 22:16:28 2026

=== Log started: Mon Jun 22 22:16:33 2026

=== Log started: Mon Jun 22 22:16:38 2026

=== Log started: Mon Jun 22 22:16:44 2026

=== Log started: Mon Jun 22 22:16:49 2026

=== Log started: Mon Jun 22 22:17:24 2026

=== Log started: Mon Jun 22 22:17:24 2026

=== Log started: Mon Jun 22 22:17:27 2026
66647.99 [CRASH] [shim] Shim init: pid=910 ppid=777

=== Log started: Mon Jun 22 22:17:27 2026

=== Log started: Mon Jun 22 22:17:27 2026

=== Log started: Mon Jun 22 22:17:32 2026

=== Log started: Mon Jun 22 22:17:37 2026

=== Log started: Mon Jun 22 22:17:42 2026

=== Log started: Mon Jun 22 22:17:47 2026

=== Log started: Mon Jun 22 22:17:52 2026

=== Log started: Mon Jun 22 22:17:58 2026

=== Log started: Mon Jun 22 22:18:03 2026

=== Log started: Mon Jun 22 22:18:08 2026

=== Log started: Mon Jun 22 22:18:13 2026

=== Log started: Mon Jun 22 22:18:18 2026

=== Log started: Mon Jun 22 22:18:23 2026

=== Log started: Mon Jun 22 22:18:28 2026

=== Log started: Mon Jun 22 22:18:33 2026

=== Log started: Mon Jun 22 22:18:39 2026

=== Log started: Mon Jun 22 22:18:44 2026

=== Log started: Mon Jun 22 22:18:49 2026

=== Log started: Mon Jun 22 22:18:54 2026

=== Log started: Mon Jun 22 22:18:59 2026

=== Log started: Mon Jun 22 22:19:04 2026

=== Log started: Mon Jun 22 22:19:09 2026

=== Log started: Mon Jun 22 22:19:14 2026

=== Log started: Mon Jun 22 22:19:20 2026

=== Log started: Mon Jun 22 22:19:25 2026

=== Log started: Mon Jun 22 22:19:30 2026

=== Log started: Mon Jun 22 22:19:30 2026

=== Log started: Mon Jun 22 22:19:33 2026

=== Log started: Mon Jun 22 22:19:38 2026

=== Log started: Mon Jun 22 22:19:45 2026

=== Log started: Mon Jun 22 22:19:50 2026

=== Log started: Mon Jun 22 22:19:55 2026

=== Log started: Mon Jun 22 22:20:01 2026

=== Log started: Mon Jun 22 22:20:06 2026

=== Log started: Mon Jun 22 22:20:11 2026

=== Log started: Mon Jun 22 22:20:16 2026

=== Log started: Mon Jun 22 22:20:21 2026

=== Log started: Mon Jun 22 22:20:26 2026

=== Log started: Mon Jun 22 22:20:31 2026

=== Log started: Mon Jun 22 22:20:36 2026

=== Log started: Mon Jun 22 22:20:41 2026

=== Log started: Mon Jun 22 22:20:47 2026

=== Log started: Mon Jun 22 22:20:52 2026

=== Log started: Mon Jun 22 22:20:57 2026

=== Log started: Mon Jun 22 22:21:02 2026

=== Log started: Mon Jun 22 22:21:07 2026

=== Log started: Mon Jun 22 22:21:12 2026

=== Log started: Mon Jun 22 22:21:17 2026

=== Log started: Mon Jun 22 22:21:22 2026

=== Log started: Mon Jun 22 22:21:28 2026

=== Log started: Mon Jun 22 22:21:33 2026

=== Log started: Mon Jun 22 22:21:38 2026

=== Log started: Mon Jun 22 22:21:43 2026

=== Log started: Mon Jun 22 22:21:48 2026

=== Log started: Mon Jun 22 22:21:53 2026

=== Log started: Mon Jun 22 22:21:58 2026

=== Log started: Mon Jun 22 22:22:03 2026

=== Log started: Mon Jun 22 22:22:09 2026

=== Log started: Mon Jun 22 22:22:14 2026

=== Log started: Mon Jun 22 22:22:19 2026

=== Log started: Mon Jun 22 22:22:24 2026

=== Log started: Mon Jun 22 22:22:29 2026

=== Log started: Mon Jun 22 22:22:34 2026

=== Log started: Mon Jun 22 22:22:39 2026

=== Log started: Mon Jun 22 22:22:44 2026

=== Log started: Mon Jun 22 22:22:50 2026

=== Log started: Mon Jun 22 22:22:55 2026

=== Log started: Mon Jun 22 22:23:00 2026

=== Log started: Mon Jun 22 22:23:05 2026

=== Log started: Mon Jun 22 22:23:10 2026

=== Log started: Mon Jun 22 22:23:15 2026

=== Log started: Mon Jun 22 22:23:20 2026

=== Log started: Mon Jun 22 22:23:25 2026

=== Log started: Mon Jun 22 22:23:31 2026

=== Log started: Mon Jun 22 22:23:36 2026

=== Log started: Mon Jun 22 22:23:41 2026

=== Log started: Mon Jun 22 22:23:46 2026

=== Log started: Mon Jun 22 22:23:51 2026

=== Log started: Mon Jun 22 22:23:56 2026

=== Log started: Mon Jun 22 22:24:01 2026

=== Log started: Mon Jun 22 22:24:06 2026

=== Log started: Mon Jun 22 22:24:12 2026

=== Log started: Mon Jun 22 22:24:17 2026

=== Log started: Mon Jun 22 22:24:22 2026

=== Log started: Mon Jun 22 22:24:27 2026

=== Log started: Mon Jun 22 22:24:32 2026

=== Log started: Mon Jun 22 22:24:37 2026

=== Log started: Mon Jun 22 22:24:42 2026

=== Log started: Mon Jun 22 22:24:47 2026

=== Log started: Mon Jun 22 22:24:53 2026

=== Log started: Mon Jun 22 22:24:58 2026

=== Log started: Mon Jun 22 22:25:03 2026

=== Log started: Mon Jun 22 22:25:08 2026

=== Log started: Mon Jun 22 22:25:13 2026

=== Log started: Mon Jun 22 22:25:18 2026

=== Log started: Mon Jun 22 22:25:23 2026

=== Log started: Mon Jun 22 22:25:28 2026

=== Log started: Mon Jun 22 22:25:34 2026

=== Log started: Mon Jun 22 22:25:39 2026

=== Log started: Mon Jun 22 22:25:44 2026

=== Log started: Mon Jun 22 22:25:49 2026

=== Log started: Mon Jun 22 22:25:54 2026

=== Log started: Mon Jun 22 22:25:59 2026

=== Log started: Mon Jun 22 22:26:04 2026

=== Log started: Mon Jun 22 22:26:09 2026

=== Log started: Mon Jun 22 22:26:14 2026

=== Log started: Mon Jun 22 22:26:20 2026

=== Log started: Mon Jun 22 22:26:25 2026

=== Log started: Mon Jun 22 22:26:30 2026

=== Log started: Mon Jun 22 22:26:35 2026

=== Log started: Mon Jun 22 22:26:40 2026

=== Log started: Mon Jun 22 22:26:45 2026

=== Log started: Mon Jun 22 22:26:50 2026

=== Log started: Mon Jun 22 22:26:55 2026

=== Log started: Mon Jun 22 22:27:01 2026

=== Log started: Mon Jun 22 22:27:06 2026

=== Log started: Mon Jun 22 22:27:11 2026

=== Log started: Mon Jun 22 22:27:16 2026

=== Log started: Mon Jun 22 22:27:21 2026

=== Log started: Mon Jun 22 22:27:43 2026

=== Log started: Mon Jun 22 22:27:45 2026
67265.672 [CRASH] [shim] Shim init: pid=894 ppid=761

=== Log started: Mon Jun 22 22:27:45 2026

=== Log started: Mon Jun 22 22:27:45 2026

=== Log started: Tue Jun 23 12:15:23 2026

=== Log started: Tue Jun 23 12:15:25 2026
16925.900 [CRASH] [shim] Shim init: pid=891 ppid=759

=== Log started: Tue Jun 23 12:15:26 2026

=== Log started: Tue Jun 23 12:15:26 2026

=== Log started: Wed Jun 24 19:18:32 2026

=== Log started: Wed Jun 24 19:18:34 2026
28714.585 [CRASH] [shim] Shim init: pid=912 ppid=779

=== Log started: Wed Jun 24 19:18:34 2026

=== Log started: Wed Jun 24 19:18:34 2026

=== Log started: Wed Jun 24 19:21:34 2026

=== Log started: Wed Jun 24 19:21:36 2026
28896.826 [CRASH] [shim] Shim init: pid=895 ppid=763

=== Log started: Wed Jun 24 19:21:37 2026

=== Log started: Wed Jun 24 19:21:37 2026

=== Log started: Fri Jul  3 11:56:36 2026

=== Log started: Fri Jul  3 11:56:38 2026
79798.724 [CRASH] [shim] Shim init: pid=909 ppid=776

=== Log started: Fri Jul  3 11:56:38 2026

=== Log started: Fri Jul  3 11:56:38 2026

=== Log started: Fri Jul  3 23:44:30 2026

=== Log started: Fri Jul  3 23:44:32 2026
22272.381 [CRASH] [shim] Shim init: pid=899 ppid=759

=== Log started: Fri Jul  3 23:44:32 2026

=== Log started: Fri Jul  3 23:44:32 2026

=== Log started: Tue Sep 22 13:53:34 2026

=== Log started: Tue Sep 22 13:41:35 2026
84495.207 [CRASH] [shim] Shim init: pid=911 ppid=778

=== Log started: Tue Sep 22 13:41:35 2026

=== Log started: Tue Sep 22 13:41:35 2026

=== Log started: Tue Sep 22 14:11:50 2026

=== Log started: Tue Sep 22 14:11:53 2026
86313.14 [CRASH] [shim] Shim init: pid=909 ppid=777

=== Log started: Tue Sep 22 14:11:53 2026

=== Log started: Tue Sep 22 14:11:53 2026

=== Log started: Tue Sep 22 15:12:06 2026

=== Log started: Tue Sep 22 15:12:08 2026
89928.674 [CRASH] [shim] Shim init: pid=925 ppid=780

=== Log started: Tue Sep 22 15:12:08 2026

=== Log started: Tue Sep 22 15:12:09 2026
89994.219 [CRASH] [shim] Caught SIGSEGV si_addr=0x39e40004a09e0 pc=0x39e40004a09e0 lr=0x39e40004a09e0 sp=0x7fabfc8820 - terminating

=== Log started: Tue Sep 22 15:13:17 2026
=== Log ended: Tue Sep 22 15:13:17 2026


=== Log started: Tue Sep 22 15:13:18 2026
89998.376 [CRASH] [shim] Shim init: pid=1104 ppid=780
16:45:49.735 [DEBUG] [shadow] widgets: id="" params=0 vizKinds=[]
16:45:49.892 [DEBUG] [shadow] ui_view: parampages slot=0 component=global_settings step_observe_want=true
16:45:50.012 [DEBUG] [shadow_ui] param_giveup: claim=0 response=0 error=3 last_key=global_settings_module | claimwedge: rt=0 rr=0 blocked=0ms | slow>=90ms: n=0 worst=0ms key=- where=-
16:45:50.012 [DEBUG] [shadow] widgets: id="" params=0 vizKinds=[]
16:45:50.262 [DEBUG] [shadow] widgets: id="" params=0 vizKinds=[]
16:45:50.537 [DEBUG] [shadow] widgets: id="" params=0 vizKinds=[]
16:45:50.787 [DEBUG] [shadow] widgets: id="" params=0 vizKinds=[]
16:45:50.940 [DEBUG] [shadow] ui_view: parampages slot=0 component=global_settings step_observe_want=true
16:45:51.059 [DEBUG] [shadow_ui] param_giveup: claim=0 response=0 error=4 last_key=global_settings_module | claimwedge: rt=0 rr=0 blocked=0ms | slow>=90ms: n=0 worst=0ms key=- where=-
16:45:51.059 [DEBUG] [shadow] widgets: id="" params=0 vizKinds=[]
16:45:51.309 [DEBUG] [shadow] widgets: id="" params=0 vizKinds=[]
16:45:51.582 [DEBUG] [shadow] widgets: id="" params=0 vizKinds=[]
16:45:51.831 [DEBUG] [shadow] widgets: id="" params=0 vizKinds=[]
16:45:51.985 [DEBUG] [shadow] ui_view: parampages slot=0 component=global_settings step_observe_want=true
16:45:52.104 [DEBUG] [shadow_ui] param_giveup: claim=0 response=0 error=4 last_key=global_settings_module | claimwedge: rt=0 rr=0 blocked=0ms | slow>=90ms: n=0 worst=0ms key=- where=-
16:45:52.104 [DEBUG] [shadow] widgets: id="" params=0 vizKinds=[]
16:45:52.354 [DEBUG] [shadow] widgets: id="" params=0 vizKinds=[]
16:45:52.628 [DEBUG] [shadow] widgets: id="" params=0 vizKinds=[]
16:45:52.876 [DEBUG] [shadow] widgets: id="" params=0 vizKinds=[]
16:45:53.030 [DEBUG] [shadow] ui_view: parampages slot=0 component=global_settings step_observe_want=true
16:45:53.149 [DEBUG] [shadow_ui] param_giveup: claim=0 response=0 error=4 last_key=global_settings_module | claimwedge: rt=0 rr=0 blocked=0ms | slow>=90ms: n=0 worst=0ms key=- where=-
16:45:53.149 [DEBUG] [shadow] widgets: id="" params=0 vizKinds=[]
16:45:53.399 [DEBUG] [shadow] widgets: id="" params=0 vizKinds=[]
16:45:53.671 [DEBUG] [shadow] widgets: id="" params=0 vizKinds=[]
16:45:53.921 [DEBUG] [shadow] widgets: id="" params=0 vizKinds=[]
16:45:54.075 [DEBUG] [shadow] ui_view: parampages slot=0 component=global_settings step_observe_want=true
16:45:54.194 [DEBUG] [shadow_ui] param_giveup: claim=0 response=0 error=4 last_key=global_settings_module | claimwedge: rt=0 rr=0 blocked=0ms | slow>=90ms: n=0 worst=0ms key=- where=-
16:45:54.194 [DEBUG] [shadow] widgets: id="" params=0 vizKinds=[]
16:45:54.444 [DEBUG] [shadow] widgets: id="" params=0 vizKinds=[]
16:45:54.717 [DEBUG] [shadow] widgets: id="" params=0 vizKinds=[]
16:45:54.966 [DEBUG] [shadow] widgets: id="" params=0 vizKinds=[]
16:45:55.120 [DEBUG] [shadow] ui_view: parampages slot=0 component=global_settings step_observe_want=true
16:45:55.239 [DEBUG] [shadow_ui] param_giveup: claim=0 response=0 error=4 last_key=global_settings_module | claimwedge: rt=0 rr=0 blocked=0ms | slow>=90ms: n=0 worst=0ms key=- where=-
16:45:55.240 [DEBUG] [shadow] widgets: id="" params=0 vizKinds=[]
16:45:55.488 [DEBUG] [shadow] widgets: id="" params=0 vizKinds=[]
16:45:55.764 [DEBUG] [shadow] widgets: id="" params=0 vizKinds=[]
16:45:56.014 [DEBUG] [shadow_ui] param_giveup: claim=0 response=0 error=3 last_key=global_settings_module | claimwedge: rt=0 rr=0 blocked=0ms | slow>=90ms: n=0 worst=0ms key=- where=-
16:45:56.014 [DEBUG] [shadow] widgets: id="" params=0 vizKinds=[]
16:45:56.167 [DEBUG] [shadow] ui_view: parampages slot=0 component=global_settings step_observe_want=true
16:45:56.287 [DEBUG] [shadow] widgets: id="" params=0 vizKinds=[]
16:45:56.537 [DEBUG] [shadow] widgets: id="" params=0 vizKinds=[]
16:45:56.810 [DEBUG] [shadow] widgets: id="" params=0 vizKinds=[]
16:45:57.059 [DEBUG] [shadow_ui] param_giveup: claim=0 response=0 error=4 last_key=global_settings_module | claimwedge: rt=0 rr=0 blocked=0ms | slow>=90ms: n=0 worst=0ms key=- where=-
16:45:57.059 [DEBUG] [shadow] widgets: id="" params=0 vizKinds=[]
16:45:57.213 [DEBUG] [shadow] ui_view: parampages slot=0 component=global_settings step_observe_want=true
16:45:57.332 [DEBUG] [shadow] widgets: id="" params=0 vizKinds=[]
16:45:57.582 [DEBUG] [shadow] widgets: id="" params=0 vizKinds=[]
16:45:57.854 [DEBUG] [shadow] widgets: id="" params=0 vizKinds=[]
16:45:58.104 [DEBUG] [shadow_ui] param_giveup: claim=0 response=0 error=4 last_key=global_settings_module | claimwedge: rt=0 rr=0 blocked=0ms | slow>=90ms: n=0 worst=0ms key=- where=-
16:45:58.104 [DEBUG] [shadow] widgets: id="" params=0 vizKinds=[]
16:45:58.257 [DEBUG] [shadow] ui_view: parampages slot=0 component=global_settings step_observe_want=true
16:45:58.377 [DEBUG] [shadow] widgets: id="" params=0 vizKinds=[]
16:45:58.626 [DEBUG] [shadow] widgets: id="" params=0 vizKinds=[]
16:45:58.900 [DEBUG] [shadow] widgets: id="" params=0 vizKinds=[]
16:45:59.149 [DEBUG] [shadow_ui] param_giveup: claim=0 response=0 error=4 last_key=global_settings_module | claimwedge: rt=0 rr=0 blocked=0ms | slow>=90ms: n=0 worst=0ms key=- where=-
16:45:59.149 [DEBUG] [shadow] widgets: id="" params=0 vizKinds=[]
16:45:59.302 [DEBUG] [shadow] ui_view: parampages slot=0 component=global_settings step_observe_want=true
16:45:59.422 [DEBUG] [shadow] widgets: id="" params=0 vizKinds=[]
16:45:59.672 [DEBUG] [shadow] widgets: id="" params=0 vizKinds=[]
16:45:59.944 [DEBUG] [shadow] widgets: id="" params=0 vizKinds=[]
16:46:00.194 [DEBUG] [shadow_ui] param_giveup: claim=0 response=0 error=4 last_key=global_settings_module | claimwedge: rt=0 rr=0 blocked=0ms | slow>=90ms: n=0 worst=0ms key=- where=-
16:46:00.194 [DEBUG] [shadow] widgets: id="" params=0 vizKinds=[]
16:46:00.348 [DEBUG] [shadow] ui_view: parampages slot=0 component=global_settings step_observe_want=true
16:46:00.467 [DEBUG] [shadow] widgets: id="" params=0 vizKinds=[]
16:46:00.716 [DEBUG] [shadow] widgets: id="" params=0 vizKinds=[]
16:46:00.992 [DEBUG] [shadow] widgets: id="" params=0 vizKinds=[]
16:46:01.242 [DEBUG] [shadow_ui] param_giveup: claim=0 response=0 error=4 last_key=global_settings_module | claimwedge: rt=0 rr=0 blocked=0ms | slow>=90ms: n=0 worst=0ms key=- where=-
16:46:01.242 [DEBUG] [shadow] widgets: id="" params=0 vizKinds=[]
16:46:01.395 [DEBUG] [shadow] ui_view: parampages slot=0 component=global_settings step_observe_want=true
16:46:01.514 [DEBUG] [shadow] widgets: id="" params=0 vizKinds=[]
16:46:01.764 [DEBUG] [shadow] widgets: id="" params=0 vizKinds=[]
16:46:02.038 [DEBUG] [shadow_ui] param_giveup: claim=0 response=0 error=3 last_key=global_settings_module | claimwedge: rt=0 rr=0 blocked=0ms | slow>=90ms: n=0 worst=0ms key=- where=-
16:46:02.038 [DEBUG] [shadow] widgets: id="" params=0 vizKinds=[]
16:46:02.287 [DEBUG] [shadow] widgets: id="" params=0 vizKinds=[]
16:46:02.440 [DEBUG] [shadow] ui_view: parampages slot=0 component=global_settings step_observe_want=true
16:46:02.560 [DEBUG] [shadow] widgets: id="" params=0 vizKinds=[]
16:46:02.810 [DEBUG] [shadow] widgets: id="" params=0 vizKinds=[]
16:46:03.083 [DEBUG] [shadow_ui] param_giveup: claim=0 response=0 error=4 last_key=global_settings_module | claimwedge: rt=0 rr=0 blocked=0ms | slow>=90ms: n=0 worst=0ms key=- where=-
16:46:03.083 [DEBUG] [shadow] widgets: id="" params=0 vizKinds=[]
16:46:03.332 [DEBUG] [shadow] widgets: id="" params=0 vizKinds=[]
16:46:03.485 [DEBUG] [shadow] ui_view: parampages slot=0 component=global_settings step_observe_want=true
16:46:03.605 [DEBUG] [shadow] widgets: id="" params=0 vizKinds=[]
16:46:03.854 [DEBUG] [shadow] widgets: id="" params=0 vizKinds=[]
16:46:04.127 [DEBUG] [shadow_ui] param_giveup: claim=0 response=0 error=4 last_key=global_settings_module | claimwedge: rt=0 rr=0 blocked=0ms | slow>=90ms: n=0 worst=0ms key=- where=-
16:46:04.127 [DEBUG] [shadow] widgets: id="" params=0 vizKinds=[]
16:46:04.377 [DEBUG] [shadow] widgets: id="" params=0 vizKinds=[]
16:46:04.530 [DEBUG] [shadow] ui_view: parampages slot=0 component=global_settings step_observe_want=true
16:46:04.649 [DEBUG] [shadow] widgets: id="" params=0 vizKinds=[]
16:46:04.899 [DEBUG] [shadow] widgets: id="" params=0 vizKinds=[]
16:46:05.172 [DEBUG] [shadow_ui] param_giveup: claim=0 response=0 error=4 last_key=global_settings_module | claimwedge: rt=0 rr=0 blocked=0ms | slow>=90ms: n=0 worst=0ms key=- where=-
16:46:05.172 [DEBUG] [shadow] widgets: id="" params=0 vizKinds=[]
16:46:05.422 [DEBUG] [shadow] widgets: id="" params=0 vizKinds=[]
16:46:05.578 [DEBUG] [shadow] ui_view: parampages slot=0 component=global_settings step_observe_want=true
16:46:05.697 [DEBUG] [shadow] widgets: id="" params=0 vizKinds=[]
16:46:05.947 [DEBUG] [shadow] widgets: id="" params=0 vizKinds=[]
16:46:06.221 [DEBUG] [shadow_ui] param_giveup: claim=0 response=0 error=4 last_key=global_settings_module | claimwedge: rt=0 rr=0 blocked=0ms | slow>=90ms: n=0 worst=0ms key=- where=-
16:46:06.221 [DEBUG] [shadow] widgets: id="" params=0 vizKinds=[]
16:46:06.469 [DEBUG] [shadow] widgets: id="" params=0 vizKinds=[]
16:46:06.624 [DEBUG] [shadow] ui_view: parampages slot=0 component=global_settings step_observe_want=true
16:46:06.743 [DEBUG] [shadow] widgets: id="" params=0 vizKinds=[]
16:46:06.992 [DEBUG] [shadow] widgets: id="" params=0 vizKinds=[]
16:46:07.267 [DEBUG] [shadow_ui] param_giveup: claim=0 response=0 error=4 last_key=global_settings_module | claimwedge: rt=0 rr=0 blocked=0ms | slow>=90ms: n=0 worst=0ms key=- where=-
16:46:07.268 [DEBUG] [shadow] widgets: id="" params=0 vizKinds=[]
16:46:07.517 [DEBUG] [shadow] widgets: id="" params=0 vizKinds=[]
16:46:07.671 [DEBUG] [shadow] ui_view: parampages slot=0 component=global_settings step_observe_want=true
16:46:07.790 [DEBUG] [shadow] widgets: id="" params=0 vizKinds=[]
16:46:08.040 [DEBUG] [shadow_ui] param_giveup: claim=0 response=0 error=3 last_key=global_settings_module | claimwedge: rt=0 rr=0 blocked=0ms | slow>=90ms: n=0 worst=0ms key=- where=-
16:46:08.040 [DEBUG] [shadow] widgets: id="" params=0 vizKinds=[]
16:46:08.312 [DEBUG] [shadow] widgets: id="" params=0 vizKinds=[]
16:46:08.562 [DEBUG] [shadow] widgets: id="" params=0 vizKinds=[]
16:46:08.716 [DEBUG] [shadow] ui_view: parampages slot=0 component=global_settings step_observe_want=true
16:46:08.835 [DEBUG] [shadow] widgets: id="" params=0 vizKinds=[]
16:46:09.085 [DEBUG] [shadow_ui] param_giveup: claim=0 response=0 error=4 last_key=global_settings_module | claimwedge: rt=0 rr=0 blocked=0ms | slow>=90ms: n=0 worst=0ms key=- where=-
16:46:09.085 [DEBUG] [shadow] widgets: id="" params=0 vizKinds=[]
16:46:09.358 [DEBUG] [shadow] widgets: id="" params=0 vizKinds=[]
16:46:09.607 [DEBUG] [shadow] widgets: id="" params=0 vizKinds=[]
16:46:09.761 [DEBUG] [shadow] ui_view: parampages slot=0 component=global_settings step_observe_want=true
16:46:09.881 [DEBUG] [shadow] widgets: id="" params=0 vizKinds=[]
16:46:10.130 [DEBUG] [shadow_ui] param_giveup: claim=0 response=0 error=4 last_key=global_settings_module | claimwedge: rt=0 rr=0 blocked=0ms | slow>=90ms: n=0 worst=0ms key=- where=-
16:46:10.130 [DEBUG] [shadow] widgets: id="" params=0 vizKinds=[]
16:46:10.402 [DEBUG] [shadow] widgets: id="" params=0 vizKinds=[]
16:46:10.652 [DEBUG] [shadow] widgets: id="" params=0 vizKinds=[]
16:46:10.806 [DEBUG] [shadow] ui_view: parampages slot=0 component=global_settings step_observe_want=true
16:46:10.925 [DEBUG] [shadow] widgets: id="" params=0 vizKinds=[]
16:46:11.175 [DEBUG] [shadow_ui] param_giveup: claim=0 response=0 error=4 last_key=global_settings_module | claimwedge: rt=0 rr=0 blocked=0ms | slow>=90ms: n=0 worst=0ms key=- where=-
16:46:11.175 [DEBUG] [shadow] widgets: id="" params=0 vizKinds=[]
16:46:11.448 [DEBUG] [shadow] widgets: id="" params=0 vizKinds=[]
16:46:11.697 [DEBUG] [shadow] widgets: id="" params=0 vizKinds=[]
16:46:11.851 [DEBUG] [shadow] ui_view: parampages slot=0 component=global_settings step_observe_want=true
16:46:11.970 [DEBUG] [shadow] widgets: id="" params=0 vizKinds=[]
16:46:12.220 [DEBUG] [shadow_ui] param_giveup: claim=0 response=0 error=4 last_key=global_settings_module | claimwedge: rt=0 rr=0 blocked=0ms | slow>=90ms: n=0 worst=0ms key=- where=-
16:46:12.221 [DEBUG] [shadow] widgets: id="" params=0 vizKinds=[]
16:46:12.495 [DEBUG] [shadow] widgets: id="" params=0 vizKinds=[]
16:46:12.745 [DEBUG] [shadow] widgets: id="" params=0 vizKinds=[]
16:46:12.899 [DEBUG] [shadow] ui_view: parampages slot=0 component=global_settings step_observe_want=true
16:46:13.018 [DEBUG] [shadow_ui] param_giveup: claim=0 response=0 error=3 last_key=global_settings_module | claimwedge: rt=0 rr=0 blocked=0ms | slow>=90ms: n=0 worst=0ms key=- where=-
16:46:13.018 [DEBUG] [shadow] widgets: id="" params=0 vizKinds=[]
16:46:13.268 [DEBUG] [shadow] widgets: id="" params=0 vizKinds=[]
16:46:13.540 [DEBUG] [shadow] widgets: id="" params=0 vizKinds=[]
16:46:13.790 [DEBUG] [shadow] widgets: id="" params=0 vizKinds=[]
16:46:13.943 [DEBUG] [shadow] ui_view: parampages slot=0 component=global_settings step_observe_want=true
16:46:14.064 [DEBUG] [shadow_ui] param_giveup: claim=0 response=0 error=4 last_key=global_settings_module | claimwedge: rt=0 rr=0 blocked=0ms | slow>=90ms: n=0 worst=0ms key=- where=-
16:46:14.064 [DEBUG] [shadow] widgets: id="" params=0 vizKinds=[]
16:46:14.312 [DEBUG] [shadow] widgets: id="" params=0 vizKinds=[]
16:46:14.586 [DEBUG] [shadow] widgets: id="" params=0 vizKinds=[]
16:46:14.835 [DEBUG] [shadow] widgets: id="" params=0 vizKinds=[]
16:46:14.989 [DEBUG] [shadow] ui_view: parampages slot=0 component=global_settings step_observe_want=true
16:46:15.108 [DEBUG] [shadow_ui] param_giveup: claim=0 response=0 error=4 last_key=global_settings_module | claimwedge: rt=0 rr=0 blocked=0ms | slow>=90ms: n=0 worst=0ms key=- where=-
16:46:15.109 [DEBUG] [shadow] widgets: id="" params=0 vizKinds=[]
16:46:15.357 [DEBUG] [shadow] widgets: id="" params=0 vizKinds=[]
16:46:15.633 [DEBUG] [shadow] widgets: id="" params=0 vizKinds=[]
16:46:15.883 [DEBUG] [shadow] widgets: id="" params=0 vizKinds=[]
16:46:16.039 [DEBUG] [shadow] ui_view: parampages slot=0 component=global_settings step_observe_want=true
16:46:16.159 [DEBUG] [shadow_ui] param_giveup: claim=0 response=0 error=4 last_key=global_settings_module | claimwedge: rt=0 rr=0 blocked=0ms | slow>=90ms: n=0 worst=0ms key=- where=-
16:46:16.160 [DEBUG] [shadow] widgets: id="" params=0 vizKinds=[]
16:46:16.408 [DEBUG] [shadow] widgets: id="" params=0 vizKinds=[]
16:46:16.682 [DEBUG] [shadow] widgets: id="" params=0 vizKinds=[]
16:46:16.931 [DEBUG] [shadow] widgets: id="" params=0 vizKinds=[]
16:46:17.084 [DEBUG] [shadow] ui_view: parampages slot=0 component=global_settings step_observe_want=true
16:46:17.204 [DEBUG] [shadow_ui] param_giveup: claim=0 response=0 error=4 last_key=global_settings_module | claimwedge: rt=0 rr=0 blocked=0ms | slow>=90ms: n=0 worst=0ms key=- where=-
16:46:17.204 [DEBUG] [shadow] widgets: id="" params=0 vizKinds=[]
16:46:17.454 [DEBUG] [shadow] widgets: id="" params=0 vizKinds=[]
16:46:17.726 [DEBUG] [shadow] widgets: id="" params=0 vizKinds=[]
16:46:17.976 [DEBUG] [shadow] widgets: id="" params=0 vizKinds=[]
16:46:18.129 [DEBUG] [shadow] ui_view: parampages slot=0 component=global_settings step_observe_want=true
16:46:18.248 [DEBUG] [shadow_ui] param_giveup: claim=0 response=0 error=4 last_key=global_settings_module | claimwedge: rt=0 rr=0 blocked=0ms | slow>=90ms: n=0 worst=0ms key=- where=-
16:46:18.249 [DEBUG] [shadow] widgets: id="" params=0 vizKinds=[]
16:46:18.498 [DEBUG] [shadow] widgets: id="" params=0 vizKinds=[]
16:46:18.771 [DEBUG] [shadow] widgets: id="" params=0 vizKinds=[]
16:46:19.021 [DEBUG] [shadow_ui] param_giveup: claim=0 response=0 error=3 last_key=global_settings_module | claimwedge: rt=0 rr=0 blocked=0ms | slow>=90ms: n=0 worst=0ms key=- where=-
16:46:19.021 [DEBUG] [shadow] widgets: id="" params=0 vizKinds=[]
16:46:19.174 [DEBUG] [shadow] ui_view: parampages slot=0 component=global_settings step_observe_want=true
16:46:19.294 [DEBUG] [shadow] widgets: id="" params=0 vizKinds=[]
16:46:19.544 [DEBUG] [shadow] widgets: id="" params=0 vizKinds=[]
16:46:19.816 [DEBUG] [shadow] widgets: id="" params=0 vizKinds=[]
16:46:20.066 [DEBUG] [shadow_ui] param_giveup: claim=0 response=0 error=4 last_key=global_settings_module | claimwedge: rt=0 rr=0 blocked=0ms | slow>=90ms: n=0 worst=0ms key=- where=-
16:46:20.066 [DEBUG] [shadow] widgets: id="" params=0 vizKinds=[]
16:46:20.219 [DEBUG] [shadow] ui_view: parampages slot=0 component=global_settings step_observe_want=true
16:46:20.339 [DEBUG] [shadow] widgets: id="" params=0 vizKinds=[]
16:46:20.589 [DEBUG] [shadow] widgets: id="" params=0 vizKinds=[]
16:46:20.862 [DEBUG] [shadow] widgets: id="" params=0 vizKinds=[]
16:46:21.110 [DEBUG] [shadow_ui] param_giveup: claim=0 response=0 error=4 last_key=global_settings_module | claimwedge: rt=0 rr=0 blocked=0ms | slow>=90ms: n=0 worst=0ms key=- where=-
16:46:21.111 [DEBUG] [shadow] widgets: id="" params=0 vizKinds=[]
16:46:21.264 [DEBUG] [shadow] ui_view: parampages slot=0 component=global_settings step_observe_want=true
16:46:21.383 [DEBUG] [shadow] widgets: id="" params=0 vizKinds=[]
16:46:21.633 [DEBUG] [shadow] widgets: id="" params=0 vizKinds=[]
16:46:21.906 [DEBUG] [shadow] widgets: id="" params=0 vizKinds=[]
16:46:22.156 [DEBUG] [shadow_ui] param_giveup: claim=0 response=0 error=4 last_key=global_settings_module | claimwedge: rt=0 rr=0 blocked=0ms | slow>=90ms: n=0 worst=0ms key=- where=-
16:46:22.156 [DEBUG] [shadow] widgets: id="" params=0 vizKinds=[]
16:46:22.312 [DEBUG] [shadow] ui_view: parampages slot=0 component=global_settings step_observe_want=true
16:46:22.432 [DEBUG] [shadow] widgets: id="" params=0 vizKinds=[]
16:46:22.681 [DEBUG] [shadow] widgets: id="" params=0 vizKinds=[]
16:46:22.954 [DEBUG] [shadow] widgets: id="" params=0 vizKinds=[]
16:46:23.204 [DEBUG] [shadow_ui] param_giveup: claim=0 response=0 error=4 last_key=global_settings_module | claimwedge: rt=0 rr=0 blocked=0ms | slow>=90ms: n=0 worst=0ms key=- where=-
16:46:23.204 [DEBUG] [shadow] widgets: id="" params=0 vizKinds=[]
16:46:23.356 [DEBUG] [shadow] ui_view: parampages slot=0 component=global_settings step_observe_want=true
16:46:23.476 [DEBUG] [shadow] widgets: id="" params=0 vizKinds=[]
16:46:23.726 [DEBUG] [shadow] widgets: id="" params=0 vizKinds=[]
16:46:23.999 [DEBUG] [shadow] widgets: id="" params=0 vizKinds=[]
16:46:24.248 [DEBUG] [shadow_ui] param_giveup: claim=0 response=0 error=4 last_key=global_settings_module | claimwedge: rt=0 rr=0 blocked=0ms | slow>=90ms: n=0 worst=0ms key=- where=-
16:46:24.249 [DEBUG] [shadow] widgets: id="" params=0 vizKinds=[]
16:46:24.402 [DEBUG] [shadow] ui_view: parampages slot=0 component=global_settings step_observe_want=true
16:46:24.521 [DEBUG] [shadow] widgets: id="" params=0 vizKinds=[]
16:46:24.771 [DEBUG] [shadow] widgets: id="" params=0 vizKinds=[]
16:46:25.043 [DEBUG] [shadow_ui] param_giveup: claim=0 response=0 error=3 last_key=global_settings_module | claimwedge: rt=0 rr=0 blocked=0ms | slow>=90ms: n=0 worst=0ms key=- where=-
16:46:25.044 [DEBUG] [shadow] widgets: id="" params=0 vizKinds=[]
16:46:25.293 [DEBUG] [shadow] widgets: id="" params=0 vizKinds=[]
16:46:25.446 [DEBUG] [shadow] ui_view: parampages slot=0 component=global_settings step_observe_want=true
16:46:25.567 [DEBUG] [shadow] widgets: id="" params=0 vizKinds=[]
16:46:25.816 [DEBUG] [shadow] widgets: id="" params=0 vizKinds=[]
16:46:26.088 [DEBUG] [shadow_ui] param_giveup: claim=0 response=0 error=4 last_key=global_settings_module | claimwedge: rt=0 rr=0 blocked=0ms | slow>=90ms: n=0 worst=0ms key=- where=-
16:46:26.089 [DEBUG] [shadow] widgets: id="" params=0 vizKinds=[]
16:46:26.338 [DEBUG] [shadow] widgets: id="" params=0 vizKinds=[]
16:46:26.506 [DEBUG] [shadow] ui_view: parampages slot=0 component=global_settings step_observe_want=true
16:46:26.625 [DEBUG] [shadow] widgets: id="" params=0 vizKinds=[]
16:46:26.875 [DEBUG] [shadow] widgets: id="" params=0 vizKinds=[]
16:46:27.148 [DEBUG] [shadow_ui] param_giveup: claim=0 response=0 error=4 last_key=global_settings_module | claimwedge: rt=0 rr=0 blocked=0ms | slow>=90ms: n=0 worst=0ms key=- where=-
16:46:27.148 [DEBUG] [shadow] widgets: id="" params=0 vizKinds=[]
16:46:27.398 [DEBUG] [shadow] widgets: id="" params=0 vizKinds=[]
16:46:27.552 [DEBUG] [shadow] ui_view: parampages slot=0 component=global_settings step_observe_want=true
16:46:27.671 [DEBUG] [shadow] widgets: id="" params=0 vizKinds=[]
16:46:27.920 [DEBUG] [shadow] widgets: id="" params=0 vizKinds=[]
16:46:28.196 [DEBUG] [shadow_ui] param_giveup: claim=0 response=0 error=4 last_key=global_settings_module | claimwedge: rt=0 rr=0 blocked=0ms | slow>=90ms: n=0 worst=0ms key=- where=-
16:46:28.196 [DEBUG] [shadow] widgets: id="" params=0 vizKinds=[]
16:46:28.446 [DEBUG] [shadow] widgets: id="" params=0 vizKinds=[]
16:46:28.599 [DEBUG] [shadow] ui_view: parampages slot=0 component=global_settings step_observe_want=true
16:46:28.719 [DEBUG] [shadow] widgets: id="" params=0 vizKinds=[]
16:46:28.968 [DEBUG] [shadow] widgets: id="" params=0 vizKinds=[]
16:46:29.242 [DEBUG] [shadow_ui] param_giveup: claim=0 response=0 error=4 last_key=global_settings_module | claimwedge: rt=0 rr=0 blocked=0ms | slow>=90ms: n=0 worst=0ms key=- where=-
16:46:29.242 [DEBUG] [shadow] widgets: id="" params=0 vizKinds=[]
16:46:29.491 [DEBUG] [shadow] widgets: id="" params=0 vizKinds=[]
16:46:29.644 [DEBUG] [shadow] ui_view: parampages slot=0 component=global_settings step_observe_want=true
16:46:29.764 [DEBUG] [shadow] widgets: id="" params=0 vizKinds=[]
16:46:30.013 [DEBUG] [shadow_ui] param_giveup: claim=0 response=0 error=3 last_key=global_settings_module | claimwedge: rt=0 rr=0 blocked=0ms | slow>=90ms: n=0 worst=0ms key=- where=-
16:46:30.013 [DEBUG] [shadow] widgets: id="" params=0 vizKinds=[]
16:46:30.289 [DEBUG] [shadow] widgets: id="" params=0 vizKinds=[]
16:46:30.539 [DEBUG] [shadow] widgets: id="" params=0 vizKinds=[]
16:46:30.691 [DEBUG] [shadow] ui_view: parampages slot=0 component=global_settings step_observe_want=true
16:46:30.812 [DEBUG] [shadow] widgets: id="" params=0 vizKinds=[]
16:46:31.061 [DEBUG] [shadow_ui] param_giveup: claim=0 response=0 error=4 last_key=global_settings_module | claimwedge: rt=0 rr=0 blocked=0ms | slow>=90ms: n=0 worst=0ms key=- where=-
16:46:31.061 [DEBUG] [shadow] widgets: id="" params=0 vizKinds=[]
16:46:31.334 [DEBUG] [shadow] widgets: id="" params=0 vizKinds=[]
16:46:31.584 [DEBUG] [shadow] widgets: id="" params=0 vizKinds=[]
16:46:31.740 [DEBUG] [shadow] ui_view: parampages slot=0 component=global_settings step_observe_want=true
16:46:31.859 [DEBUG] [shadow] widgets: id="" params=0 vizKinds=[]
16:46:32.109 [DEBUG] [shadow_ui] param_giveup: claim=0 response=0 error=4 last_key=global_settings_module | claimwedge: rt=0 rr=0 blocked=0ms | slow>=90ms: n=0 worst=0ms key=- where=-
16:46:32.109 [DEBUG] [shadow] widgets: id="" params=0 vizKinds=[]
16:46:32.382 [DEBUG] [shadow] widgets: id="" params=0 vizKinds=[]
16:46:32.631 [DEBUG] [shadow] widgets: id="" params=0 vizKinds=[]
16:46:32.788 [DEBUG] [shadow] ui_view: parampages slot=0 component=global_settings step_observe_want=true
16:46:32.907 [DEBUG] [shadow] widgets: id="" params=0 vizKinds=[]
16:46:33.157 [DEBUG] [shadow_ui] param_giveup: claim=0 response=0 error=4 last_key=global_settings_module | claimwedge: rt=0 rr=0 blocked=0ms | slow>=90ms: n=0 worst=0ms key=- where=-
16:46:33.157 [DEBUG] [shadow] widgets: id="" params=0 vizKinds=[]
16:46:33.429 [DEBUG] [shadow] widgets: id="" params=0 vizKinds=[]
16:46:33.679 [DEBUG] [shadow] widgets: id="" params=0 vizKinds=[]
16:46:33.834 [DEBUG] [shadow] ui_view: parampages slot=0 component=global_settings step_observe_want=true
16:46:33.952 [DEBUG] [shadow] widgets: id="" params=0 vizKinds=[]
16:46:34.201 [DEBUG] [shadow_ui] param_giveup: claim=0 response=0 error=4 last_key=global_settings_module | claimwedge: rt=0 rr=0 blocked=0ms | slow>=90ms: n=0 worst=0ms key=- where=-
16:46:34.201 [DEBUG] [shadow] widgets: id="" params=0 vizKinds=[]
16:46:34.478 [DEBUG] [shadow] widgets: id="" params=0 vizKinds=[]
16:46:34.727 [DEBUG] [shadow] widgets: id="" params=0 vizKinds=[]
16:46:34.883 [DEBUG] [shadow] ui_view: parampages slot=0 component=global_settings step_observe_want=true
16:46:35.004 [DEBUG] [shadow] widgets: id="" params=0 vizKinds=[]
16:46:35.252 [DEBUG] [shadow_ui] param_giveup: claim=0 response=0 error=4 last_key=global_settings_module | claimwedge: rt=0 rr=0 blocked=0ms | slow>=90ms: n=0 worst=0ms key=- where=-
16:46:35.253 [DEBUG] [shadow] widgets: id="" params=0 vizKinds=[]
16:46:35.525 [DEBUG] [shadow] widgets: id="" params=0 vizKinds=[]
16:46:35.775 [DEBUG] [shadow] widgets: id="" params=0 vizKinds=[]
16:46:35.928 [DEBUG] [shadow] ui_view: parampages slot=0 component=global_settings step_observe_want=true
16:46:36.048 [DEBUG] [shadow_ui] param_giveup: claim=0 response=0 error=3 last_key=global_settings_module | claimwedge: rt=0 rr=0 blocked=0ms | slow>=90ms: n=0 worst=0ms key=- where=-
16:46:36.049 [DEBUG] [shadow] widgets: id="" params=0 vizKinds=[]
16:46:36.297 [DEBUG] [shadow] widgets: id="" params=0 vizKinds=[]
16:46:36.570 [DEBUG] [shadow] widgets: id="" params=0 vizKinds=[]
16:46:36.820 [DEBUG] [shadow] widgets: id="" params=0 vizKinds=[]
16:46:36.976 [DEBUG] [shadow] ui_view: parampages slot=0 component=global_settings step_observe_want=true
16:46:37.096 [DEBUG] [shadow_ui] param_giveup: claim=0 response=0 error=4 last_key=global_settings_module | claimwedge: rt=0 rr=0 blocked=0ms | slow>=90ms: n=0 worst=0ms key=- where=-
16:46:37.096 [DEBUG] [shadow] widgets: id="" params=0 vizKinds=[]
16:46:37.345 [DEBUG] [shadow] widgets: id="" params=0 vizKinds=[]
16:46:37.619 [DEBUG] [shadow] widgets: id="" params=0 vizKinds=[]
16:46:37.868 [DEBUG] [shadow] widgets: id="" params=0 vizKinds=[]
16:46:38.021 [DEBUG] [shadow] ui_view: parampages slot=0 component=global_settings step_observe_want=true
16:46:38.140 [DEBUG] [shadow_ui] param_giveup: claim=0 response=0 error=4 last_key=global_settings_module | claimwedge: rt=0 rr=0 blocked=0ms | slow>=90ms: n=0 worst=0ms key=- where=-
16:46:38.140 [DEBUG] [shadow] widgets: id="" params=0 vizKinds=[]
16:46:38.390 [DEBUG] [shadow] widgets: id="" params=0 vizKinds=[]
16:46:38.663 [DEBUG] [shadow] widgets: id="" params=0 vizKinds=[]
16:46:38.913 [DEBUG] [shadow] widgets: id="" params=0 vizKinds=[]
16:46:39.066 [DEBUG] [shadow] ui_view: parampages slot=0 component=global_settings step_observe_want=true
16:46:39.186 [DEBUG] [shadow_ui] param_giveup: claim=0 response=0 error=4 last_key=global_settings_module | claimwedge: rt=0 rr=0 blocked=0ms | slow>=90ms: n=0 worst=0ms key=- where=-
16:46:39.186 [DEBUG] [shadow] widgets: id="" params=0 vizKinds=[]
16:46:39.435 [DEBUG] [shadow] widgets: id="" params=0 vizKinds=[]
16:46:39.709 [DEBUG] [shadow] widgets: id="" params=0 vizKinds=[]
16:46:39.957 [DEBUG] [shadow] widgets: id="" params=0 vizKinds=[]
16:46:40.111 [DEBUG] [shadow] ui_view: parampages slot=0 component=global_settings step_observe_want=true
16:46:40.231 [DEBUG] [shadow_ui] param_giveup: claim=0 response=0 error=4 last_key=global_settings_module | claimwedge: rt=0 rr=0 blocked=0ms | slow>=90ms: n=0 worst=0ms key=- where=-
16:46:40.231 [DEBUG] [shadow] widgets: id="" params=0 vizKinds=[]
16:46:40.480 [DEBUG] [shadow] widgets: id="" params=0 vizKinds=[]
16:46:40.753 [DEBUG] [shadow] widgets: id="" params=0 vizKinds=[]
16:46:41.003 [DEBUG] [shadow] widgets: id="" params=0 vizKinds=[]
16:46:41.157 [DEBUG] [shadow] ui_view: parampages slot=0 component=global_settings step_observe_want=true
16:46:41.276 [DEBUG] [shadow_ui] param_giveup: claim=0 response=0 error=4 last_key=global_settings_module | claimwedge: rt=0 rr=0 blocked=0ms | slow>=90ms: n=0 worst=0ms key=- where=-
16:46:41.276 [DEBUG] [shadow] widgets: id="" params=0 vizKinds=[]
16:46:41.525 [DEBUG] [shadow] widgets: id="" params=0 vizKinds=[]
16:46:41.801 [DEBUG] [shadow] widgets: id="" params=0 vizKinds=[]
16:46:42.051 [DEBUG] [shadow_ui] param_giveup: claim=0 response=0 error=3 last_key=global_settings_module | claimwedge: rt=0 rr=0 blocked=0ms | slow>=90ms: n=0 worst=0ms key=- where=-
16:46:42.051 [DEBUG] [shadow] widgets: id="" params=0 vizKinds=[]
16:46:42.204 [DEBUG] [shadow] ui_view: parampages slot=0 component=global_settings step_observe_want=true
16:46:42.324 [DEBUG] [shadow] widgets: id="" params=0 vizKinds=[]
16:46:42.573 [DEBUG] [shadow] widgets: id="" params=0 vizKinds=[]
16:46:42.847 [DEBUG] [shadow] widgets: id="" params=0 vizKinds=[]
16:46:43.095 [DEBUG] [shadow_ui] param_giveup: claim=0 response=0 error=4 last_key=global_settings_module | claimwedge: rt=0 rr=0 blocked=0ms | slow>=90ms: n=0 worst=0ms key=- where=-
16:46:43.096 [DEBUG] [shadow] widgets: id="" params=0 vizKinds=[]
16:46:43.249 [DEBUG] [shadow] ui_view: parampages slot=0 component=global_settings step_observe_want=true
16:46:43.368 [DEBUG] [shadow] widgets: id="" params=0 vizKinds=[]
16:46:43.618 [DEBUG] [shadow] widgets: id="" params=0 vizKinds=[]
16:46:43.891 [DEBUG] [shadow] widgets: id="" params=0 vizKinds=[]
16:46:44.140 [DEBUG] [shadow_ui] param_giveup: claim=0 response=0 error=4 last_key=global_settings_module | claimwedge: rt=0 rr=0 blocked=0ms | slow>=90ms: n=0 worst=0ms key=- where=-
16:46:44.140 [DEBUG] [shadow] widgets: id="" params=0 vizKinds=[]
16:46:44.297 [DEBUG] [shadow] ui_view: parampages slot=0 component=global_settings step_observe_want=true
16:46:44.417 [DEBUG] [shadow] widgets: id="" params=0 vizKinds=[]
16:46:44.666 [DEBUG] [shadow] widgets: id="" params=0 vizKinds=[]
16:46:44.941 [DEBUG] [shadow] widgets: id="" params=0 vizKinds=[]
16:46:45.191 [DEBUG] [shadow_ui] param_giveup: claim=0 response=0 error=4 last_key=global_settings_module | claimwedge: rt=0 rr=0 blocked=0ms | slow>=90ms: n=0 worst=0ms key=- where=-
16:46:45.191 [DEBUG] [shadow] widgets: id="" params=0 vizKinds=[]
16:46:45.345 [DEBUG] [shadow] ui_view: parampages slot=0 component=global_settings step_observe_want=true
16:46:45.464 [DEBUG] [shadow] widgets: id="" params=0 vizKinds=[]
16:46:45.714 [DEBUG] [shadow] widgets: id="" params=0 vizKinds=[]
16:46:45.987 [DEBUG] [shadow] widgets: id="" params=0 vizKinds=[]
16:46:46.237 [DEBUG] [shadow_ui] param_giveup: claim=0 response=0 error=4 last_key=global_settings_module | claimwedge: rt=0 rr=0 blocked=0ms | slow>=90ms: n=0 worst=0ms key=- where=-
16:46:46.237 [DEBUG] [shadow] widgets: id="" params=0 vizKinds=[]
16:46:46.393 [DEBUG] [shadow] ui_view: parampages slot=0 component=global_settings step_observe_want=true
16:46:46.512 [DEBUG] [shadow] widgets: id="" params=0 vizKinds=[]
16:46:46.762 [DEBUG] [shadow] widgets: id="" params=0 vizKinds=[]
16:46:47.034 [DEBUG] [shadow_ui] param_giveup: claim=0 response=0 error=3 last_key=global_settings_module | claimwedge: rt=0 rr=0 blocked=0ms | slow>=90ms: n=0 worst=0ms key=- where=-
16:46:47.034 [DEBUG] [shadow] widgets: id="" params=0 vizKinds=[]
16:46:47.284 [DEBUG] [shadow] widgets: id="" params=0 vizKinds=[]
16:46:47.437 [DEBUG] [shadow] ui_view: parampages slot=0 component=global_settings step_observe_want=true
16:46:47.557 [DEBUG] [shadow] widgets: id="" params=0 vizKinds=[]
16:46:47.806 [DEBUG] [shadow] widgets: id="" params=0 vizKinds=[]
16:46:48.079 [DEBUG] [shadow_ui] param_giveup: claim=0 response=0 error=4 last_key=global_settings_module | claimwedge: rt=0 rr=0 blocked=0ms | slow>=90ms: n=0 worst=0ms key=- where=-
16:46:48.079 [DEBUG] [shadow] widgets: id="" params=0 vizKinds=[]
16:46:48.329 [DEBUG] [shadow] widgets: id="" params=0 vizKinds=[]
16:46:48.482 [DEBUG] [shadow] ui_view: parampages slot=0 component=global_settings step_observe_want=true
16:46:48.603 [DEBUG] [shadow] widgets: id="" params=0 vizKinds=[]
16:46:48.851 [DEBUG] [shadow] widgets: id="" params=0 vizKinds=[]
16:46:49.124 [DEBUG] [shadow_ui] param_giveup: claim=0 response=0 error=4 last_key=global_settings_module | claimwedge: rt=0 rr=0 blocked=0ms | slow>=90ms: n=0 worst=0ms key=- where=-
16:46:49.125 [DEBUG] [shadow] widgets: id="" params=0 vizKinds=[]
16:46:49.375 [DEBUG] [shadow] widgets: id="" params=0 vizKinds=[]
16:46:49.527 [DEBUG] [shadow] ui_view: parampages slot=0 component=global_settings step_observe_want=true
16:46:49.646 [DEBUG] [shadow] widgets: id="" params=0 vizKinds=[]
16:46:49.896 [DEBUG] [shadow] widgets: id="" params=0 vizKinds=[]
16:46:50.169 [DEBUG] [shadow_ui] param_giveup: claim=0 response=0 error=4 last_key=global_settings_module | claimwedge: rt=0 rr=0 blocked=0ms | slow>=90ms: n=0 worst=0ms key=- where=-
16:46:50.169 [DEBUG] [shadow] widgets: id="" params=0 vizKinds=[]
16:46:50.419 [DEBUG] [shadow] widgets: id="" params=0 vizKinds=[]
16:46:50.573 [DEBUG] [shadow] ui_view: parampages slot=0 component=global_settings step_observe_want=true
16:46:50.692 [DEBUG] [shadow] widgets: id="" params=0 vizKinds=[]
16:46:50.941 [DEBUG] [shadow] widgets: id="" params=0 vizKinds=[]
16:46:51.217 [DEBUG] [shadow_ui] param_giveup: claim=0 response=0 error=4 last_key=global_settings_module | claimwedge: rt=0 rr=0 blocked=0ms | slow>=90ms: n=0 worst=0ms key=- where=-
16:46:51.217 [DEBUG] [shadow] widgets: id="" params=0 vizKinds=[]
16:46:51.409 [DEBUG] [shim] Screen reader: "Battery 100 %. Submenu. 1 of 12" (injected 156 bytes to FD 12, serial=321)
16:46:51.409 [DEBUG] [shim] D-Bus signal: com.ableton.move.ScreenReader.text path=/com/ableton/move/screenreader sender=:1.12 arg0="Battery 100 %. Submenu. 1 of 12"
16:46:51.409 [DEBUG] [shim] D-Bus text: "Battery 100 %. Submenu. 1 of 12" (held_track=-1)
16:46:51.467 [DEBUG] [shadow] widgets: id="" params=0 vizKinds=[]
16:46:51.620 [DEBUG] [shadow] ui_view: parampages slot=0 component=global_settings step_observe_want=true
16:46:51.740 [DEBUG] [shadow] widgets: id="" params=0 vizKinds=[]
16:46:51.887 [DEBUG] [shim] Shift+Step2 long-press: opening global settings
16:46:51.903 [DEBUG] [shadow_ui] shadow_ui: step_observe ON
16:46:51.904 [DEBUG] [shadow] SETTINGS flag detected, entering Global Settings
16:46:51.940 [DEBUG] [shadow] param_pages fps: 30 draws / 29 ticks / 5570935ms
16:46:51.943 [DEBUG] [shim] Screen reader: Queued "Display, 1 of 6, 7 controls" (pending=1)
16:46:51.943 [DEBUG] [shim] Screen reader: "Display, 1 of 6, 7 controls" (injected 152 bytes to FD 12, serial=322)
16:46:51.943 [DEBUG] [shim] D-Bus signal: com.ableton.move.ScreenReader.text path=/com/ableton/move/screenreader sender=:1.12 arg0="Display, 1 of 6, 7 controls"
16:46:51.943 [DEBUG] [shim] D-Bus text: "Display, 1 of 6, 7 controls" (held_track=-1)
16:46:52.009 [DEBUG] [shadow_ui] param_giveup: claim=0 response=0 error=7 last_key=global_settings_module | claimwedge: rt=0 rr=0 blocked=0ms | slow>=90ms: n=0 worst=0ms key=- where=-
16:46:52.012 [DEBUG] [shadow] widgets: id="" params=0 vizKinds=[]
16:46:52.292 [DEBUG] [shadow] widgets: id="" params=0 vizKinds=[]
16:46:52.543 [DEBUG] [shadow] widgets: id="" params=0 vizKinds=[]
16:46:52.710 [DEBUG] [shadow] ui_view: parampages slot=0 component=global_settings step_observe_want=true
16:46:52.829 [DEBUG] [shadow] widgets: id="" params=0 vizKinds=[]
16:46:52.884 [DEBUG] [spi_timing] Frame(us): total avg=2703 max=2821 | pre avg=102 max=336 | ioctl avg=2587 max=2721 | post avg=12 max=33 | overruns=20
16:46:52.884 [DEBUG] [spi_timing] Pre(us): midi_mon=1/18 fwd_midi=2/66 mix_audio=7/30 ui_req=1/17 param=5/72 fwd_cc=0/1 proc_midi=1/10 jack_stash=1/10 drain_dsp=0/0 jack_wake=0/1 mix_buf=43/90 tts=5/38 display=7/208
16:46:52.884 [DEBUG] [spi_timing] Post(us): clear_leds=2/23 jack_midi=0/0 ui_midi=0/9 flush_leds=8/31 screenreader=0/244 jack_pre=0/0 jack_disp=0/0 pin=0/23 midi_scan=6/24 drain_dsp2=0/2 render=4/11
16:46:52.884 [DEBUG] [spi_timing] Slot render max(us): s0=0 s1=0 s2=0 s3=0 probe_burst_max=0
16:46:52.884 [DEBUG] [spi_timing] Slot synth max(us): s0=0 s1=0 s2=0 s3=0 | Slot fx max(us): s0=0 s1=0 s2=0 s3=0
16:46:52.941 [DEBUG] [shadow] param_pages fps: 56 draws / 56 ticks / 1001ms
16:46:53.011 [DEBUG] [shadow_ui] param_giveup: claim=0 response=0 error=63 last_key=global_settings_module | claimwedge: rt=0 rr=0 blocked=0ms | slow>=90ms: n=0 worst=0ms key=- where=-
16:46:53.080 [DEBUG] [shadow] widgets: id="" params=0 vizKinds=[]
16:46:53.288 [DEBUG] [shadow] param_pages midi: 3 events (0 knob turns) / 5572130ms
16:46:53.288 [DEBUG] [param_pages] touch slot=0 DOWN t=1790095613288 sincePrev=n/a held=[]
16:46:53.289 [DEBUG] [shim] Screen reader: Queued "Mirror Display, Off" (pending=1)
16:46:53.289 [DEBUG] [shim] Screen reader: "Mirror Display, Off" (injected 144 bytes to FD 12, serial=323)
16:46:53.290 [DEBUG] [shim] D-Bus signal: com.ableton.move.ScreenReader.text path=/com/ableton/move/screenreader sender=:1.12 arg0="Mirror Display, Off"
16:46:53.290 [DEBUG] [shim] D-Bus text: "Mirror Display, Off" (held_track=-1)
16:46:53.359 [DEBUG] [shadow] widgets: id="" params=0 vizKinds=[]
16:46:53.555 [DEBUG] [param_pages] touch slot=0 up   t=1790095613555 sincePrev=267ms held=[0]
16:46:53.609 [DEBUG] [shadow] widgets: id="" params=0 vizKinds=[]
16:46:53.769 [DEBUG] [shadow] ui_view: parampages slot=0 component=global_settings step_observe_want=true
16:46:53.887 [DEBUG] [shadow] widgets: id="" params=0 vizKinds=[]
16:46:53.952 [DEBUG] [shadow] param_pages fps: 58 draws / 58 ticks / 1011ms
16:46:54.018 [DEBUG] [shadow_ui] param_giveup: claim=0 response=0 error=61 last_key=global_settings_module | claimwedge: rt=0 rr=0 blocked=0ms | slow>=90ms: n=0 worst=0ms key=- where=-
16:46:54.138 [DEBUG] [shadow] widgets: id="" params=0 vizKinds=[]
16:46:54.416 [DEBUG] [shadow] widgets: id="" params=0 vizKinds=[]
16:46:54.478 [DEBUG] [shadow] param_pages midi: 2 events (0 knob turns) / 1190ms
16:46:54.479 [DEBUG] [shim] Screen reader: Queued "Audio, 2 of 6, 9 controls" (pending=1)
16:46:54.480 [DEBUG] [shim] Screen reader: "Audio, 2 of 6, 9 controls" (injected 150 bytes to FD 12, serial=324)
16:46:54.480 [DEBUG] [shim] D-Bus signal: com.ableton.move.ScreenReader.text path=/com/ableton/move/screenreader sender=:1.12 arg0="Audio, 2 of 6, 9 controls"
16:46:54.480 [DEBUG] [shim] D-Bus text: "Audio, 2 of 6, 9 controls" (held_track=-1)
16:46:54.616 [DEBUG] [shim] Screen reader: Queued "Screen Reader, 3 of 6, 12 controls" (pending=1)
16:46:54.616 [DEBUG] [shim] Screen reader: "Screen Reader, 3 of 6, 12 controls" (injected 159 bytes to FD 12, serial=325)
16:46:54.616 [DEBUG] [shim] D-Bus signal: com.ableton.move.ScreenReader.text path=/com/ableton/move/screenreader sender=:1.12 arg0="Screen Reader, 3 of 6, 12 controls"
16:46:54.617 [DEBUG] [shim] D-Bus text: "Screen Reader, 3 of 6, 12 controls" (held_track=-1)
16:46:54.683 [DEBUG] [shadow] widgets: id="" params=0 vizKinds=[]
16:46:54.732 [DEBUG] [shim] Screen reader: Queued "Set Pages, 4 of 6, 1 control" (pending=1)
16:46:54.732 [DEBUG] [shim] Screen reader: "Set Pages, 4 of 6, 1 control" (injected 153 bytes to FD 12, serial=326)
16:46:54.733 [DEBUG] [shim] D-Bus signal: com.ableton.move.ScreenReader.text path=/com/ableton/move/screenreader sender=:1.12 arg0="Set Pages, 4 of 6, 1 control"
16:46:54.733 [DEBUG] [shim] D-Bus text: "Set Pages, 4 of 6, 1 control" (held_track=-1)
16:46:54.843 [DEBUG] [shadow] ui_view: parampages slot=0 component=global_settings step_observe_want=true
16:46:54.962 [DEBUG] [shadow] widgets: id="" params=0 vizKinds=[]
16:46:54.962 [DEBUG] [shadow] param_pages fps: 56 draws / 56 ticks / 1010ms
16:46:55.008 [DEBUG] [shadow_ui] param_giveup: claim=0 response=0 error=60 last_key=global_settings_module | claimwedge: rt=0 rr=0 blocked=0ms | slow>=90ms: n=0 worst=0ms key=- where=-
16:46:55.211 [DEBUG] [shadow] widgets: id="" params=0 vizKinds=[]
16:46:55.491 [DEBUG] [shadow] widgets: id="" params=0 vizKinds=[]
16:46:55.602 [DEBUG] [shadow] param_pages midi: 3 events (0 knob turns) / 1124ms
16:46:55.603 [DEBUG] [shim] Screen reader: Queued "Shortcuts, 5 of 6, 4 controls" (pending=1)
16:46:55.603 [DEBUG] [shim] Screen reader: "Shortcuts, 5 of 6, 4 controls" (injected 154 bytes to FD 12, serial=327)
16:46:55.603 [DEBUG] [shim] D-Bus signal: com.ableton.move.ScreenReader.text path=/com/ableton/move/screenreader sender=:1.12 arg0="Shortcuts, 5 of 6, 4 controls"
16:46:55.603 [DEBUG] [shim] D-Bus text: "Shortcuts, 5 of 6, 4 controls" (held_track=-1)
16:46:55.739 [DEBUG] [shadow] widgets: id="" params=0 vizKinds=[]
16:46:55.899 [DEBUG] [shadow] ui_view: parampages slot=0 component=global_settings step_observe_want=true
16:46:55.966 [DEBUG] [shadow] param_pages fps: 57 draws / 57 ticks / 1004ms
16:46:56.015 [DEBUG] [shadow_ui] param_giveup: claim=0 response=0 error=60 last_key=global_settings_module | claimwedge: rt=0 rr=0 blocked=0ms | slow>=90ms: n=0 worst=0ms key=- where=-
16:46:56.018 [DEBUG] [shadow] widgets: id="" params=0 vizKinds=[]
16:46:56.268 [DEBUG] [shadow] widgets: id="" params=0 vizKinds=[]
16:46:56.546 [DEBUG] [shadow] widgets: id="" params=0 vizKinds=[]
16:46:56.797 [DEBUG] [shadow] widgets: id="" params=0 vizKinds=[]
16:46:56.955 [DEBUG] [shadow] ui_view: parampages slot=0 component=global_settings step_observe_want=true
16:46:56.973 [DEBUG] [shadow] param_pages fps: 57 draws / 57 ticks / 1007ms
16:46:57.005 [DEBUG] [shadow_ui] param_giveup: claim=0 response=0 error=61 last_key=global_settings_module | claimwedge: rt=0 rr=0 blocked=0ms | slow>=90ms: n=0 worst=0ms key=- where=-
16:46:57.075 [DEBUG] [shadow] widgets: id="" params=0 vizKinds=[]
16:46:57.270 [DEBUG] [shadow] param_pages midi: 1 events (0 knob turns) / 1668ms
16:46:57.272 [DEBUG] [shim] Screen reader: Queued "System, 6 of 6, 3 controls" (pending=1)
16:46:57.272 [DEBUG] [shim] Screen reader: "System, 6 of 6, 3 controls" (injected 151 bytes to FD 12, serial=328)
16:46:57.272 [DEBUG] [shim] D-Bus signal: com.ableton.move.ScreenReader.text path=/com/ableton/move/screenreader sender=:1.12 arg0="System, 6 of 6, 3 controls"
16:46:57.272 [DEBUG] [shim] D-Bus text: "System, 6 of 6, 3 controls" (held_track=-1)
16:46:57.328 [DEBUG] [shadow] widgets: id="" params=0 vizKinds=[]
16:46:57.604 [DEBUG] [shadow] widgets: id="" params=0 vizKinds=[]
16:46:57.853 [DEBUG] [shadow] widgets: id="" params=0 vizKinds=[]
16:46:57.884 [DEBUG] [spi_timing] Frame(us): total avg=2687 max=2789 | pre avg=108 max=302 | ioctl avg=2563 max=2688 | post avg=14 max=32 | overruns=20
16:46:57.884 [DEBUG] [spi_timing] Pre(us): midi_mon=1/12 fwd_midi=2/76 mix_audio=7/36 ui_req=1/4 param=6/25 fwd_cc=0/0 proc_midi=1/22 jack_stash=1/2 drain_dsp=0/3 jack_wake=0/8 mix_buf=45/75 tts=6/28 display=6/192
16:46:57.884 [DEBUG] [spi_timing] Post(us): clear_leds=2/13 jack_midi=0/7 ui_midi=0/3 flush_leds=6/36 screenreader=0/225 jack_pre=0/2 jack_disp=0/3 pin=0/18 midi_scan=8/25 drain_dsp2=0/1 render=4/11
16:46:57.885 [DEBUG] [spi_timing] Slot render max(us): s0=0 s1=0 s2=0 s3=0 probe_burst_max=0
16:46:57.885 [DEBUG] [spi_timing] Slot synth max(us): s0=0 s1=0 s2=0 s3=0 | Slot fx max(us): s0=0 s1=0 s2=0 s3=0
16:46:58.001 [DEBUG] [shadow] param_pages fps: 57 draws / 57 ticks / 1028ms
16:46:58.021 [DEBUG] [shadow_ui] param_giveup: claim=0 response=0 error=61 last_key=global_settings_module | claimwedge: rt=0 rr=0 blocked=0ms | slow>=90ms: n=0 worst=0ms key=- where=-
16:46:58.021 [DEBUG] [shadow] ui_view: parampages slot=0 component=global_settings step_observe_want=true
16:46:58.053 [DEBUG] [shim] Screen reader: Queued "Shortcuts, 5 of 6, 4 controls" (pending=1)
16:46:58.053 [DEBUG] [shim] Screen reader: "Shortcuts, 5 of 6, 4 controls" (injected 154 bytes to FD 12, serial=329)
16:46:58.053 [DEBUG] [shim] D-Bus signal: com.ableton.move.ScreenReader.text path=/com/ableton/move/screenreader sender=:1.12 arg0="Shortcuts, 5 of 6, 4 controls"
16:46:58.053 [DEBUG] [shim] D-Bus text: "Shortcuts, 5 of 6, 4 controls" (held_track=-1)
16:46:58.087 [DEBUG] [shim] Screen reader: Queued "Set Pages, 4 of 6, 1 control" (pending=1)
16:46:58.088 [DEBUG] [shim] Screen reader: "Set Pages, 4 of 6, 1 control" (injected 153 bytes to FD 12, serial=330)
16:46:58.088 [DEBUG] [shim] D-Bus signal: com.ableton.move.ScreenReader.text path=/com/ableton/move/screenreader sender=:1.12 arg0="Set Pages, 4 of 6, 1 control"
16:46:58.088 [DEBUG] [shim] D-Bus text: "Set Pages, 4 of 6, 1 control" (held_track=-1)
16:46:58.119 [DEBUG] [shim] Screen reader: Queued "Screen Reader, 3 of 6, 12 controls" (pending=1)
16:46:58.120 [DEBUG] [shim] Screen reader: "Screen Reader, 3 of 6, 12 controls" (injected 159 bytes to FD 12, serial=331)
16:46:58.120 [DEBUG] [shim] D-Bus signal: com.ableton.move.ScreenReader.text path=/com/ableton/move/screenreader sender=:1.12 arg0="Screen Reader, 3 of 6, 12 controls"
16:46:58.120 [DEBUG] [shim] D-Bus text: "Screen Reader, 3 of 6, 12 controls" (held_track=-1)
16:46:58.140 [DEBUG] [shadow] widgets: id="" params=0 vizKinds=[]
16:46:58.154 [DEBUG] [shim] Screen reader: Queued "Audio, 2 of 6, 9 controls" (pending=1)
16:46:58.154 [DEBUG] [shim] Screen reader: "Audio, 2 of 6, 9 controls" (injected 150 bytes to FD 12, serial=332)
16:46:58.155 [DEBUG] [shim] D-Bus signal: com.ableton.move.ScreenReader.text path=/com/ableton/move/screenreader sender=:1.12 arg0="Audio, 2 of 6, 9 controls"
16:46:58.155 [DEBUG] [shim] D-Bus text: "Audio, 2 of 6, 9 controls" (held_track=-1)
16:46:58.395 [DEBUG] [shadow] widgets: id="" params=0 vizKinds=[]
16:46:58.675 [DEBUG] [shadow] widgets: id="" params=0 vizKinds=[]
16:46:58.930 [DEBUG] [shadow] widgets: id="" params=0 vizKinds=[]
16:46:59.008 [DEBUG] [shadow_ui] param_giveup: claim=0 response=0 error=61 last_key=global_settings_module | claimwedge: rt=0 rr=0 blocked=0ms | slow>=90ms: n=0 worst=0ms key=- where=-
16:46:59.008 [DEBUG] [shadow] param_pages fps: 59 draws / 59 ticks / 1007ms
16:46:59.070 [DEBUG] [shadow] param_pages midi: 5 events (0 knob turns) / 1800ms
16:46:59.072 [DEBUG] [shim] Screen reader: Queued "Display, 1 of 6, 7 controls" (pending=1)
16:46:59.072 [DEBUG] [shim] Screen reader: "Display, 1 of 6, 7 controls" (injected 152 bytes to FD 12, serial=333)
16:46:59.072 [DEBUG] [shim] D-Bus signal: com.ableton.move.ScreenReader.text path=/com/ableton/move/screenreader sender=:1.12 arg0="Display, 1 of 6, 7 controls"
16:46:59.072 [DEBUG] [shim] D-Bus text: "Display, 1 of 6, 7 controls" (held_track=-1)
16:46:59.090 [DEBUG] [shadow] ui_view: parampages slot=0 component=global_settings step_observe_want=true
16:46:59.209 [DEBUG] [shadow] widgets: id="" params=0 vizKinds=[]
16:46:59.458 [DEBUG] [shadow] widgets: id="" params=0 vizKinds=[]
16:46:59.737 [DEBUG] [shadow] widgets: id="" params=0 vizKinds=[]
16:46:59.987 [DEBUG] [shadow] widgets: id="" params=0 vizKinds=[]
16:47:00.019 [DEBUG] [shadow_ui] param_giveup: claim=0 response=0 error=61 last_key=global_settings_module | claimwedge: rt=0 rr=0 blocked=0ms | slow>=90ms: n=0 worst=0ms key=- where=-
16:47:00.020 [DEBUG] [shadow] param_pages fps: 57 draws / 57 ticks / 1012ms
16:47:00.146 [DEBUG] [shadow] ui_view: parampages slot=0 component=global_settings step_observe_want=true
16:47:00.265 [DEBUG] [shadow] widgets: id="" params=0 vizKinds=[]
16:47:00.327 [DEBUG] [shadow] param_pages midi: 3 events (0 knob turns) / 1257ms
16:47:00.329 [DEBUG] [shim] Screen reader: Queued "Audio, 2 of 6, 9 controls" (pending=1)
16:47:00.329 [DEBUG] [shim] Screen reader: "Audio, 2 of 6, 9 controls" (injected 150 bytes to FD 12, serial=334)
16:47:00.329 [DEBUG] [shim] D-Bus signal: com.ableton.move.ScreenReader.text path=/com/ableton/move/screenreader sender=:1.12 arg0="Audio, 2 of 6, 9 controls"
16:47:00.329 [DEBUG] [shim] D-Bus text: "Audio, 2 of 6, 9 controls" (held_track=-1)
16:47:00.517 [DEBUG] [shadow] widgets: id="" params=0 vizKinds=[]
16:47:00.796 [DEBUG] [shadow] widgets: id="" params=0 vizKinds=[]
16:47:00.947 [DEBUG] [shim] Screen reader: Queued "Screen Reader, 3 of 6, 12 controls" (pending=1)
16:47:00.947 [DEBUG] [shim] Screen reader: "Screen Reader, 3 of 6, 12 controls" (injected 159 bytes to FD 12, serial=335)
16:47:00.947 [DEBUG] [shim] D-Bus signal: com.ableton.move.ScreenReader.text path=/com/ableton/move/screenreader sender=:1.12 arg0="Screen Reader, 3 of 6, 12 controls"
16:47:00.947 [DEBUG] [shim] D-Bus text: "Screen Reader, 3 of 6, 12 controls" (held_track=-1)
16:47:01.014 [DEBUG] [shadow_ui] param_giveup: claim=0 response=0 error=60 last_key=global_settings_module | claimwedge: rt=0 rr=0 blocked=0ms | slow>=90ms: n=0 worst=0ms key=- where=-
16:47:01.029 [DEBUG] [shadow] param_pages fps: 57 draws / 57 ticks / 1009ms
16:47:01.049 [DEBUG] [shadow] widgets: id="" params=0 vizKinds=[]
16:47:01.208 [DEBUG] [shadow] ui_view: parampages slot=0 component=global_settings step_observe_want=true
16:47:01.328 [DEBUG] [shadow] widgets: id="" params=0 vizKinds=[]
16:47:01.456 [DEBUG] [shadow] param_pages midi: 2 events (0 knob turns) / 1129ms
16:47:01.457 [DEBUG] [shim] Screen reader: Queued "Screen Reader, On, 1 of 12" (pending=1)
16:47:01.458 [DEBUG] [shim] Screen reader: "Screen Reader, On, 1 of 12" (injected 151 bytes to FD 12, serial=336)
16:47:01.458 [DEBUG] [shim] D-Bus signal: com.ableton.move.ScreenReader.text path=/com/ableton/move/screenreader sender=:1.12 arg0="Screen Reader, On, 1 of 12"
16:47:01.458 [DEBUG] [shim] D-Bus text: "Screen Reader, On, 1 of 12" (held_track=-1)
16:47:01.577 [DEBUG] [shadow] widgets: id="" params=0 vizKinds=[]
16:47:01.856 [DEBUG] [shadow] widgets: id="" params=0 vizKinds=[]
16:47:02.021 [DEBUG] [shadow_ui] param_giveup: claim=0 response=0 error=61 last_key=global_settings_module | claimwedge: rt=0 rr=0 blocked=0ms | slow>=90ms: n=0 worst=0ms key=- where=-
16:47:02.050 [DEBUG] [shadow] param_pages fps: 57 draws / 57 ticks / 1021ms
16:47:02.108 [DEBUG] [shadow] widgets: id="" params=0 vizKinds=[]
16:47:02.265 [DEBUG] [shadow] ui_view: parampages slot=0 component=global_settings step_observe_want=true
16:47:02.349 [DEBUG] [shim] Screen reader: Queued "Engine, Eloquence, 2 of 12" (pending=1)
16:47:02.349 [DEBUG] [shim] Screen reader: "Engine, Eloquence, 2 of 12" (injected 151 bytes to FD 12, serial=337)
16:47:02.349 [DEBUG] [shim] D-Bus signal: com.ableton.move.ScreenReader.text path=/com/ableton/move/screenreader sender=:1.12 arg0="Engine, Eloquence, 2 of 12"
16:47:02.349 [DEBUG] [shim] D-Bus text: "Engine, Eloquence, 2 of 12" (held_track=-1)
16:47:02.384 [DEBUG] [shadow] widgets: id="" params=0 vizKinds=[]
16:47:02.636 [DEBUG] [shadow] widgets: id="" params=0 vizKinds=[]
16:47:02.885 [DEBUG] [spi_timing] Frame(us): total avg=2687 max=2799 | pre avg=111 max=296 | ioctl avg=2560 max=2687 | post avg=15 max=38 | overruns=20
16:47:02.885 [DEBUG] [spi_timing] Pre(us): midi_mon=1/23 fwd_midi=2/68 mix_audio=7/34 ui_req=1/13 param=7/30 fwd_cc=0/0 proc_midi=1/22 jack_stash=1/11 drain_dsp=0/1 jack_wake=0/24 mix_buf=45/81 tts=9/37 display=6/190
16:47:02.885 [DEBUG] [spi_timing] Post(us): clear_leds=2/5 jack_midi=0/0 ui_midi=0/5 flush_leds=6/33 screenreader=0/177 jack_pre=0/0 jack_disp=0/0 pin=0/3 midi_scan=8/29 drain_dsp2=0/5 render=4/22
16:47:02.885 [DEBUG] [spi_timing] Slot render max(us): s0=0 s1=0 s2=0 s3=0 probe_burst_max=0
16:47:02.885 [DEBUG] [spi_timing] Slot synth max(us): s0=0 s1=0 s2=0 s3=0 | Slot fx max(us): s0=0 s1=0 s2=0 s3=0
16:47:02.913 [DEBUG] [shadow] widgets: id="" params=0 vizKinds=[]
16:47:03.011 [DEBUG] [shadow_ui] param_giveup: claim=0 response=0 error=60 last_key=global_settings_module | claimwedge: rt=0 rr=0 blocked=0ms | slow>=90ms: n=0 worst=0ms key=- where=-
16:47:03.061 [DEBUG] [shadow] param_pages fps: 58 draws / 58 ticks / 1011ms
16:47:03.163 [DEBUG] [shadow] widgets: id="" params=0 vizKinds=[]
16:47:03.330 [DEBUG] [shadow] ui_view: parampages slot=0 component=global_settings step_observe_want=true
16:47:03.452 [DEBUG] [shadow] widgets: id="" params=0 vizKinds=[]
16:47:03.512 [DEBUG] [shadow] param_pages midi: 3 events (0 knob turns) / 2056ms
16:47:03.516 [DEBUG] [shim] Screen reader: Queued "Speed, 2.5 x, 3 of 12" (pending=1)
16:47:03.516 [DEBUG] [shim] Screen reader: "Speed, 2.5 x, 3 of 12" (injected 146 bytes to FD 12, serial=338)
16:47:03.516 [DEBUG] [shim] D-Bus signal: com.ableton.move.ScreenReader.text path=/com/ableton/move/screenreader sender=:1.12 arg0="Speed, 2.5 x, 3 of 12"
16:47:03.516 [DEBUG] [shim] D-Bus text: "Speed, 2.5 x, 3 of 12" (held_track=-1)
16:47:03.702 [DEBUG] [shadow] widgets: id="" params=0 vizKinds=[]
16:47:03.978 [DEBUG] [shadow] widgets: id="" params=0 vizKinds=[]
16:47:04.009 [DEBUG] [shadow_ui] param_giveup: claim=0 response=0 error=60 last_key=global_settings_module | claimwedge: rt=0 rr=0 blocked=0ms | slow>=90ms: n=0 worst=0ms key=- where=-
16:47:04.087 [DEBUG] [shadow] param_pages fps: 57 draws / 57 ticks / 1026ms
16:47:04.228 [DEBUG] [shadow] widgets: id="" params=0 vizKinds=[]
16:47:04.387 [DEBUG] [shadow] ui_view: parampages slot=0 component=global_settings step_observe_want=true
16:47:04.505 [DEBUG] [shadow] widgets: id="" params=0 vizKinds=[]
16:47:04.755 [DEBUG] [shadow] widgets: id="" params=0 vizKinds=[]
16:47:04.818 [DEBUG] [shadow] param_pages midi: 1 events (0 knob turns) / 1306ms
16:47:04.819 [DEBUG] [shim] Screen reader: Queued "Volume, 50%, 4 of 12" (pending=1)
16:47:04.819 [DEBUG] [shim] Screen reader: "Volume, 50%, 4 of 12" (injected 145 bytes to FD 12, serial=339)
16:47:04.819 [DEBUG] [shim] D-Bus signal: com.ableton.move.ScreenReader.text path=/com/ableton/move/screenreader sender=:1.12 arg0="Volume, 50%, 4 of 12"
16:47:04.819 [DEBUG] [shim] D-Bus text: "Volume, 50%, 4 of 12" (held_track=-1)
16:47:05.019 [DEBUG] [shadow_ui] param_giveup: claim=0 response=0 error=60 last_key=global_settings_module | claimwedge: rt=0 rr=0 blocked=0ms | slow>=90ms: n=0 worst=0ms key=- where=-
16:47:05.040 [DEBUG] [shadow] widgets: id="" params=0 vizKinds=[]
16:47:05.087 [DEBUG] [shadow] param_pages fps: 57 draws / 57 ticks / 1000ms
16:47:05.290 [DEBUG] [shadow] widgets: id="" params=0 vizKinds=[]
16:47:05.449 [DEBUG] [shadow] ui_view: parampages slot=0 component=global_settings step_observe_want=true
16:47:05.568 [DEBUG] [shadow] widgets: id="" params=0 vizKinds=[]
16:47:05.821 [DEBUG] [shadow] widgets: id="" params=0 vizKinds=[]
16:47:05.898 [DEBUG] [shadow] param_pages midi: 1 events (0 knob turns) / 1080ms
16:47:05.899 [DEBUG] [shim] Screen reader: Queued "Speak Delay, 50 ms, 5 of 12" (pending=1)
16:47:05.899 [DEBUG] [shim] Screen reader: "Speak Delay, 50 ms, 5 of 12" (injected 152 bytes to FD 12, serial=340)
16:47:05.899 [DEBUG] [shim] D-Bus signal: com.ableton.move.ScreenReader.text path=/com/ableton/move/screenreader sender=:1.12 arg0="Speak Delay, 50 ms, 5 of 12"
16:47:05.899 [DEBUG] [shim] D-Bus text: "Speak Delay, 50 ms, 5 of 12" (held_track=-1)
16:47:06.012 [DEBUG] [shadow_ui] param_giveup: claim=0 response=0 error=61 last_key=global_settings_module | claimwedge: rt=0 rr=0 blocked=0ms | slow>=90ms: n=0 worst=0ms key=- where=-
16:47:06.099 [DEBUG] [shadow] widgets: id="" params=0 vizKinds=[]
16:47:06.100 [DEBUG] [shadow] param_pages fps: 57 draws / 57 ticks / 1013ms
16:47:06.348 [DEBUG] [shadow] widgets: id="" params=0 vizKinds=[]
16:47:06.505 [DEBUG] [shadow] ui_view: parampages slot=0 component=global_settings step_observe_want=true
16:47:06.624 [DEBUG] [shadow] widgets: id="" params=0 vizKinds=[]
16:47:06.740 [DEBUG] [shim] Screen reader: Queued "Voice, Male 1, 6 of 12" (pending=1)
16:47:06.741 [DEBUG] [shim] Screen reader: "Voice, Male 1, 6 of 12" (injected 147 bytes to FD 12, serial=341)
16:47:06.741 [DEBUG] [shim] D-Bus signal: com.ableton.move.ScreenReader.text path=/com/ableton/move/screenreader sender=:1.12 arg0="Voice, Male 1, 6 of 12"
16:47:06.741 [DEBUG] [shim] D-Bus text: "Voice, Male 1, 6 of 12" (held_track=-1)
16:47:06.877 [DEBUG] [shadow] widgets: id="" params=0 vizKinds=[]
16:47:07.019 [DEBUG] [shadow_ui] param_giveup: claim=0 response=0 error=61 last_key=global_settings_module | claimwedge: rt=0 rr=0 blocked=0ms | slow>=90ms: n=0 worst=0ms key=- where=-
16:47:07.101 [DEBUG] [shadow] param_pages fps: 57 draws / 57 ticks / 1001ms
16:47:07.156 [DEBUG] [shadow] widgets: id="" params=0 vizKinds=[]
16:47:07.406 [DEBUG] [shadow] widgets: id="" params=0 vizKinds=[]
16:47:07.562 [DEBUG] [shadow] ui_view: parampages slot=0 component=global_settings step_observe_want=true
16:47:07.682 [DEBUG] [shadow] widgets: id="" params=0 vizKinds=[]
16:47:07.885 [DEBUG] [spi_timing] Frame(us): total avg=2687 max=2802 | pre avg=111 max=356 | ioctl avg=2560 max=2701 | post avg=15 max=34 | overruns=20
16:47:07.885 [DEBUG] [spi_timing] Pre(us): midi_mon=1/21 fwd_midi=2/67 mix_audio=7/32 ui_req=1/4 param=7/37 fwd_cc=0/0 proc_midi=1/8 jack_stash=1/22 drain_dsp=0/0 jack_wake=0/9 mix_buf=45/83 tts=9/36 display=6/241
16:47:07.885 [DEBUG] [spi_timing] Post(us): clear_leds=2/10 jack_midi=0/0 ui_midi=0/24 flush_leds=6/19 screenreader=0/197 jack_pre=0/9 jack_disp=0/23 pin=0/11 midi_scan=8/23 drain_dsp2=0/1 render=4/24
16:47:07.885 [DEBUG] [spi_timing] Slot render max(us): s0=0 s1=0 s2=0 s3=0 probe_burst_max=0
16:47:07.885 [DEBUG] [spi_timing] Slot synth max(us): s0=0 s1=0 s2=0 s3=0 | Slot fx max(us): s0=0 s1=0 s2=0 s3=0
16:47:07.934 [DEBUG] [shadow] widgets: id="" params=0 vizKinds=[]
16:47:08.015 [DEBUG] [shadow_ui] param_giveup: claim=0 response=0 error=62 last_key=global_settings_module | claimwedge: rt=0 rr=0 blocked=0ms | slow>=90ms: n=0 worst=0ms key=- where=-
16:47:08.109 [DEBUG] [shadow] param_pages fps: 57 draws / 57 ticks / 1008ms
16:47:08.210 [DEBUG] [shadow] widgets: id="" params=0 vizKinds=[]
16:47:08.221 [DEBUG] [shadow] param_pages midi: 2 events (0 knob turns) / 2323ms
16:47:08.222 [DEBUG] [shadow_ui] shadow_ui: step_observe OFF
16:47:08.224 [DEBUG] [shim] Screen reader: Queued "Voice, Male 1, 1 of 8" (pending=1)
16:47:08.224 [DEBUG] [shim] Screen reader: "Voice, Male 1, 1 of 8" (injected 146 bytes to FD 12, serial=342)
16:47:08.224 [DEBUG] [shim] D-Bus signal: com.ableton.move.ScreenReader.text path=/com/ableton/move/screenreader sender=:1.12 arg0="Voice, Male 1, 1 of 8"
16:47:08.224 [DEBUG] [shim] D-Bus text: "Voice, Male 1, 1 of 8" (held_track=-1)
16:47:08.619 [DEBUG] [shadow] ui_view: enumpick slot=0 component=global_settings step_observe_want=false
16:47:08.705 [DEBUG] [shim] Screen reader: Queued "Female 1, 2 of 8" (pending=1)
16:47:08.706 [DEBUG] [shim] Screen reader: "Female 1, 2 of 8" (injected 141 bytes to FD 12, serial=343)
16:47:08.706 [DEBUG] [shim] D-Bus signal: com.ableton.move.ScreenReader.text path=/com/ableton/move/screenreader sender=:1.12 arg0="Female 1, 2 of 8"
16:47:08.706 [DEBUG] [shim] D-Bus text: "Female 1, 2 of 8" (held_track=-1)
16:47:08.755 [DEBUG] [shim] Screen reader: Queued "Child, 3 of 8" (pending=1)
16:47:08.755 [DEBUG] [shim] Screen reader: "Child, 3 of 8" (injected 138 bytes to FD 12, serial=344)
16:47:08.755 [DEBUG] [shim] D-Bus signal: com.ableton.move.ScreenReader.text path=/com/ableton/move/screenreader sender=:1.12 arg0="Child, 3 of 8"
16:47:08.755 [DEBUG] [shim] D-Bus text: "Child, 3 of 8" (held_track=-1)
16:47:08.804 [DEBUG] [shim] Screen reader: Queued "Male 2, 4 of 8" (pending=1)
16:47:08.804 [DEBUG] [shim] Screen reader: "Male 2, 4 of 8" (injected 139 bytes to FD 12, serial=345)
16:47:08.805 [DEBUG] [shim] D-Bus signal: com.ableton.move.ScreenReader.text path=/com/ableton/move/screenreader sender=:1.12 arg0="Male 2, 4 of 8"
16:47:08.805 [DEBUG] [shim] D-Bus text: "Male 2, 4 of 8" (held_track=-1)
16:47:08.839 [DEBUG] [shim] Screen reader: Queued "Male 3, 5 of 8" (pending=1)
16:47:08.839 [DEBUG] [shim] Screen reader: "Male 3, 5 of 8" (injected 139 bytes to FD 12, serial=346)
16:47:08.839 [DEBUG] [shim] D-Bus signal: com.ableton.move.ScreenReader.text path=/com/ableton/move/screenreader sender=:1.12 arg0="Male 3, 5 of 8"
16:47:08.840 [DEBUG] [shim] D-Bus text: "Male 3, 5 of 8" (held_track=-1)
16:47:08.888 [DEBUG] [shim] Screen reader: Queued "Female 2, 6 of 8" (pending=1)
16:47:08.888 [DEBUG] [shim] Screen reader: "Female 2, 6 of 8" (injected 141 bytes to FD 12, serial=347)
16:47:08.889 [DEBUG] [shim] D-Bus signal: com.ableton.move.ScreenReader.text path=/com/ableton/move/screenreader sender=:1.12 arg0="Female 2, 6 of 8"
16:47:08.889 [DEBUG] [shim] D-Bus text: "Female 2, 6 of 8" (held_track=-1)
16:47:08.920 [DEBUG] [shim] Screen reader: Queued "Old Female, 7 of 8" (pending=1)
16:47:08.920 [DEBUG] [shim] Screen reader: "Old Female, 7 of 8" (injected 143 bytes to FD 12, serial=348)
16:47:08.921 [DEBUG] [shim] D-Bus signal: com.ableton.move.ScreenReader.text path=/com/ableton/move/screenreader sender=:1.12 arg0="Old Female, 7 of 8"
16:47:08.921 [DEBUG] [shim] D-Bus text: "Old Female, 7 of 8" (held_track=-1)
16:47:08.955 [DEBUG] [shim] Screen reader: Queued "Old Male, 8 of 8" (pending=1)
16:47:08.955 [DEBUG] [shim] Screen reader: "Old Male, 8 of 8" (injected 141 bytes to FD 12, serial=349)
16:47:08.956 [DEBUG] [shim] D-Bus signal: com.ableton.move.ScreenReader.text path=/com/ableton/move/screenreader sender=:1.12 arg0="Old Male, 8 of 8"
16:47:08.956 [DEBUG] [shim] D-Bus text: "Old Male, 8 of 8" (held_track=-1)
16:47:08.972 [DEBUG] [shim] Screen reader: Queued "Old Male, 8 of 8" (pending=1)
16:47:08.973 [DEBUG] [shim] Screen reader: "Old Male, 8 of 8" (injected 141 bytes to FD 12, serial=350)
16:47:08.973 [DEBUG] [shim] D-Bus signal: com.ableton.move.ScreenReader.text path=/com/ableton/move/screenreader sender=:1.12 arg0="Old Male, 8 of 8"
16:47:08.973 [DEBUG] [shim] D-Bus text: "Old Male, 8 of 8" (held_track=-1)
16:47:08.987 [DEBUG] [shim] Screen reader: Queued "Old Male, 8 of 8" (pending=1)
16:47:08.987 [DEBUG] [shim] Screen reader: "Old Male, 8 of 8" (injected 141 bytes to FD 12, serial=351)
16:47:08.988 [DEBUG] [shim] D-Bus signal: com.ableton.move.ScreenReader.text path=/com/ableton/move/screenreader sender=:1.12 arg0="Old Male, 8 of 8"
16:47:08.988 [DEBUG] [shim] D-Bus text: "Old Male, 8 of 8" (held_track=-1)
16:47:09.004 [DEBUG] [shim] Screen reader: Queued "Old Male, 8 of 8" (pending=1)
16:47:09.005 [DEBUG] [shim] Screen reader: "Old Male, 8 of 8" (injected 141 bytes to FD 12, serial=352)
16:47:09.005 [DEBUG] [shim] D-Bus signal: com.ableton.move.ScreenReader.text path=/com/ableton/move/screenreader sender=:1.12 arg0="Old Male, 8 of 8"
16:47:09.005 [DEBUG] [shim] D-Bus text: "Old Male, 8 of 8" (held_track=-1)
16:47:09.022 [DEBUG] [shim] Screen reader: Queued "Old Male, 8 of 8" (pending=1)
16:47:09.022 [DEBUG] [shim] Screen reader: "Old Male, 8 of 8" (injected 141 bytes to FD 12, serial=353)
16:47:09.022 [DEBUG] [shim] D-Bus signal: com.ableton.move.ScreenReader.text path=/com/ableton/move/screenreader sender=:1.12 arg0="Old Male, 8 of 8"
16:47:09.022 [DEBUG] [shim] D-Bus text: "Old Male, 8 of 8" (held_track=-1)
16:47:09.054 [DEBUG] [shim] Screen reader: Queued "Old Male, 8 of 8" (pending=1)
16:47:09.054 [DEBUG] [shim] Screen reader: "Old Male, 8 of 8" (injected 141 bytes to FD 12, serial=354)
16:47:09.054 [DEBUG] [shim] D-Bus signal: com.ableton.move.ScreenReader.text path=/com/ableton/move/screenreader sender=:1.12 arg0="Old Male, 8 of 8"
16:47:09.054 [DEBUG] [shim] D-Bus text: "Old Male, 8 of 8" (held_track=-1)
16:47:09.670 [DEBUG] [shadow] ui_view: enumpick slot=0 component=global_settings step_observe_want=false
16:47:09.904 [DEBUG] [shadow] handleSelect called, view=enumpick
16:47:09.907 [DEBUG] [shim] Screen reader: Queued "Voice: Old Male" (pending=1)
16:47:09.907 [DEBUG] [shim] Screen reader: "Voice: Old Male" (injected 140 bytes to FD 12, serial=355)
16:47:09.908 [DEBUG] [shadow_ui] param_giveup: claim=0 response=0 error=12 last_key=global_settings_module | claimwedge: rt=0 rr=0 blocked=0ms | slow>=90ms: n=0 worst=0ms key=- where=-
16:47:09.908 [DEBUG] [shim] D-Bus signal: com.ableton.move.ScreenReader.text path=/com/ableton/move/screenreader sender=:1.12 arg0="Voice: Old Male"
16:47:09.908 [DEBUG] [shim] D-Bus text: "Voice: Old Male" (held_track=-1)
16:47:09.908 [DEBUG] [shadow_ui] shadow_ui: step_observe ON
16:47:09.910 [DEBUG] [shadow] widgets: id="" params=0 vizKinds=[]
16:47:09.911 [DEBUG] [shadow] param_pages fps: 7 draws / 7 ticks / 1802ms
16:47:10.006 [DEBUG] [shadow_ui] param_giveup: claim=0 response=0 error=7 last_key=global_settings_module | claimwedge: rt=0 rr=0 blocked=0ms | slow>=90ms: n=0 worst=0ms key=- where=-
16:47:10.021 [DEBUG] [shadow] param_pages midi: 1 events (0 knob turns) / 1800ms
16:47:10.187 [DEBUG] [shadow] widgets: id="" params=0 vizKinds=[]
16:47:10.436 [DEBUG] [shadow] widgets: id="" params=0 vizKinds=[]
16:47:10.517 [DEBUG] [shim] Screen reader: Queued "Speak Delay, 50 ms, 5 of 12" (pending=1)
16:47:10.517 [DEBUG] [shim] Screen reader: "Speak Delay, 50 ms, 5 of 12" (injected 152 bytes to FD 12, serial=356)
16:47:10.517 [DEBUG] [shim] D-Bus signal: com.ableton.move.ScreenReader.text path=/com/ableton/move/screenreader sender=:1.12 arg0="Speak Delay, 50 ms, 5 of 12"
16:47:10.517 [DEBUG] [shim] D-Bus text: "Speak Delay, 50 ms, 5 of 12" (held_track=-1)
16:47:10.583 [DEBUG] [shim] Screen reader: Queued "Volume, 50%, 4 of 12" (pending=1)
16:47:10.584 [DEBUG] [shim] Screen reader: "Volume, 50%, 4 of 12" (injected 145 bytes to FD 12, serial=357)
16:47:10.584 [DEBUG] [shim] D-Bus signal: com.ableton.move.ScreenReader.text path=/com/ableton/move/screenreader sender=:1.12 arg0="Volume, 50%, 4 of 12"
16:47:10.584 [DEBUG] [shim] D-Bus text: "Volume, 50%, 4 of 12" (held_track=-1)
16:47:10.618 [DEBUG] [shim] Screen reader: Queued "Speed, 2.5 x, 3 of 12" (pending=1)
16:47:10.619 [DEBUG] [shim] Screen reader: "Speed, 2.5 x, 3 of 12" (injected 146 bytes to FD 12, serial=358)
16:47:10.619 [DEBUG] [shim] D-Bus signal: com.ableton.move.ScreenReader.text path=/com/ableton/move/screenreader sender=:1.12 arg0="Speed, 2.5 x, 3 of 12"
16:47:10.619 [DEBUG] [shim] D-Bus text: "Speed, 2.5 x, 3 of 12" (held_track=-1)
16:47:10.668 [DEBUG] [shim] Screen reader: Queued "Engine, Eloquence, 2 of 12" (pending=1)
16:47:10.668 [DEBUG] [shim] Screen reader: "Engine, Eloquence, 2 of 12" (injected 151 bytes to FD 12, serial=359)
16:47:10.668 [DEBUG] [shim] D-Bus signal: com.ableton.move.ScreenReader.text path=/com/ableton/move/screenreader sender=:1.12 arg0="Engine, Eloquence, 2 of 12"
16:47:10.668 [DEBUG] [shim] D-Bus text: "Engine, Eloquence, 2 of 12" (held_track=-1)
16:47:10.711 [DEBUG] [shim] Screen reader: Queued "Screen Reader, On, 1 of 12" (pending=1)
16:47:10.711 [DEBUG] [shim] Screen reader: "Screen Reader, On, 1 of 12" (injected 151 bytes to FD 12, serial=360)
16:47:10.712 [DEBUG] [shim] D-Bus signal: com.ableton.move.ScreenReader.text path=/com/ableton/move/screenreader sender=:1.12 arg0="Screen Reader, On, 1 of 12"
16:47:10.712 [DEBUG] [shim] D-Bus text: "Screen Reader, On, 1 of 12" (held_track=-1)
16:47:10.714 [DEBUG] [shadow] widgets: id="" params=0 vizKinds=[]
16:47:10.730 [DEBUG] [shadow] ui_view: parampages slot=0 component=global_settings step_observe_want=true
16:47:10.912 [DEBUG] [shadow] param_pages fps: 57 draws / 57 ticks / 1001ms
16:47:10.965 [DEBUG] [shadow] widgets: id="" params=0 vizKinds=[]
16:47:10.978 [DEBUG] [shim] Screen reader: Queued "Screen Reader, On, 1 of 12" (pending=1)
16:47:10.978 [DEBUG] [shim] Screen reader: "Screen Reader, On, 1 of 12" (injected 151 bytes to FD 12, serial=361)
16:47:10.979 [DEBUG] [shim] D-Bus signal: com.ableton.move.ScreenReader.text path=/com/ableton/move/screenreader sender=:1.12 arg0="Screen Reader, On, 1 of 12"
16:47:10.979 [DEBUG] [shim] D-Bus text: "Screen Reader, On, 1 of 12" (held_track=-1)
16:47:11.014 [DEBUG] [shadow_ui] param_giveup: claim=0 response=0 error=61 last_key=global_settings_module | claimwedge: rt=0 rr=0 blocked=0ms | slow>=90ms: n=0 worst=0ms key=- where=-
16:47:11.144 [DEBUG] [shadow] param_pages midi: 8 events (0 knob turns) / 1123ms
16:47:11.243 [DEBUG] [shadow] widgets: id="" params=0 vizKinds=[]
16:47:11.493 [DEBUG] [shadow] widgets: id="" params=0 vizKinds=[]
16:47:11.771 [DEBUG] [shadow] widgets: id="" params=0 vizKinds=[]
16:47:11.785 [DEBUG] [shadow] ui_view: parampages slot=0 component=global_settings step_observe_want=true
16:47:11.820 [DEBUG] [shim] Screen reader: Queued "On" (pending=1)
16:47:11.820 [DEBUG] [shim] Screen reader: "On" (injected 127 bytes to FD 12, serial=362)
16:47:11.821 [DEBUG] [shim] D-Bus signal: com.ableton.move.ScreenReader.text path=/com/ableton/move/screenreader sender=:1.12 arg0="On"
16:47:11.821 [DEBUG] [shim] D-Bus text: "On" (held_track=-1)
16:47:11.930 [DEBUG] [shadow] param_pages fps: 57 draws / 57 ticks / 1018ms
16:47:12.020 [DEBUG] [shadow_ui] param_giveup: claim=0 response=0 error=61 last_key=global_settings_module | claimwedge: rt=0 rr=0 blocked=0ms | slow>=90ms: n=0 worst=0ms key=- where=-
16:47:12.023 [DEBUG] [shadow] widgets: id="" params=0 vizKinds=[]
16:47:12.299 [DEBUG] [shadow] widgets: id="" params=0 vizKinds=[]
16:47:12.446 [DEBUG] [shadow] param_pages midi: 6 events (0 knob turns) / 1302ms
16:47:12.447 [DEBUG] [shim] Screen reader: Queued "Off" (pending=1)
16:47:12.447 [DEBUG] [shim] Screen reader: "Off" (injected 128 bytes to FD 12, serial=363)
16:47:12.447 [DEBUG] [shim] D-Bus signal: com.ableton.move.ScreenReader.text path=/com/ableton/move/screenreader sender=:1.12 arg0="Off"
16:47:12.448 [DEBUG] [shim] D-Bus text: "Off" (held_track=-1)
16:47:12.552 [DEBUG] [shadow] widgets: id="" params=0 vizKinds=[]
16:47:12.598 [DEBUG] [shim] Screen reader: Queued "Off" (pending=1)
16:47:12.598 [DEBUG] [shim] Screen reader: "Off" (injected 128 bytes to FD 12, serial=364)
16:47:12.598 [DEBUG] [shim] D-Bus signal: com.ableton.move.ScreenReader.text path=/com/ableton/move/screenreader sender=:1.12 arg0="Off"
16:47:12.598 [DEBUG] [shim] D-Bus text: "Off" (held_track=-1)
16:47:12.828 [DEBUG] [shadow] widgets: id="" params=0 vizKinds=[]
16:47:12.842 [DEBUG] [shadow] ui_view: parampages slot=0 component=global_settings step_observe_want=true
16:47:12.885 [DEBUG] [spi_timing] Frame(us): total avg=2690 max=2806 | pre avg=107 max=325 | ioctl avg=2567 max=2706 | post avg=14 max=39 | overruns=20
16:47:12.885 [DEBUG] [spi_timing] Pre(us): midi_mon=1/20 fwd_midi=2/65 mix_audio=7/33 ui_req=1/3 param=5/79 fwd_cc=0/0 proc_midi=1/24 jack_stash=1/19 drain_dsp=0/6 jack_wake=0/13 mix_buf=45/73 tts=6/30 display=6/194
16:47:12.885 [DEBUG] [spi_timing] Post(us): clear_leds=2/15 jack_midi=0/2 ui_midi=0/17 flush_leds=6/28 screenreader=2/204 jack_pre=0/1 jack_disp=0/0 pin=0/3 midi_scan=8/25 drain_dsp2=0/23 render=4/11
16:47:12.885 [DEBUG] [spi_timing] Slot render max(us): s0=0 s1=0 s2=0 s3=0 probe_burst_max=0
16:47:12.885 [DEBUG] [spi_timing] Slot synth max(us): s0=0 s1=0 s2=0 s3=0 | Slot fx max(us): s0=0 s1=0 s2=0 s3=0
16:47:12.945 [DEBUG] [shadow] param_pages fps: 58 draws / 58 ticks / 1015ms
16:47:13.011 [DEBUG] [shadow_ui] param_giveup: claim=0 response=0 error=60 last_key=global_settings_module | claimwedge: rt=0 rr=0 blocked=0ms | slow>=90ms: n=0 worst=0ms key=- where=-
16:47:13.080 [DEBUG] [shadow] widgets: id="" params=0 vizKinds=[]
16:47:13.356 [DEBUG] [shadow] widgets: id="" params=0 vizKinds=[]
16:47:13.370 [DEBUG] [shim] Screen reader: Queued "On" (pending=1)
16:47:13.370 [DEBUG] [shim] Screen reader: "On" (injected 127 bytes to FD 12, serial=365)
16:47:13.371 [DEBUG] [shim] D-Bus signal: com.ableton.move.ScreenReader.text path=/com/ableton/move/screenreader sender=:1.12 arg0="On"
16:47:13.371 [DEBUG] [shim] D-Bus text: "On" (held_track=-1)
16:47:13.452 [DEBUG] [shadow] param_pages midi: 8 events (0 knob turns) / 1006ms
16:47:13.609 [DEBUG] [shadow] widgets: id="" params=0 vizKinds=[]
16:47:13.794 [DEBUG] [shim] Screen reader: Queued "Screen Reader, On, 1 of 12" (pending=1)
16:47:13.794 [DEBUG] [shim] Screen reader: "Screen Reader, On, 1 of 12" (injected 151 bytes to FD 12, serial=366)
16:47:13.794 [DEBUG] [shim] D-Bus signal: com.ableton.move.ScreenReader.text path=/com/ableton/move/screenreader sender=:1.12 arg0="Screen Reader, On, 1 of 12"
16:47:13.794 [DEBUG] [shim] D-Bus text: "Screen Reader, On, 1 of 12" (held_track=-1)
16:47:13.893 [DEBUG] [shadow] widgets: id="" params=0 vizKinds=[]
16:47:13.907 [DEBUG] [shadow] ui_view: parampages slot=0 component=global_settings step_observe_want=true
16:47:13.957 [DEBUG] [shadow] param_pages fps: 57 draws / 57 ticks / 1012ms
16:47:14.006 [DEBUG] [shadow_ui] param_giveup: claim=0 response=0 error=60 last_key=global_settings_module | claimwedge: rt=0 rr=0 blocked=0ms | slow>=90ms: n=0 worst=0ms key=- where=-
16:47:14.122 [DEBUG] [shim] Screen reader: Queued "Engine, Eloquence, 2 of 12" (pending=1)
16:47:14.122 [DEBUG] [shim] Screen reader: "Engine, Eloquence, 2 of 12" (injected 151 bytes to FD 12, serial=367)
16:47:14.123 [DEBUG] [shim] D-Bus signal: com.ableton.move.ScreenReader.text path=/com/ableton/move/screenreader sender=:1.12 arg0="Engine, Eloquence, 2 of 12"
16:47:14.123 [DEBUG] [shim] D-Bus text: "Engine, Eloquence, 2 of 12" (held_track=-1)
16:47:14.139 [DEBUG] [shim] Screen reader: Queued "Speed, 2.5 x, 3 of 12" (pending=1)
16:47:14.140 [DEBUG] [shim] Screen reader: "Speed, 2.5 x, 3 of 12" (injected 146 bytes to FD 12, serial=368)
16:47:14.140 [DEBUG] [shim] D-Bus signal: com.ableton.move.ScreenReader.text path=/com/ableton/move/screenreader sender=:1.12 arg0="Speed, 2.5 x, 3 of 12"
16:47:14.140 [DEBUG] [shim] D-Bus text: "Speed, 2.5 x, 3 of 12" (held_track=-1)
16:47:14.142 [DEBUG] [shadow] widgets: id="" params=0 vizKinds=[]
16:47:14.174 [DEBUG] [shim] Screen reader: Queued "Volume, 50%, 4 of 12" (pending=1)
16:47:14.174 [DEBUG] [shim] Screen reader: "Volume, 50%, 4 of 12" (injected 145 bytes to FD 12, serial=369)
16:47:14.175 [DEBUG] [shim] D-Bus signal: com.ableton.move.ScreenReader.text path=/com/ableton/move/screenreader sender=:1.12 arg0="Volume, 50%, 4 of 12"
16:47:14.175 [DEBUG] [shim] D-Bus text: "Volume, 50%, 4 of 12" (held_track=-1)
16:47:14.206 [DEBUG] [shim] Screen reader: Queued "Speak Delay, 50 ms, 5 of 12" (pending=1)
16:47:14.206 [DEBUG] [shim] Screen reader: "Speak Delay, 50 ms, 5 of 12" (injected 152 bytes to FD 12, serial=370)
16:47:14.207 [DEBUG] [shim] D-Bus signal: com.ableton.move.ScreenReader.text path=/com/ableton/move/screenreader sender=:1.12 arg0="Speak Delay, 50 ms, 5 of 12"
16:47:14.207 [DEBUG] [shim] D-Bus text: "Speak Delay, 50 ms, 5 of 12" (held_track=-1)
16:47:14.419 [DEBUG] [shadow] widgets: id="" params=0 vizKinds=[]
16:47:14.671 [DEBUG] [shadow] widgets: id="" params=0 vizKinds=[]
16:47:14.898 [DEBUG] [shadow] param_pages midi: 7 events (0 knob turns) / 1446ms
16:47:14.900 [DEBUG] [shim] Screen reader: Queued "Voice, Old Male, 6 of 12" (pending=1)
16:47:14.900 [DEBUG] [shim] Screen reader: "Voice, Old Male, 6 of 12" (injected 149 bytes to FD 12, serial=371)
16:47:14.900 [DEBUG] [shim] D-Bus signal: com.ableton.move.ScreenReader.text path=/com/ableton/move/screenreader sender=:1.12 arg0="Voice, Old Male, 6 of 12"
16:47:14.900 [DEBUG] [shim] D-Bus text: "Voice, Old Male, 6 of 12" (held_track=-1)
16:47:14.943 [DEBUG] [shim] Screen reader: Queued "Head Size, 30, 8 of 12" (pending=1)
16:47:14.944 [DEBUG] [shim] Screen reader: "Head Size, 30, 8 of 12" (injected 147 bytes to FD 12, serial=372)
16:47:14.944 [DEBUG] [shim] D-Bus signal: com.ableton.move.ScreenReader.text path=/com/ableton/move/screenreader sender=:1.12 arg0="Head Size, 30, 8 of 12"
16:47:14.944 [DEBUG] [shim] D-Bus text: "Head Size, 30, 8 of 12" (held_track=-1)
16:47:14.947 [DEBUG] [shadow] widgets: id="" params=0 vizKinds=[]
16:47:14.962 [DEBUG] [shadow] ui_view: parampages slot=0 component=global_settings step_observe_want=true
16:47:14.962 [DEBUG] [shadow] param_pages fps: 57 draws / 57 ticks / 1005ms
16:47:14.978 [DEBUG] [shim] Screen reader: Queued "Base Pitch, 61, 9 of 12" (pending=1)
16:47:14.978 [DEBUG] [shim] Screen reader: "Base Pitch, 61, 9 of 12" (injected 148 bytes to FD 12, serial=373)
16:47:14.979 [DEBUG] [shim] D-Bus signal: com.ableton.move.ScreenReader.text path=/com/ableton/move/screenreader sender=:1.12 arg0="Base Pitch, 61, 9 of 12"
16:47:14.979 [DEBUG] [shim] D-Bus text: "Base Pitch, 61, 9 of 12" (held_track=-1)
16:47:15.010 [DEBUG] [shadow_ui] param_giveup: claim=0 response=0 error=61 last_key=global_settings_module | claimwedge: rt=0 rr=0 blocked=0ms | slow>=90ms: n=0 worst=0ms key=- where=-
16:47:15.196 [DEBUG] [shadow] widgets: id="" params=0 vizKinds=[]
16:47:15.476 [DEBUG] [shadow] widgets: id="" params=0 vizKinds=[]
16:47:15.573 [DEBUG] [shim] Screen reader: Queued "Head Size, 30, 8 of 12" (pending=1)
16:47:15.573 [DEBUG] [shim] Screen reader: "Head Size, 30, 8 of 12" (injected 147 bytes to FD 12, serial=374)
16:47:15.574 [DEBUG] [shim] D-Bus signal: com.ableton.move.ScreenReader.text path=/com/ableton/move/screenreader sender=:1.12 arg0="Head Size, 30, 8 of 12"
16:47:15.574 [DEBUG] [shim] D-Bus text: "Head Size, 30, 8 of 12" (held_track=-1)
16:47:15.728 [DEBUG] [shadow] widgets: id="" params=0 vizKinds=[]
16:47:15.998 [DEBUG] [shadow] param_pages fps: 58 draws / 58 ticks / 1036ms
16:47:16.004 [DEBUG] [shadow_ui] param_giveup: claim=0 response=0 error=60 last_key=global_settings_module | claimwedge: rt=0 rr=0 blocked=0ms | slow>=90ms: n=0 worst=0ms key=- where=-
16:47:16.004 [DEBUG] [shadow] widgets: id="" params=0 vizKinds=[]
16:47:16.017 [DEBUG] [shadow] ui_view: parampages slot=0 component=global_settings step_observe_want=true
16:47:16.256 [DEBUG] [shadow] widgets: id="" params=0 vizKinds=[]
16:47:16.367 [DEBUG] [shadow] param_pages midi: 5 events (0 knob turns) / 1469ms
16:47:16.369 [DEBUG] [shim] Screen reader: Queued "Base Pitch, 61, 9 of 12" (pending=1)
16:47:16.369 [DEBUG] [shim] Screen reader: "Base Pitch, 61, 9 of 12" (injected 148 bytes to FD 12, serial=375)
16:47:16.369 [DEBUG] [shim] D-Bus signal: com.ableton.move.ScreenReader.text path=/com/ableton/move/screenreader sender=:1.12 arg0="Base Pitch, 61, 9 of 12"
16:47:16.369 [DEBUG] [shim] D-Bus text: "Base Pitch, 61, 9 of 12" (held_track=-1)
16:47:16.535 [DEBUG] [shadow] widgets: id="" params=0 vizKinds=[]
16:47:16.697 [DEBUG] [shim] Screen reader: Queued "Base Pitch, 61, 9 of 12" (pending=1)
16:47:16.697 [DEBUG] [shim] Screen reader: "Base Pitch, 61, 9 of 12" (injected 148 bytes to FD 12, serial=376)
16:47:16.697 [DEBUG] [shim] D-Bus signal: com.ableton.move.ScreenReader.text path=/com/ableton/move/screenreader sender=:1.12 arg0="Base Pitch, 61, 9 of 12"
16:47:16.697 [DEBUG] [shim] D-Bus text: "Base Pitch, 61, 9 of 12" (held_track=-1)
16:47:16.784 [DEBUG] [shadow] widgets: id="" params=0 vizKinds=[]
16:47:16.999 [DEBUG] [shadow] param_pages fps: 59 draws / 59 ticks / 1001ms
16:47:17.013 [DEBUG] [shadow_ui] param_giveup: claim=0 response=0 error=63 last_key=global_settings_module | claimwedge: rt=0 rr=0 blocked=0ms | slow>=90ms: n=0 worst=0ms key=- where=-
16:47:17.057 [DEBUG] [shim] Screen reader: Queued "62" (pending=1)
16:47:17.057 [DEBUG] [shim] Screen reader: "62" (injected 127 bytes to FD 12, serial=377)
16:47:17.057 [DEBUG] [shim] D-Bus signal: com.ableton.move.ScreenReader.text path=/com/ableton/move/screenreader sender=:1.12 arg0="62"
16:47:17.057 [DEBUG] [shim] D-Bus text: "62" (held_track=-1)
16:47:17.060 [DEBUG] [shadow] widgets: id="" params=0 vizKinds=[]
16:47:17.074 [DEBUG] [shadow] ui_view: parampages slot=0 component=global_settings step_observe_want=true
16:47:17.190 [DEBUG] [shim] Screen reader: Queued "69" (pending=1)
16:47:17.190 [DEBUG] [shim] Screen reader: "69" (injected 127 bytes to FD 12, serial=378)
16:47:17.190 [DEBUG] [shim] D-Bus signal: com.ableton.move.ScreenReader.text path=/com/ableton/move/screenreader sender=:1.12 arg0="69"
16:47:17.191 [DEBUG] [shim] D-Bus text: "69" (held_track=-1)
16:47:17.312 [DEBUG] [shadow] widgets: id="" params=0 vizKinds=[]
16:47:17.591 [DEBUG] [shadow] widgets: id="" params=0 vizKinds=[]
16:47:17.840 [DEBUG] [shadow] widgets: id="" params=0 vizKinds=[]
16:47:17.886 [DEBUG] [spi_timing] Frame(us): total avg=2681 max=2803 | pre avg=113 max=504 | ioctl avg=2551 max=2687 | post avg=15 max=40 | overruns=20
16:47:17.886 [DEBUG] [spi_timing] Pre(us): midi_mon=1/19 fwd_midi=2/71 mix_audio=8/415 ui_req=1/3 param=7/79 fwd_cc=0/0 proc_midi=1/7 jack_stash=1/6 drain_dsp=0/6 jack_wake=0/19 mix_buf=45/79 tts=9/31 display=6/181
16:47:17.886 [DEBUG] [spi_timing] Post(us): clear_leds=2/11 jack_midi=0/0 ui_midi=0/3 flush_leds=7/27 screenreader=1/203 jack_pre=0/0 jack_disp=0/0 pin=0/3 midi_scan=8/28 drain_dsp2=0/5 render=4/24
16:47:17.886 [DEBUG] [spi_timing] Slot render max(us): s0=0 s1=0 s2=0 s3=0 probe_burst_max=0
16:47:17.886 [DEBUG] [spi_timing] Slot synth max(us): s0=0 s1=0 s2=0 s3=0 | Slot fx max(us): s0=0 s1=0 s2=0 s3=0
16:47:18.002 [DEBUG] [shadow] param_pages midi: 15 events (0 knob turns) / 1635ms
16:47:18.003 [DEBUG] [shim] Screen reader: Queued "72" (pending=1)
16:47:18.003 [DEBUG] [shadow_ui] param_giveup: claim=0 response=0 error=60 last_key=global_settings_module | claimwedge: rt=0 rr=0 blocked=0ms | slow>=90ms: n=0 worst=0ms key=- where=-
16:47:18.003 [DEBUG] [shim] Screen reader: "72" (injected 127 bytes to FD 12, serial=379)
16:47:18.003 [DEBUG] [shim] D-Bus signal: com.ableton.move.ScreenReader.text path=/com/ableton/move/screenreader sender=:1.12 arg0="72"
16:47:18.003 [DEBUG] [shim] D-Bus text: "72" (held_track=-1)
16:47:18.003 [DEBUG] [shadow] param_pages fps: 57 draws / 57 ticks / 1004ms
16:47:18.116 [DEBUG] [shadow] widgets: id="" params=0 vizKinds=[]
16:47:18.130 [DEBUG] [shadow] ui_view: parampages slot=0 component=global_settings step_observe_want=true
16:47:18.148 [DEBUG] [shim] Screen reader: Queued "69" (pending=1)
16:47:18.148 [DEBUG] [shim] Screen reader: "69" (injected 127 bytes to FD 12, serial=380)
16:47:18.148 [DEBUG] [shim] D-Bus signal: com.ableton.move.ScreenReader.text path=/com/ableton/move/screenreader sender=:1.12 arg0="69"
16:47:18.148 [DEBUG] [shim] D-Bus text: "69" (held_track=-1)
16:47:18.299 [DEBUG] [shim] Screen reader: Queued "65" (pending=1)
16:47:18.299 [DEBUG] [shim] Screen reader: "65" (injected 127 bytes to FD 12, serial=381)
16:47:18.299 [DEBUG] [shim] D-Bus signal: com.ableton.move.ScreenReader.text path=/com/ableton/move/screenreader sender=:1.12 arg0="65"
16:47:18.299 [DEBUG] [shim] D-Bus text: "65" (held_track=-1)
16:47:18.367 [DEBUG] [shadow] widgets: id="" params=0 vizKinds=[]
16:47:18.645 [DEBUG] [shadow] widgets: id="" params=0 vizKinds=[]
16:47:18.897 [DEBUG] [shadow] widgets: id="" params=0 vizKinds=[]
16:47:19.010 [DEBUG] [shadow_ui] param_giveup: claim=0 response=0 error=61 last_key=global_settings_module | claimwedge: rt=0 rr=0 blocked=0ms | slow>=90ms: n=0 worst=0ms key=- where=-
16:47:19.019 [DEBUG] [shadow] param_pages fps: 57 draws / 57 ticks / 1016ms
16:47:19.182 [DEBUG] [shadow] widgets: id="" params=0 vizKinds=[]
16:47:19.196 [DEBUG] [shadow] ui_view: parampages slot=0 component=global_settings step_observe_want=true
16:47:19.432 [DEBUG] [shadow] widgets: id="" params=0 vizKinds=[]
16:47:19.644 [DEBUG] [shadow] param_pages midi: 8 events (0 knob turns) / 1642ms
16:47:19.646 [DEBUG] [shim] Screen reader: Queued "Base Pitch, 65, 9 of 12" (pending=1)
16:47:19.646 [DEBUG] [shim] Screen reader: "Base Pitch, 65, 9 of 12" (injected 148 bytes to FD 12, serial=382)
16:47:19.646 [DEBUG] [shim] D-Bus signal: com.ableton.move.ScreenReader.text path=/com/ableton/move/screenreader sender=:1.12 arg0="Base Pitch, 65, 9 of 12"
16:47:19.646 [DEBUG] [shim] D-Bus text: "Base Pitch, 65, 9 of 12" (held_track=-1)
16:47:19.714 [DEBUG] [shadow] widgets: id="" params=0 vizKinds=[]
16:47:19.962 [DEBUG] [shadow] widgets: id="" params=0 vizKinds=[]
16:47:20.008 [DEBUG] [shadow_ui] param_giveup: claim=0 response=0 error=60 last_key=global_settings_module | claimwedge: rt=0 rr=0 blocked=0ms | slow>=90ms: n=0 worst=0ms key=- where=-
16:47:20.038 [DEBUG] [shadow] param_pages fps: 57 draws / 57 ticks / 1019ms
16:47:20.239 [DEBUG] [shadow] widgets: id="" params=0 vizKinds=[]
16:47:20.253 [DEBUG] [shadow] ui_view: parampages slot=0 component=global_settings step_observe_want=true
16:47:20.336 [DEBUG] [shim] Screen reader: Queued "Inflection, 44, 10 of 12" (pending=1)
16:47:20.337 [DEBUG] [shim] Screen reader: "Inflection, 44, 10 of 12" (injected 149 bytes to FD 12, serial=383)
16:47:20.337 [DEBUG] [shim] D-Bus signal: com.ableton.move.ScreenReader.text path=/com/ableton/move/screenreader sender=:1.12 arg0="Inflection, 44, 10 of 12"
16:47:20.337 [DEBUG] [shim] D-Bus text: "Inflection, 44, 10 of 12" (held_track=-1)
16:47:20.487 [DEBUG] [shadow] widgets: id="" params=0 vizKinds=[]
16:47:20.770 [DEBUG] [shadow] widgets: id="" params=0 vizKinds=[]
16:47:20.797 [DEBUG] [shadow] param_pages midi: 3 events (0 knob turns) / 1153ms
16:47:20.798 [DEBUG] [shim] Screen reader: Queued "Base Pitch, 65, 9 of 12" (pending=1)
16:47:20.798 [DEBUG] [shim] Screen reader: "Base Pitch, 65, 9 of 12" (injected 148 bytes to FD 12, serial=384)
16:47:20.799 [DEBUG] [shim] D-Bus signal: com.ableton.move.ScreenReader.text path=/com/ableton/move/screenreader sender=:1.12 arg0="Base Pitch, 65, 9 of 12"
16:47:20.799 [DEBUG] [shim] D-Bus text: "Base Pitch, 65, 9 of 12" (held_track=-1)
16:47:21.016 [DEBUG] [shadow_ui] param_giveup: claim=0 response=0 error=61 last_key=global_settings_module | claimwedge: rt=0 rr=0 blocked=0ms | slow>=90ms: n=0 worst=0ms key=- where=-
16:47:21.019 [DEBUG] [shadow] widgets: id="" params=0 vizKinds=[]
16:47:21.048 [DEBUG] [shadow] param_pages fps: 58 draws / 58 ticks / 1010ms
16:47:21.295 [DEBUG] [shadow] widgets: id="" params=0 vizKinds=[]
16:47:21.309 [DEBUG] [shim] Screen reader: Queued "Base Pitch, 65, 9 of 12" (pending=1)
16:47:21.309 [DEBUG] [shim] Screen reader: "Base Pitch, 65, 9 of 12" (injected 148 bytes to FD 12, serial=385)
16:47:21.309 [DEBUG] [shim] D-Bus signal: com.ableton.move.ScreenReader.text path=/com/ableton/move/screenreader sender=:1.12 arg0="Base Pitch, 65, 9 of 12"
16:47:21.309 [DEBUG] [shim] D-Bus text: "Base Pitch, 65, 9 of 12" (held_track=-1)
16:47:21.310 [DEBUG] [shadow] ui_view: parampages slot=0 component=global_settings step_observe_want=true
16:47:21.527 [DEBUG] [shim] Screen reader: Queued "64" (pending=1)
16:47:21.527 [DEBUG] [shim] Screen reader: "64" (injected 127 bytes to FD 12, serial=386)
16:47:21.527 [DEBUG] [shim] D-Bus signal: com.ableton.move.ScreenReader.text path=/com/ableton/move/screenreader sender=:1.12 arg0="64"
16:47:21.527 [DEBUG] [shim] D-Bus text: "64" (held_track=-1)
16:47:21.544 [DEBUG] [shadow] widgets: id="" params=0 vizKinds=[]
16:47:21.823 [DEBUG] [shadow] widgets: id="" params=0 vizKinds=[]
16:47:22.003 [DEBUG] [shadow_ui] param_giveup: claim=0 response=0 error=60 last_key=global_settings_module | claimwedge: rt=0 rr=0 blocked=0ms | slow>=90ms: n=0 worst=0ms key=- where=-
16:47:22.067 [DEBUG] [shadow] param_pages fps: 57 draws / 57 ticks / 1019ms
16:47:22.072 [DEBUG] [shadow] widgets: id="" params=0 vizKinds=[]
16:47:22.347 [DEBUG] [shadow] param_pages midi: 6 events (0 knob turns) / 1550ms
16:47:22.348 [DEBUG] [shim] Screen reader: Queued "61" (pending=1)
16:47:22.348 [DEBUG] [shim] Screen reader: "61" (injected 127 bytes to FD 12, serial=387)
16:47:22.349 [DEBUG] [shim] D-Bus signal: com.ableton.move.ScreenReader.text path=/com/ableton/move/screenreader sender=:1.12 arg0="61"
16:47:22.349 [DEBUG] [shim] D-Bus text: "61" (held_track=-1)
16:47:22.351 [DEBUG] [shadow] widgets: id="" params=0 vizKinds=[]
16:47:22.365 [DEBUG] [shadow] ui_view: parampages slot=0 component=global_settings step_observe_want=true
16:47:22.604 [DEBUG] [shadow] widgets: id="" params=0 vizKinds=[]
16:47:22.880 [DEBUG] [shadow] widgets: id="" params=0 vizKinds=[]
16:47:22.886 [DEBUG] [spi_timing] Frame(us): total avg=2680 max=2794 | pre avg=112 max=313 | ioctl avg=2551 max=2694 | post avg=15 max=41 | overruns=20
16:47:22.886 [DEBUG] [spi_timing] Pre(us): midi_mon=1/20 fwd_midi=2/69 mix_audio=7/40 ui_req=1/7 param=7/73 fwd_cc=0/0 proc_midi=1/12 jack_stash=1/24 drain_dsp=0/5 jack_wake=0/22 mix_buf=45/82 tts=8/34 display=6/198
16:47:22.886 [DEBUG] [spi_timing] Post(us): clear_leds=2/19 jack_midi=0/0 ui_midi=0/8 flush_leds=6/22 screenreader=0/204 jack_pre=0/0 jack_disp=0/0 pin=0/19 midi_scan=8/23 drain_dsp2=0/1 render=4/29
16:47:22.886 [DEBUG] [spi_timing] Slot render max(us): s0=0 s1=0 s2=0 s3=0 probe_burst_max=0
16:47:22.886 [DEBUG] [spi_timing] Slot synth max(us): s0=0 s1=0 s2=0 s3=0 | Slot fx max(us): s0=0 s1=0 s2=0 s3=0
16:47:23.010 [DEBUG] [shadow_ui] param_giveup: claim=0 response=0 error=61 last_key=global_settings_module | claimwedge: rt=0 rr=0 blocked=0ms | slow>=90ms: n=0 worst=0ms key=- where=-
16:47:23.077 [DEBUG] [shadow] param_pages fps: 58 draws / 58 ticks / 1010ms
16:47:23.132 [DEBUG] [shadow] widgets: id="" params=0 vizKinds=[]
16:47:23.294 [DEBUG] [shim] Screen reader: Queued "59" (pending=1)
16:47:23.294 [DEBUG] [shim] Screen reader: "59" (injected 127 bytes to FD 12, serial=388)
16:47:23.295 [DEBUG] [shim] D-Bus signal: com.ableton.move.ScreenReader.text path=/com/ableton/move/screenreader sender=:1.12 arg0="59"
16:47:23.295 [DEBUG] [shim] D-Bus text: "59" (held_track=-1)
16:47:23.408 [DEBUG] [shadow] widgets: id="" params=0 vizKinds=[]
16:47:23.422 [DEBUG] [shadow] ui_view: parampages slot=0 component=global_settings step_observe_want=true
16:47:23.658 [DEBUG] [shadow] widgets: id="" params=0 vizKinds=[]
16:47:23.936 [DEBUG] [shadow] widgets: id="" params=0 vizKinds=[]
16:47:24.018 [DEBUG] [shadow_ui] param_giveup: claim=0 response=0 error=61 last_key=global_settings_module | claimwedge: rt=0 rr=0 blocked=0ms | slow>=90ms: n=0 worst=0ms key=- where=-
16:47:24.032 [DEBUG] [shadow] param_pages midi: 3 events (0 knob turns) / 1685ms
16:47:24.034 [DEBUG] [shim] Screen reader: Queued "60" (pending=1)
16:47:24.035 [DEBUG] [shim] Screen reader: "60" (injected 127 bytes to FD 12, serial=389)
16:47:24.035 [DEBUG] [shim] D-Bus signal: com.ableton.move.ScreenReader.text path=/com/ableton/move/screenreader sender=:1.12 arg0="60"
16:47:24.035 [DEBUG] [shim] D-Bus text: "60" (held_track=-1)
16:47:24.096 [DEBUG] [shadow] param_pages fps: 57 draws / 57 ticks / 1019ms
16:47:24.186 [DEBUG] [shadow] widgets: id="" params=0 vizKinds=[]
16:47:24.473 [DEBUG] [shim] Screen reader: Queued "Base Pitch, 60, 9 of 12" (pending=1)
16:47:24.473 [DEBUG] [shim] Screen reader: "Base Pitch, 60, 9 of 12" (injected 148 bytes to FD 12, serial=390)
16:47:24.473 [DEBUG] [shim] D-Bus signal: com.ableton.move.ScreenReader.text path=/com/ableton/move/screenreader sender=:1.12 arg0="Base Pitch, 60, 9 of 12"
16:47:24.473 [DEBUG] [shim] D-Bus text: "Base Pitch, 60, 9 of 12" (held_track=-1)
16:47:24.477 [DEBUG] [shadow] widgets: id="" params=0 vizKinds=[]
16:47:24.487 [DEBUG] [shadow] ui_view: parampages slot=0 component=global_settings step_observe_want=true
16:47:24.726 [DEBUG] [shadow] widgets: id="" params=0 vizKinds=[]
16:47:24.821 [DEBUG] [shim] Screen reader: Queued "Head Size, 30, 8 of 12" (pending=1)
16:47:24.821 [DEBUG] [shim] Screen reader: "Head Size, 30, 8 of 12" (injected 147 bytes to FD 12, serial=391)
16:47:24.821 [DEBUG] [shim] D-Bus signal: com.ableton.move.ScreenReader.text path=/com/ableton/move/screenreader sender=:1.12 arg0="Head Size, 30, 8 of 12"
16:47:24.822 [DEBUG] [shim] D-Bus text: "Head Size, 30, 8 of 12" (held_track=-1)
16:47:24.888 [DEBUG] [shim] Screen reader: Queued "Gender, Male, 7 of 12" (pending=1)
16:47:24.888 [DEBUG] [shim] Screen reader: "Gender, Male, 7 of 12" (injected 146 bytes to FD 12, serial=392)
16:47:24.889 [DEBUG] [shim] D-Bus signal: com.ableton.move.ScreenReader.text path=/com/ableton/move/screenreader sender=:1.12 arg0="Gender, Male, 7 of 12"
16:47:24.889 [DEBUG] [shim] D-Bus text: "Gender, Male, 7 of 12" (held_track=-1)
16:47:25.001 [DEBUG] [shadow_ui] param_giveup: claim=0 response=0 error=59 last_key=global_settings_module | claimwedge: rt=0 rr=0 blocked=0ms | slow>=90ms: n=0 worst=0ms key=- where=-
16:47:25.001 [DEBUG] [shadow] widgets: id="" params=0 vizKinds=[]
16:47:25.101 [DEBUG] [shadow] param_pages fps: 57 draws / 57 ticks / 1005ms
16:47:25.254 [DEBUG] [shadow] widgets: id="" params=0 vizKinds=[]
16:47:25.348 [DEBUG] [shadow] param_pages midi: 5 events (0 knob turns) / 1316ms
16:47:25.349 [DEBUG] [shim] Screen reader: Queued "Head Size, 30, 8 of 12" (pending=1)
16:47:25.350 [DEBUG] [shim] Screen reader: "Head Size, 30, 8 of 12" (injected 147 bytes to FD 12, serial=393)
16:47:25.350 [DEBUG] [shim] D-Bus signal: com.ableton.move.ScreenReader.text path=/com/ableton/move/screenreader sender=:1.12 arg0="Head Size, 30, 8 of 12"
16:47:25.350 [DEBUG] [shim] D-Bus text: "Head Size, 30, 8 of 12" (held_track=-1)
16:47:25.529 [DEBUG] [shadow] widgets: id="" params=0 vizKinds=[]
16:47:25.544 [DEBUG] [shadow] ui_view: parampages slot=0 component=global_settings step_observe_want=true
16:47:25.782 [DEBUG] [shadow] widgets: id="" params=0 vizKinds=[]
16:47:25.927 [DEBUG] [shim] Screen reader: Queued "Gender, Male, 7 of 12" (pending=1)
16:47:25.927 [DEBUG] [shim] Screen reader: "Gender, Male, 7 of 12" (injected 146 bytes to FD 12, serial=394)
16:47:25.927 [DEBUG] [shim] D-Bus signal: com.ableton.move.ScreenReader.text path=/com/ableton/move/screenreader sender=:1.12 arg0="Gender, Male, 7 of 12"
16:47:25.928 [DEBUG] [shim] D-Bus text: "Gender, Male, 7 of 12" (held_track=-1)
16:47:26.012 [DEBUG] [shadow_ui] param_giveup: claim=0 response=0 error=63 last_key=global_settings_module | claimwedge: rt=0 rr=0 blocked=0ms | slow>=90ms: n=0 worst=0ms key=- where=-
16:47:26.058 [DEBUG] [shadow] widgets: id="" params=0 vizKinds=[]
16:47:26.108 [DEBUG] [shadow] param_pages fps: 57 draws / 57 ticks / 1007ms
16:47:26.272 [DEBUG] [shim] Screen reader: Queued "Gender, Male, 7 of 12" (pending=1)
16:47:26.273 [DEBUG] [shim] Screen reader: "Gender, Male, 7 of 12" (injected 146 bytes to FD 12, serial=395)
16:47:26.273 [DEBUG] [shim] D-Bus signal: com.ableton.move.ScreenReader.text path=/com/ableton/move/screenreader sender=:1.12 arg0="Gender, Male, 7 of 12"
16:47:26.273 [DEBUG] [shim] D-Bus text: "Gender, Male, 7 of 12" (held_track=-1)
16:47:26.308 [DEBUG] [shadow] widgets: id="" params=0 vizKinds=[]
16:47:26.404 [DEBUG] [shadow] param_pages midi: 3 events (0 knob turns) / 1056ms
16:47:26.586 [DEBUG] [shim] Screen reader: Queued "Female" (pending=1)
16:47:26.586 [DEBUG] [shim] Screen reader: "Female" (injected 131 bytes to FD 12, serial=396)
16:47:26.587 [DEBUG] [shim] D-Bus signal: com.ableton.move.ScreenReader.text path=/com/ableton/move/screenreader sender=:1.12 arg0="Female"
16:47:26.587 [DEBUG] [shim] D-Bus text: "Female" (held_track=-1)
16:47:26.589 [DEBUG] [shadow] widgets: id="" params=0 vizKinds=[]
16:47:26.604 [DEBUG] [shadow] ui_view: parampages slot=0 component=global_settings step_observe_want=true
16:47:26.839 [DEBUG] [shadow] widgets: id="" params=0 vizKinds=[]
16:47:27.005 [DEBUG] [shadow_ui] param_giveup: claim=0 response=0 error=60 last_key=global_settings_module | claimwedge: rt=0 rr=0 blocked=0ms | slow>=90ms: n=0 worst=0ms key=- where=-
16:47:27.036 [DEBUG] [shim] Screen reader: Queued "Gender, Female, 7 of 12" (pending=1)
16:47:27.036 [DEBUG] [shim] Screen reader: "Gender, Female, 7 of 12" (injected 148 bytes to FD 12, serial=397)
16:47:27.036 [DEBUG] [shim] D-Bus signal: com.ableton.move.ScreenReader.text path=/com/ableton/move/screenreader sender=:1.12 arg0="Gender, Female, 7 of 12"
16:47:27.036 [DEBUG] [shim] D-Bus text: "Gender, Female, 7 of 12" (held_track=-1)
16:47:27.111 [DEBUG] [shadow] param_pages fps: 56 draws / 56 ticks / 1003ms
16:47:27.117 [DEBUG] [shadow] widgets: id="" params=0 vizKinds=[]
16:47:27.370 [DEBUG] [shadow] widgets: id="" params=0 vizKinds=[]
16:47:27.464 [DEBUG] [shadow] param_pages midi: 6 events (0 knob turns) / 1060ms
16:47:27.465 [DEBUG] [shim] Screen reader: Queued "Head Size, 30, 8 of 12" (pending=1)
16:47:27.466 [DEBUG] [shim] Screen reader: "Head Size, 30, 8 of 12" (injected 147 bytes to FD 12, serial=398)
16:47:27.466 [DEBUG] [shim] D-Bus signal: com.ableton.move.ScreenReader.text path=/com/ableton/move/screenreader sender=:1.12 arg0="Head Size, 30, 8 of 12"
16:47:27.466 [DEBUG] [shim] D-Bus text: "Head Size, 30, 8 of 12" (held_track=-1)
16:47:27.649 [DEBUG] [shadow] widgets: id="" params=0 vizKinds=[]
16:47:27.663 [DEBUG] [shadow] ui_view: parampages slot=0 component=global_settings step_observe_want=true
16:47:27.886 [DEBUG] [spi_timing] Frame(us): total avg=2678 max=2804 | pre avg=115 max=319 | ioctl avg=2546 max=2692 | post avg=15 max=35 | overruns=20
16:47:27.886 [DEBUG] [spi_timing] Pre(us): midi_mon=1/13 fwd_midi=2/65 mix_audio=7/38 ui_req=1/24 param=7/37 fwd_cc=0/0 proc_midi=1/12 jack_stash=1/18 drain_dsp=0/4 jack_wake=0/20 mix_buf=46/78 tts=10/31 display=6/194
16:47:27.886 [DEBUG] [spi_timing] Post(us): clear_leds=2/20 jack_midi=0/0 ui_midi=0/19 flush_leds=6/31 screenreader=1/220 jack_pre=0/0 jack_disp=0/1 pin=0/22 midi_scan=8/26 drain_dsp2=0/4 render=5/18
16:47:27.886 [DEBUG] [spi_timing] Slot render max(us): s0=0 s1=0 s2=0 s3=0 probe_burst_max=0
16:47:27.886 [DEBUG] [spi_timing] Slot synth max(us): s0=0 s1=0 s2=0 s3=0 | Slot fx max(us): s0=0 s1=0 s2=0 s3=0
16:47:27.898 [DEBUG] [shadow] widgets: id="" params=0 vizKinds=[]
16:47:28.011 [DEBUG] [shadow_ui] param_giveup: claim=0 response=0 error=61 last_key=global_settings_module | claimwedge: rt=0 rr=0 blocked=0ms | slow>=90ms: n=0 worst=0ms key=- where=-
16:47:28.113 [DEBUG] [shadow] param_pages fps: 59 draws / 59 ticks / 1002ms
16:47:28.177 [DEBUG] [shadow] widgets: id="" params=0 vizKinds=[]
16:47:28.426 [DEBUG] [shadow] widgets: id="" params=0 vizKinds=[]
16:47:28.473 [DEBUG] [shadow] param_pages midi: 1 events (0 knob turns) / 1009ms
16:47:28.476 [DEBUG] [shim] Screen reader: Queued "Head Size, 30, 8 of 12" (pending=1)
16:47:28.476 [DEBUG] [shim] Screen reader: "Head Size, 30, 8 of 12" (injected 147 bytes to FD 12, serial=399)
16:47:28.476 [DEBUG] [shim] D-Bus signal: com.ableton.move.ScreenReader.text path=/com/ableton/move/screenreader sender=:1.12 arg0="Head Size, 30, 8 of 12"
16:47:28.476 [DEBUG] [shim] D-Bus text: "Head Size, 30, 8 of 12" (held_track=-1)
16:47:28.705 [DEBUG] [shadow] widgets: id="" params=0 vizKinds=[]
16:47:28.719 [DEBUG] [shadow] ui_view: parampages slot=0 component=global_settings step_observe_want=true
16:47:28.786 [DEBUG] [shim] Screen reader: Queued "31" (pending=1)
16:47:28.786 [DEBUG] [shim] Screen reader: "31" (injected 127 bytes to FD 12, serial=400)
16:47:28.787 [DEBUG] [shim] D-Bus signal: com.ableton.move.ScreenReader.text path=/com/ableton/move/screenreader sender=:1.12 arg0="31"
16:47:28.787 [DEBUG] [shim] D-Bus text: "31" (held_track=-1)
16:47:28.920 [DEBUG] [shim] Screen reader: Queued "38" (pending=1)
16:47:28.920 [DEBUG] [shim] Screen reader: "38" (injected 127 bytes to FD 12, serial=401)
16:47:28.920 [DEBUG] [shim] D-Bus signal: com.ableton.move.ScreenReader.text path=/com/ableton/move/screenreader sender=:1.12 arg0="38"
16:47:28.920 [DEBUG] [shim] D-Bus text: "38" (held_track=-1)
16:47:28.957 [DEBUG] [shadow] widgets: id="" params=0 vizKinds=[]
16:47:29.004 [DEBUG] [shadow_ui] param_giveup: claim=0 response=0 error=60 last_key=global_settings_module | claimwedge: rt=0 rr=0 blocked=0ms | slow>=90ms: n=0 worst=0ms key=- where=-
16:47:29.121 [DEBUG] [shadow] param_pages fps: 57 draws / 57 ticks / 1008ms
16:47:29.233 [DEBUG] [shim] Screen reader: Queued "39" (pending=1)
16:47:29.233 [DEBUG] [shim] Screen reader: "39" (injected 127 bytes to FD 12, serial=402)
16:47:29.234 [DEBUG] [shim] D-Bus signal: com.ableton.move.ScreenReader.text path=/com/ableton/move/screenreader sender=:1.12 arg0="39"
16:47:29.234 [DEBUG] [shim] D-Bus text: "39" (held_track=-1)
16:47:29.236 [DEBUG] [shadow] widgets: id="" params=0 vizKinds=[]
16:47:29.381 [DEBUG] [shim] Screen reader: Queued "42" (pending=1)
16:47:29.381 [DEBUG] [shim] Screen reader: "42" (injected 127 bytes to FD 12, serial=403)
16:47:29.382 [DEBUG] [shim] D-Bus signal: com.ableton.move.ScreenReader.text path=/com/ableton/move/screenreader sender=:1.12 arg0="42"
16:47:29.382 [DEBUG] [shim] D-Bus text: "42" (held_track=-1)
16:47:29.486 [DEBUG] [shadow] widgets: id="" params=0 vizKinds=[]
16:47:29.498 [DEBUG] [shadow] param_pages midi: 17 events (0 knob turns) / 1025ms
16:47:29.535 [DEBUG] [shim] Screen reader: Queued "47" (pending=1)
16:47:29.535 [DEBUG] [shim] Screen reader: "47" (injected 127 bytes to FD 12, serial=404)
16:47:29.535 [DEBUG] [shim] D-Bus signal: com.ableton.move.ScreenReader.text path=/com/ableton/move/screenreader sender=:1.12 arg0="47"
16:47:29.536 [DEBUG] [shim] D-Bus text: "47" (held_track=-1)
16:47:29.776 [DEBUG] [shadow] widgets: id="" params=0 vizKinds=[]
16:47:29.791 [DEBUG] [shadow] ui_view: parampages slot=0 component=global_settings step_observe_want=true
16:47:30.008 [DEBUG] [shadow_ui] param_giveup: claim=0 response=0 error=60 last_key=global_settings_module | claimwedge: rt=0 rr=0 blocked=0ms | slow>=90ms: n=0 worst=0ms key=- where=-
16:47:30.029 [DEBUG] [shadow] widgets: id="" params=0 vizKinds=[]
16:47:30.057 [DEBUG] [shim] Screen reader: Queued "49" (pending=1)
16:47:30.058 [DEBUG] [shim] Screen reader: "49" (injected 127 bytes to FD 12, serial=405)
16:47:30.058 [DEBUG] [shim] D-Bus signal: com.ableton.move.ScreenReader.text path=/com/ableton/move/screenreader sender=:1.12 arg0="49"
16:47:30.058 [DEBUG] [shim] D-Bus text: "49" (held_track=-1)
16:47:30.126 [DEBUG] [shadow] param_pages fps: 56 draws / 56 ticks / 1005ms
16:47:30.191 [DEBUG] [shim] Screen reader: Queued "54" (pending=1)
16:47:30.191 [DEBUG] [shim] Screen reader: "54" (injected 127 bytes to FD 12, serial=406)
16:47:30.192 [DEBUG] [shim] D-Bus signal: com.ableton.move.ScreenReader.text path=/com/ableton/move/screenreader sender=:1.12 arg0="54"
16:47:30.192 [DEBUG] [shim] D-Bus text: "54" (held_track=-1)
16:47:30.308 [DEBUG] [shadow] widgets: id="" params=0 vizKinds=[]
16:47:30.557 [DEBUG] [shadow] widgets: id="" params=0 vizKinds=[]
16:47:30.769 [DEBUG] [shadow] param_pages midi: 9 events (0 knob turns) / 1270ms
16:47:30.772 [DEBUG] [shim] Screen reader: Queued "55" (pending=1)
16:47:30.772 [DEBUG] [shim] Screen reader: "55" (injected 127 bytes to FD 12, serial=407)
16:47:30.772 [DEBUG] [shim] D-Bus signal: com.ableton.move.ScreenReader.text path=/com/ableton/move/screenreader sender=:1.12 arg0="55"
16:47:30.772 [DEBUG] [shim] D-Bus text: "55" (held_track=-1)
16:47:30.836 [DEBUG] [shadow] widgets: id="" params=0 vizKinds=[]
16:47:30.847 [DEBUG] [shadow] ui_view: parampages slot=0 component=global_settings step_observe_want=true
16:47:31.016 [DEBUG] [shadow_ui] param_giveup: claim=0 response=0 error=61 last_key=global_settings_module | claimwedge: rt=0 rr=0 blocked=0ms | slow>=90ms: n=0 worst=0ms key=- where=-
16:47:31.086 [DEBUG] [shadow] widgets: id="" params=0 vizKinds=[]
16:47:31.132 [DEBUG] [shadow] param_pages fps: 57 draws / 57 ticks / 1006ms
16:47:31.361 [DEBUG] [shadow] widgets: id="" params=0 vizKinds=[]
16:47:31.558 [DEBUG] [shim] Screen reader: Queued "60" (pending=1)
16:47:31.558 [DEBUG] [shim] Screen reader: "60" (injected 127 bytes to FD 12, serial=408)
16:47:31.559 [DEBUG] [shim] D-Bus signal: com.ableton.move.ScreenReader.text path=/com/ableton/move/screenreader sender=:1.12 arg0="60"
16:47:31.559 [DEBUG] [shim] D-Bus text: "60" (held_track=-1)
16:47:31.611 [DEBUG] [shadow] widgets: id="" params=0 vizKinds=[]
16:47:31.889 [DEBUG] [shadow] widgets: id="" params=0 vizKinds=[]
16:47:31.904 [DEBUG] [shadow] ui_view: parampages slot=0 component=global_settings step_observe_want=true
16:47:32.006 [DEBUG] [shadow_ui] param_giveup: claim=0 response=0 error=60 last_key=global_settings_module | claimwedge: rt=0 rr=0 blocked=0ms | slow>=90ms: n=0 worst=0ms key=- where=-
16:47:32.119 [DEBUG] [shadow] param_pages midi: 11 events (0 knob turns) / 1351ms
16:47:32.121 [DEBUG] [shim] Screen reader: Queued "66" (pending=1)
16:47:32.121 [DEBUG] [shim] Screen reader: "66" (injected 127 bytes to FD 12, serial=409)
16:47:32.122 [DEBUG] [shim] D-Bus signal: com.ableton.move.ScreenReader.text path=/com/ableton/move/screenreader sender=:1.12 arg0="66"
16:47:32.122 [DEBUG] [shim] D-Bus text: "66" (held_track=-1)
16:47:32.134 [DEBUG] [shadow] param_pages fps: 56 draws / 56 ticks / 1002ms
16:47:32.142 [DEBUG] [shadow] widgets: id="" params=0 vizKinds=[]
16:47:32.417 [DEBUG] [shadow] widgets: id="" params=0 vizKinds=[]
16:47:32.671 [DEBUG] [shadow] widgets: id="" params=0 vizKinds=[]
16:47:32.748 [DEBUG] [shim] Screen reader: Queued "72" (pending=1)
16:47:32.748 [DEBUG] [shim] Screen reader: "72" (injected 127 bytes to FD 12, serial=410)
16:47:32.749 [DEBUG] [shim] D-Bus signal: com.ableton.move.ScreenReader.text path=/com/ableton/move/screenreader sender=:1.12 arg0="72"
16:47:32.749 [DEBUG] [shim] D-Bus text: "72" (held_track=-1)
16:47:32.882 [DEBUG] [shim] Screen reader: Queued "78" (pending=1)
16:47:32.882 [DEBUG] [shim] Screen reader: "78" (injected 127 bytes to FD 12, serial=411)
16:47:32.882 [DEBUG] [shim] D-Bus signal: com.ableton.move.ScreenReader.text path=/com/ableton/move/screenreader sender=:1.12 arg0="78"
16:47:32.882 [DEBUG] [shim] D-Bus text: "78" (held_track=-1)
16:47:32.886 [DEBUG] [spi_timing] Frame(us): total avg=2683 max=2782 | pre avg=113 max=300 | ioctl avg=2554 max=2685 | post avg=15 max=36 | overruns=20
16:47:32.886 [DEBUG] [spi_timing] Pre(us): midi_mon=1/26 fwd_midi=2/73 mix_audio=7/38 ui_req=1/16 param=7/80 fwd_cc=0/3 proc_midi=1/20 jack_stash=1/11 drain_dsp=0/1 jack_wake=0/22 mix_buf=45/82 tts=9/33 display=6/190
16:47:32.887 [DEBUG] [spi_timing] Post(us): clear_leds=2/21 jack_midi=0/0 ui_midi=0/10 flush_leds=6/32 screenreader=1/193 jack_pre=0/0 jack_disp=0/0 pin=0/12 midi_scan=8/29 drain_dsp2=0/1 render=4/25
16:47:32.887 [DEBUG] [spi_timing] Slot render max(us): s0=0 s1=0 s2=0 s3=0 probe_burst_max=0
16:47:32.887 [DEBUG] [spi_timing] Slot synth max(us): s0=0 s1=0 s2=0 s3=0 | Slot fx max(us): s0=0 s1=0 s2=0 s3=0
16:47:32.946 [DEBUG] [shadow] widgets: id="" params=0 vizKinds=[]
16:47:32.960 [DEBUG] [shadow] ui_view: parampages slot=0 component=global_settings step_observe_want=true
16:47:33.010 [DEBUG] [shadow_ui] param_giveup: claim=0 response=0 error=61 last_key=global_settings_module | claimwedge: rt=0 rr=0 blocked=0ms | slow>=90ms: n=0 worst=0ms key=- where=-
16:47:33.144 [DEBUG] [shadow] param_pages fps: 58 draws / 58 ticks / 1009ms
16:47:33.195 [DEBUG] [shadow] widgets: id="" params=0 vizKinds=[]
16:47:33.359 [DEBUG] [shadow] param_pages midi: 13 events (0 knob turns) / 1239ms
16:47:33.361 [DEBUG] [shim] Screen reader: Queued "79" (pending=1)
16:47:33.361 [DEBUG] [shim] Screen reader: "79" (injected 127 bytes to FD 12, serial=412)
16:47:33.361 [DEBUG] [shim] D-Bus signal: com.ableton.move.ScreenReader.text path=/com/ableton/move/screenreader sender=:1.12 arg0="79"
16:47:33.361 [DEBUG] [shim] D-Bus text: "79" (held_track=-1)
16:47:33.474 [DEBUG] [shadow] widgets: id="" params=0 vizKinds=[]
16:47:33.727 [DEBUG] [shadow] widgets: id="" params=0 vizKinds=[]
16:47:33.999 [DEBUG] [shim] Screen reader: Queued "Head Size, 83, 8 of 12" (pending=1)
16:47:34.000 [DEBUG] [shim] Screen reader: "Head Size, 83, 8 of 12" (injected 147 bytes to FD 12, serial=413)
16:47:34.000 [DEBUG] [shim] D-Bus signal: com.ableton.move.ScreenReader.text path=/com/ableton/move/screenreader sender=:1.12 arg0="Head Size, 83, 8 of 12"
16:47:34.000 [DEBUG] [shim] D-Bus text: "Head Size, 83, 8 of 12" (held_track=-1)
16:47:34.002 [DEBUG] [shadow_ui] param_giveup: claim=0 response=0 error=60 last_key=global_settings_module | claimwedge: rt=0 rr=0 blocked=0ms | slow>=90ms: n=0 worst=0ms key=- where=-
16:47:34.003 [DEBUG] [shadow] widgets: id="" params=0 vizKinds=[]
16:47:34.018 [DEBUG] [shadow] ui_view: parampages slot=0 component=global_settings step_observe_want=true
16:47:34.163 [DEBUG] [shadow] param_pages fps: 57 draws / 57 ticks / 1020ms
16:47:34.252 [DEBUG] [shadow] widgets: id="" params=0 vizKinds=[]
16:47:34.533 [DEBUG] [shadow] widgets: id="" params=0 vizKinds=[]
16:47:34.561 [DEBUG] [shadow] param_pages midi: 7 events (0 knob turns) / 1203ms
16:47:34.562 [DEBUG] [shim] Screen reader: Queued "Gender, Female, 7 of 12" (pending=1)
16:47:34.563 [DEBUG] [shim] Screen reader: "Gender, Female, 7 of 12" (injected 148 bytes to FD 12, serial=414)
16:47:34.563 [DEBUG] [shim] D-Bus signal: com.ableton.move.ScreenReader.text path=/com/ableton/move/screenreader sender=:1.12 arg0="Gender, Female, 7 of 12"
16:47:34.563 [DEBUG] [shim] D-Bus text: "Gender, Female, 7 of 12" (held_track=-1)
16:47:34.784 [DEBUG] [shadow] widgets: id="" params=0 vizKinds=[]
16:47:35.001 [DEBUG] [shadow_ui] param_giveup: claim=0 response=0 error=62 last_key=global_settings_module | claimwedge: rt=0 rr=0 blocked=0ms | slow>=90ms: n=0 worst=0ms key=- where=-
16:47:35.065 [DEBUG] [shadow] widgets: id="" params=0 vizKinds=[]
16:47:35.079 [DEBUG] [shadow] ui_view: parampages slot=0 component=global_settings step_observe_want=true
16:47:35.164 [DEBUG] [shadow] param_pages fps: 57 draws / 57 ticks / 1001ms
16:47:35.318 [DEBUG] [shadow] widgets: id="" params=0 vizKinds=[]
16:47:35.364 [DEBUG] [shim] Screen reader: Queued "Gender, Female, 7 of 12" (pending=1)
16:47:35.364 [DEBUG] [shim] Screen reader: "Gender, Female, 7 of 12" (injected 148 bytes to FD 12, serial=415)
16:47:35.364 [DEBUG] [shim] D-Bus signal: com.ableton.move.ScreenReader.text path=/com/ableton/move/screenreader sender=:1.12 arg0="Gender, Female, 7 of 12"
16:47:35.364 [DEBUG] [shim] D-Bus text: "Gender, Female, 7 of 12" (held_track=-1)
16:47:35.593 [DEBUG] [shadow] widgets: id="" params=0 vizKinds=[]
16:47:35.640 [DEBUG] [shadow] param_pages midi: 3 events (0 knob turns) / 1079ms
16:47:35.642 [DEBUG] [shim] Screen reader: Queued "Male" (pending=1)
16:47:35.642 [DEBUG] [shim] Screen reader: "Male" (injected 129 bytes to FD 12, serial=416)
16:47:35.643 [DEBUG] [shim] D-Bus signal: com.ableton.move.ScreenReader.text path=/com/ableton/move/screenreader sender=:1.12 arg0="Male"
16:47:35.643 [DEBUG] [shim] D-Bus text: "Male" (held_track=-1)
16:47:35.846 [DEBUG] [shadow] widgets: id="" params=0 vizKinds=[]
16:47:36.008 [DEBUG] [shadow_ui] param_giveup: claim=0 response=0 error=61 last_key=global_settings_module | claimwedge: rt=0 rr=0 blocked=0ms | slow>=90ms: n=0 worst=0ms key=- where=-
16:47:36.121 [DEBUG] [shim] Screen reader: Queued "Gender, Male, 7 of 12" (pending=1)
16:47:36.121 [DEBUG] [shim] Screen reader: "Gender, Male, 7 of 12" (injected 146 bytes to FD 12, serial=417)
16:47:36.122 [DEBUG] [shim] D-Bus signal: com.ableton.move.ScreenReader.text path=/com/ableton/move/screenreader sender=:1.12 arg0="Gender, Male, 7 of 12"
16:47:36.122 [DEBUG] [shim] D-Bus text: "Gender, Male, 7 of 12" (held_track=-1)
16:47:36.124 [DEBUG] [shadow] widgets: id="" params=0 vizKinds=[]
16:47:36.136 [DEBUG] [shadow] ui_view: parampages slot=0 component=global_settings step_observe_want=true
16:47:36.172 [DEBUG] [shadow] param_pages fps: 57 draws / 57 ticks / 1007ms
16:47:36.375 [DEBUG] [shadow] widgets: id="" params=0 vizKinds=[]
16:47:36.589 [DEBUG] [shim] Screen reader: Queued "Head Size, 83, 8 of 12" (pending=1)
16:47:36.589 [DEBUG] [shim] Screen reader: "Head Size, 83, 8 of 12" (injected 147 bytes to FD 12, serial=418)
16:47:36.589 [DEBUG] [shim] D-Bus signal: com.ableton.move.ScreenReader.text path=/com/ableton/move/screenreader sender=:1.12 arg0="Head Size, 83, 8 of 12"
16:47:36.591 [DEBUG] [shim] D-Bus text: "Head Size, 83, 8 of 12" (held_track=-1)
16:47:36.656 [DEBUG] [shadow] widgets: id="" params=0 vizKinds=[]
16:47:36.906 [DEBUG] [shadow] widgets: id="" params=0 vizKinds=[]
16:47:37.003 [DEBUG] [shadow_ui] param_giveup: claim=0 response=0 error=60 last_key=global_settings_module | claimwedge: rt=0 rr=0 blocked=0ms | slow>=90ms: n=0 worst=0ms key=- where=-
16:47:37.135 [DEBUG] [shadow] param_pages midi: 4 events (0 knob turns) / 1495ms
16:47:37.137 [DEBUG] [shim] Screen reader: Queued "Head Size, 83, 8 of 12" (pending=1)
16:47:37.137 [DEBUG] [shim] Screen reader: "Head Size, 83, 8 of 12" (injected 147 bytes to FD 12, serial=419)
16:47:37.138 [DEBUG] [shim] D-Bus signal: com.ableton.move.ScreenReader.text path=/com/ableton/move/screenreader sender=:1.12 arg0="Head Size, 83, 8 of 12"
16:47:37.138 [DEBUG] [shim] D-Bus text: "Head Size, 83, 8 of 12" (held_track=-1)
16:47:37.178 [DEBUG] [shadow] param_pages fps: 56 draws / 56 ticks / 1007ms
16:47:37.185 [DEBUG] [shadow] widgets: id="" params=0 vizKinds=[]
16:47:37.199 [DEBUG] [shadow] ui_view: parampages slot=0 component=global_settings step_observe_want=true
16:47:37.381 [DEBUG] [shim] Screen reader: Queued "82" (pending=1)
16:47:37.381 [DEBUG] [shim] Screen reader: "82" (injected 127 bytes to FD 12, serial=420)
16:47:37.381 [DEBUG] [shim] D-Bus signal: com.ableton.move.ScreenReader.text path=/com/ableton/move/screenreader sender=:1.12 arg0="82"
16:47:37.381 [DEBUG] [shim] D-Bus text: "82" (held_track=-1)
16:47:37.433 [DEBUG] [shadow] widgets: id="" params=0 vizKinds=[]
16:47:37.549 [DEBUG] [shim] Screen reader: Queued "79" (pending=1)
16:47:37.549 [DEBUG] [shim] Screen reader: "79" (injected 127 bytes to FD 12, serial=421)
16:47:37.550 [DEBUG] [shim] D-Bus signal: com.ableton.move.ScreenReader.text path=/com/ableton/move/screenreader sender=:1.12 arg0="79"
16:47:37.550 [DEBUG] [shim] D-Bus text: "79" (held_track=-1)
16:47:37.709 [DEBUG] [shim] Screen reader: Queued "74" (pending=1)
16:47:37.709 [DEBUG] [shim] Screen reader: "74" (injected 127 bytes to FD 12, serial=422)
16:47:37.710 [DEBUG] [shim] D-Bus signal: com.ableton.move.ScreenReader.text path=/com/ableton/move/screenreader sender=:1.12 arg0="74"
16:47:37.710 [DEBUG] [shim] D-Bus text: "74" (held_track=-1)
16:47:37.716 [DEBUG] [shadow] widgets: id="" params=0 vizKinds=[]
16:47:37.887 [DEBUG] [spi_timing] Frame(us): total avg=2685 max=2799 | pre avg=112 max=301 | ioctl avg=2557 max=2694 | post avg=15 max=38 | overruns=20
16:47:37.887 [DEBUG] [spi_timing] Pre(us): midi_mon=1/13 fwd_midi=2/73 mix_audio=7/36 ui_req=1/12 param=7/73 fwd_cc=0/2 proc_midi=1/24 jack_stash=1/3 drain_dsp=0/1 jack_wake=0/8 mix_buf=45/84 tts=8/31 display=6/180
16:47:37.887 [DEBUG] [spi_timing] Post(us): clear_leds=2/13 jack_midi=0/24 ui_midi=0/4 flush_leds=6/31 screenreader=1/217 jack_pre=0/0 jack_disp=0/24 pin=0/9 midi_scan=8/26 drain_dsp2=0/1 render=4/21
16:47:37.887 [DEBUG] [spi_timing] Slot render max(us): s0=0 s1=0 s2=0 s3=0 probe_burst_max=0
16:47:37.887 [DEBUG] [spi_timing] Slot synth max(us): s0=0 s1=0 s2=0 s3=0 | Slot fx max(us): s0=0 s1=0 s2=0 s3=0
16:47:37.965 [DEBUG] [shadow] widgets: id="" params=0 vizKinds=[]
16:47:38.011 [DEBUG] [shadow_ui] param_giveup: claim=0 response=0 error=61 last_key=global_settings_module | claimwedge: rt=0 rr=0 blocked=0ms | slow>=90ms: n=0 worst=0ms key=- where=-
16:47:38.109 [DEBUG] [shim] Screen reader: Queued "Head Size, 73, 8 of 12" (pending=1)
16:47:38.110 [DEBUG] [shim] Screen reader: "Head Size, 73, 8 of 12" (injected 147 bytes to FD 12, serial=423)
16:47:38.110 [DEBUG] [shim] D-Bus signal: com.ableton.move.ScreenReader.text path=/com/ableton/move/screenreader sender=:1.12 arg0="Head Size, 73, 8 of 12"
16:47:38.110 [DEBUG] [shim] D-Bus text: "Head Size, 73, 8 of 12" (held_track=-1)
16:47:38.192 [DEBUG] [shadow] param_pages midi: 13 events (0 knob turns) / 1057ms
16:47:38.235 [DEBUG] [shadow] param_pages fps: 60 draws / 60 ticks / 1057ms
16:47:38.241 [DEBUG] [shadow] widgets: id="" params=0 vizKinds=[]
16:47:38.255 [DEBUG] [shadow] ui_view: parampages slot=0 component=global_settings step_observe_want=true
16:47:38.472 [DEBUG] [shim] Screen reader: Queued "Base Pitch, 60, 9 of 12" (pending=1)
16:47:38.472 [DEBUG] [shim] Screen reader: "Base Pitch, 60, 9 of 12" (injected 148 bytes to FD 12, serial=424)
16:47:38.473 [DEBUG] [shim] D-Bus signal: com.ableton.move.ScreenReader.text path=/com/ableton/move/screenreader sender=:1.12 arg0="Base Pitch, 60, 9 of 12"
16:47:38.473 [DEBUG] [shim] D-Bus text: "Base Pitch, 60, 9 of 12" (held_track=-1)
16:47:38.493 [DEBUG] [shadow] widgets: id="" params=0 vizKinds=[]
16:47:38.638 [DEBUG] [shim] Screen reader: Queued "Inflection, 44, 10 of 12" (pending=1)
16:47:38.638 [DEBUG] [shim] Screen reader: "Inflection, 44, 10 of 12" (injected 149 bytes to FD 12, serial=425)
16:47:38.638 [DEBUG] [shim] D-Bus signal: com.ableton.move.ScreenReader.text path=/com/ableton/move/screenreader sender=:1.12 arg0="Inflection, 44, 10 of 12"
16:47:38.638 [DEBUG] [shim] D-Bus text: "Inflection, 44, 10 of 12" (held_track=-1)
16:47:38.772 [DEBUG] [shadow] widgets: id="" params=0 vizKinds=[]
16:47:39.001 [DEBUG] [shadow_ui] param_giveup: claim=0 response=0 error=60 last_key=global_settings_module | claimwedge: rt=0 rr=0 blocked=0ms | slow>=90ms: n=0 worst=0ms key=- where=-
16:47:39.022 [DEBUG] [shadow] widgets: id="" params=0 vizKinds=[]
16:47:39.237 [DEBUG] [shadow] param_pages fps: 59 draws / 59 ticks / 1002ms
16:47:39.300 [DEBUG] [shadow] widgets: id="" params=0 vizKinds=[]
16:47:39.311 [DEBUG] [shadow] ui_view: parampages slot=0 component=global_settings step_observe_want=true
16:47:39.550 [DEBUG] [shadow] widgets: id="" params=0 vizKinds=[]
16:47:39.727 [DEBUG] [shadow] param_pages midi: 3 events (0 knob turns) / 1535ms
16:47:39.729 [DEBUG] [shim] Screen reader: Queued "Roughness, 18, 11 of 12" (pending=1)
16:47:39.729 [DEBUG] [shim] Screen reader: "Roughness, 18, 11 of 12" (injected 148 bytes to FD 12, serial=426)
16:47:39.730 [DEBUG] [shim] D-Bus signal: com.ableton.move.ScreenReader.text path=/com/ableton/move/screenreader sender=:1.12 arg0="Roughness, 18, 11 of 12"
16:47:39.730 [DEBUG] [shim] D-Bus text: "Roughness, 18, 11 of 12" (held_track=-1)
16:47:39.825 [DEBUG] [shadow] widgets: id="" params=0 vizKinds=[]
16:47:40.009 [DEBUG] [shadow_ui] param_giveup: claim=0 response=0 error=61 last_key=global_settings_module | claimwedge: rt=0 rr=0 blocked=0ms | slow>=90ms: n=0 worst=0ms key=- where=-
16:47:40.075 [DEBUG] [shadow] widgets: id="" params=0 vizKinds=[]
16:47:40.261 [DEBUG] [shadow] param_pages fps: 57 draws / 57 ticks / 1024ms
16:47:40.362 [DEBUG] [shadow] widgets: id="" params=0 vizKinds=[]
16:47:40.378 [DEBUG] [shadow] ui_view: parampages slot=0 component=global_settings step_observe_want=true
16:47:40.612 [DEBUG] [shadow] widgets: id="" params=0 vizKinds=[]
16:47:40.891 [DEBUG] [shadow] widgets: id="" params=0 vizKinds=[]
16:47:41.004 [DEBUG] [shadow_ui] param_giveup: claim=0 response=0 error=60 last_key=global_settings_module | claimwedge: rt=0 rr=0 blocked=0ms | slow>=90ms: n=0 worst=0ms key=- where=-
16:47:41.103 [DEBUG] [shadow] param_pages midi: 1 events (0 knob turns) / 1376ms
16:47:41.105 [DEBUG] [shim] Screen reader: Queued "Roughness, 18, 11 of 12" (pending=1)
16:47:41.105 [DEBUG] [shim] Screen reader: "Roughness, 18, 11 of 12" (injected 148 bytes to FD 12, serial=427)
16:47:41.106 [DEBUG] [shim] D-Bus signal: com.ableton.move.ScreenReader.text path=/com/ableton/move/screenreader sender=:1.12 arg0="Roughness, 18, 11 of 12"
16:47:41.106 [DEBUG] [shim] D-Bus text: "Roughness, 18, 11 of 12" (held_track=-1)
16:47:41.140 [DEBUG] [shadow] widgets: id="" params=0 vizKinds=[]
16:47:41.275 [DEBUG] [shadow] param_pages fps: 58 draws / 58 ticks / 1014ms
16:47:41.419 [DEBUG] [shadow] widgets: id="" params=0 vizKinds=[]
16:47:41.433 [DEBUG] [shadow] ui_view: parampages slot=0 component=global_settings step_observe_want=true
16:47:41.468 [DEBUG] [shim] Screen reader: Queued "19" (pending=1)
16:47:41.468 [DEBUG] [shim] Screen reader: "19" (injected 127 bytes to FD 12, serial=428)
16:47:41.468 [DEBUG] [shim] D-Bus signal: com.ableton.move.ScreenReader.text path=/com/ableton/move/screenreader sender=:1.12 arg0="19"
16:47:41.469 [DEBUG] [shim] D-Bus text: "19" (held_track=-1)
16:47:41.672 [DEBUG] [shadow] widgets: id="" params=0 vizKinds=[]
16:47:41.944 [DEBUG] [shim] Screen reader: Queued "27" (pending=1)
16:47:41.944 [DEBUG] [shim] Screen reader: "27" (injected 127 bytes to FD 12, serial=429)
16:47:41.945 [DEBUG] [shim] D-Bus signal: com.ableton.move.ScreenReader.text path=/com/ableton/move/screenreader sender=:1.12 arg0="27"
16:47:41.945 [DEBUG] [shim] D-Bus text: "27" (held_track=-1)
16:47:41.950 [DEBUG] [shadow] widgets: id="" params=0 vizKinds=[]
16:47:42.011 [DEBUG] [shadow_ui] param_giveup: claim=0 response=0 error=61 last_key=global_settings_module | claimwedge: rt=0 rr=0 blocked=0ms | slow>=90ms: n=0 worst=0ms key=- where=-
16:47:42.200 [DEBUG] [shadow] widgets: id="" params=0 vizKinds=[]
16:47:42.276 [DEBUG] [shadow] param_pages fps: 56 draws / 56 ticks / 1001ms
16:47:42.476 [DEBUG] [shadow] widgets: id="" params=0 vizKinds=[]
16:47:42.490 [DEBUG] [shadow] ui_view: parampages slot=0 component=global_settings step_observe_want=true
16:47:42.655 [DEBUG] [shadow] param_pages midi: 15 events (0 knob turns) / 1552ms
16:47:42.658 [DEBUG] [shim] Screen reader: Queued "32" (pending=1)
16:47:42.658 [DEBUG] [shim] Screen reader: "32" (injected 127 bytes to FD 12, serial=430)
16:47:42.658 [DEBUG] [shim] D-Bus signal: com.ableton.move.ScreenReader.text path=/com/ableton/move/screenreader sender=:1.12 arg0="32"
16:47:42.658 [DEBUG] [shim] D-Bus text: "32" (held_track=-1)
16:47:42.728 [DEBUG] [shadow] widgets: id="" params=0 vizKinds=[]
16:47:42.887 [DEBUG] [spi_timing] Frame(us): total avg=2686 max=2791 | pre avg=109 max=285 | ioctl avg=2561 max=2700 | post avg=15 max=35 | overruns=20
16:47:42.887 [DEBUG] [spi_timing] Pre(us): midi_mon=1/11 fwd_midi=2/64 mix_audio=7/42 ui_req=1/4 param=7/72 fwd_cc=0/0 proc_midi=1/20 jack_stash=1/3 drain_dsp=0/0 jack_wake=0/2 mix_buf=45/74 tts=7/37 display=6/180
16:47:42.887 [DEBUG] [spi_timing] Post(us): clear_leds=2/23 jack_midi=0/0 ui_midi=0/2 flush_leds=6/14 screenreader=0/234 jack_pre=0/0 jack_disp=0/0 pin=0/4 midi_scan=8/25 drain_dsp2=0/1 render=4/10
16:47:42.887 [DEBUG] [spi_timing] Slot render max(us): s0=0 s1=0 s2=0 s3=0 probe_burst_max=0
16:47:42.887 [DEBUG] [spi_timing] Slot synth max(us): s0=0 s1=0 s2=0 s3=0 | Slot fx max(us): s0=0 s1=0 s2=0 s3=0
16:47:43.001 [DEBUG] [shadow_ui] param_giveup: claim=0 response=0 error=59 last_key=global_settings_module | claimwedge: rt=0 rr=0 blocked=0ms | slow>=90ms: n=0 worst=0ms key=- where=-
16:47:43.004 [DEBUG] [shadow] widgets: id="" params=0 vizKinds=[]
16:47:43.183 [DEBUG] [shim] Screen reader: Queued "Roughness, 36, 11 of 12" (pending=1)
16:47:43.184 [DEBUG] [shim] Screen reader: "Roughness, 36, 11 of 12" (injected 148 bytes to FD 12, serial=431)
16:47:43.184 [DEBUG] [shim] D-Bus signal: com.ableton.move.ScreenReader.text path=/com/ableton/move/screenreader sender=:1.12 arg0="Roughness, 36, 11 of 12"
16:47:43.184 [DEBUG] [shim] D-Bus text: "Roughness, 36, 11 of 12" (held_track=-1)
16:47:43.257 [DEBUG] [shadow] widgets: id="" params=0 vizKinds=[]
16:47:43.285 [DEBUG] [shadow] param_pages fps: 58 draws / 58 ticks / 1009ms
16:47:43.533 [DEBUG] [shadow] widgets: id="" params=0 vizKinds=[]
16:47:43.546 [DEBUG] [shadow] ui_view: parampages slot=0 component=global_settings step_observe_want=true
16:47:43.546 [DEBUG] [shim] Screen reader: Queued "Inflection, 44, 10 of 12" (pending=1)
16:47:43.546 [DEBUG] [shim] Screen reader: "Inflection, 44, 10 of 12" (injected 149 bytes to FD 12, serial=432)
16:47:43.547 [DEBUG] [shim] D-Bus signal: com.ableton.move.ScreenReader.text path=/com/ableton/move/screenreader sender=:1.12 arg0="Inflection, 44, 10 of 12"
16:47:43.547 [DEBUG] [shim] D-Bus text: "Inflection, 44, 10 of 12" (held_track=-1)
16:47:43.782 [DEBUG] [shadow] widgets: id="" params=0 vizKinds=[]
16:47:44.014 [DEBUG] [shadow_ui] param_giveup: claim=0 response=0 error=64 last_key=global_settings_module | claimwedge: rt=0 rr=0 blocked=0ms | slow>=90ms: n=0 worst=0ms key=- where=-
16:47:44.060 [DEBUG] [shadow] widgets: id="" params=0 vizKinds=[]
16:47:44.073 [DEBUG] [shadow] param_pages midi: 8 events (0 knob turns) / 1418ms
16:47:44.074 [DEBUG] [shim] Screen reader: Queued "Inflection, 44, 10 of 12" (pending=1)
16:47:44.075 [DEBUG] [shim] Screen reader: "Inflection, 44, 10 of 12" (injected 149 bytes to FD 12, serial=433)
16:47:44.075 [DEBUG] [shim] D-Bus signal: com.ableton.move.ScreenReader.text path=/com/ableton/move/screenreader sender=:1.12 arg0="Inflection, 44, 10 of 12"
16:47:44.075 [DEBUG] [shim] D-Bus text: "Inflection, 44, 10 of 12" (held_track=-1)
16:47:44.304 [DEBUG] [shadow] param_pages fps: 57 draws / 57 ticks / 1019ms
16:47:44.310 [DEBUG] [shadow] widgets: id="" params=0 vizKinds=[]
16:47:44.359 [DEBUG] [shim] Screen reader: Queued "45" (pending=1)
16:47:44.359 [DEBUG] [shim] Screen reader: "45" (injected 127 bytes to FD 12, serial=434)
16:47:44.360 [DEBUG] [shim] D-Bus signal: com.ableton.move.ScreenReader.text path=/com/ableton/move/screenreader sender=:1.12 arg0="45"
16:47:44.360 [DEBUG] [shim] D-Bus text: "45" (held_track=-1)
16:47:44.592 [DEBUG] [shadow] widgets: id="" params=0 vizKinds=[]
16:47:44.603 [DEBUG] [shadow] ui_view: parampages slot=0 component=global_settings step_observe_want=true
16:47:44.842 [DEBUG] [shadow] widgets: id="" params=0 vizKinds=[]
16:47:44.905 [DEBUG] [shim] Screen reader: Queued "Inflection, 51, 10 of 12" (pending=1)
16:47:44.905 [DEBUG] [shim] Screen reader: "Inflection, 51, 10 of 12" (injected 149 bytes to FD 12, serial=435)
16:47:44.905 [DEBUG] [shim] D-Bus signal: com.ableton.move.ScreenReader.text path=/com/ableton/move/screenreader sender=:1.12 arg0="Inflection, 51, 10 of 12"
16:47:44.905 [DEBUG] [shim] D-Bus text: "Inflection, 51, 10 of 12" (held_track=-1)
16:47:45.003 [DEBUG] [shadow_ui] param_giveup: claim=0 response=0 error=60 last_key=global_settings_module | claimwedge: rt=0 rr=0 blocked=0ms | slow>=90ms: n=0 worst=0ms key=- where=-
16:47:45.117 [DEBUG] [shadow] widgets: id="" params=0 vizKinds=[]
16:47:45.314 [DEBUG] [shadow] param_pages fps: 58 draws / 58 ticks / 1010ms
16:47:45.330 [DEBUG] [shadow] param_pages midi: 11 events (0 knob turns) / 1257ms
16:47:45.331 [DEBUG] [shim] Screen reader: Queued "Roughness, 36, 11 of 12" (pending=1)
16:47:45.332 [DEBUG] [shim] Screen reader: "Roughness, 36, 11 of 12" (injected 148 bytes to FD 12, serial=436)
16:47:45.332 [DEBUG] [shim] D-Bus signal: com.ableton.move.ScreenReader.text path=/com/ableton/move/screenreader sender=:1.12 arg0="Roughness, 36, 11 of 12"
16:47:45.332 [DEBUG] [shim] D-Bus text: "Roughness, 36, 11 of 12" (held_track=-1)
16:47:45.370 [DEBUG] [shadow] widgets: id="" params=0 vizKinds=[]
16:47:45.381 [DEBUG] [shim] Screen reader: Queued "Breathiness, 20, 12 of 12" (pending=1)
16:47:45.381 [DEBUG] [shim] Screen reader: "Breathiness, 20, 12 of 12" (injected 150 bytes to FD 12, serial=437)
16:47:45.381 [DEBUG] [shim] D-Bus signal: com.ableton.move.ScreenReader.text path=/com/ableton/move/screenreader sender=:1.12 arg0="Breathiness, 20, 12 of 12"
16:47:45.381 [DEBUG] [shim] D-Bus text: "Breathiness, 20, 12 of 12" (held_track=-1)
16:47:45.658 [DEBUG] [shadow] widgets: id="" params=0 vizKinds=[]
16:47:45.671 [DEBUG] [shadow] ui_view: parampages slot=0 component=global_settings step_observe_want=true
16:47:45.910 [DEBUG] [shadow] widgets: id="" params=0 vizKinds=[]
16:47:46.005 [DEBUG] [shadow_ui] param_giveup: claim=0 response=0 error=60 last_key=global_settings_module | claimwedge: rt=0 rr=0 blocked=0ms | slow>=90ms: n=0 worst=0ms key=- where=-
16:47:46.022 [DEBUG] [shim] Screen reader: Queued "Roughness, 36, 11 of 12" (pending=1)
16:47:46.022 [DEBUG] [shim] Screen reader: "Roughness, 36, 11 of 12" (injected 148 bytes to FD 12, serial=438)
16:47:46.023 [DEBUG] [shim] D-Bus signal: com.ableton.move.ScreenReader.text path=/com/ableton/move/screenreader sender=:1.12 arg0="Roughness, 36, 11 of 12"
16:47:46.023 [DEBUG] [shim] D-Bus text: "Roughness, 36, 11 of 12" (held_track=-1)
16:47:46.188 [DEBUG] [shadow] widgets: id="" params=0 vizKinds=[]
16:47:46.319 [DEBUG] [shadow] param_pages fps: 56 draws / 56 ticks / 1005ms
16:47:46.382 [DEBUG] [shadow] param_pages midi: 5 events (0 knob turns) / 1052ms
16:47:46.385 [DEBUG] [shim] Screen reader: Queued "Breathiness, 20, 12 of 12" (pending=1)
16:47:46.385 [DEBUG] [shim] Screen reader: "Breathiness, 20, 12 of 12" (injected 150 bytes to FD 12, serial=439)
16:47:46.386 [DEBUG] [shim] D-Bus signal: com.ableton.move.ScreenReader.text path=/com/ableton/move/screenreader sender=:1.12 arg0="Breathiness, 20, 12 of 12"
16:47:46.386 [DEBUG] [shim] D-Bus text: "Breathiness, 20, 12 of 12" (held_track=-1)
16:47:46.438 [DEBUG] [shadow] widgets: id="" params=0 vizKinds=[]
16:47:46.714 [DEBUG] [shadow] widgets: id="" params=0 vizKinds=[]
16:47:46.728 [DEBUG] [shadow] ui_view: parampages slot=0 component=global_settings step_observe_want=true
16:47:46.896 [DEBUG] [shim] Screen reader: Queued "Breathiness, 20, 12 of 12" (pending=1)
16:47:46.896 [DEBUG] [shim] Screen reader: "Breathiness, 20, 12 of 12" (injected 150 bytes to FD 12, serial=440)
16:47:46.896 [DEBUG] [shim] D-Bus signal: com.ableton.move.ScreenReader.text path=/com/ableton/move/screenreader sender=:1.12 arg0="Breathiness, 20, 12 of 12"
16:47:46.896 [DEBUG] [shim] D-Bus text: "Breathiness, 20, 12 of 12" (held_track=-1)
16:47:46.963 [DEBUG] [shadow] widgets: id="" params=0 vizKinds=[]
16:47:47.012 [DEBUG] [shadow_ui] param_giveup: claim=0 response=0 error=61 last_key=global_settings_module | claimwedge: rt=0 rr=0 blocked=0ms | slow>=90ms: n=0 worst=0ms key=- where=-
16:47:47.242 [DEBUG] [shadow] widgets: id="" params=0 vizKinds=[]
16:47:47.324 [DEBUG] [shadow] param_pages fps: 57 draws / 57 ticks / 1005ms
16:47:47.472 [DEBUG] [shadow] param_pages midi: 3 events (0 knob turns) / 1090ms
16:47:47.474 [DEBUG] [shim] Screen reader: Queued "21" (pending=1)
16:47:47.474 [DEBUG] [shim] Screen reader: "21" (injected 127 bytes to FD 12, serial=441)
16:47:47.474 [DEBUG] [shim] D-Bus signal: com.ableton.move.ScreenReader.text path=/com/ableton/move/screenreader sender=:1.12 arg0="21"
16:47:47.474 [DEBUG] [shim] D-Bus text: "21" (held_track=-1)
16:47:47.491 [DEBUG] [shadow] widgets: id="" params=0 vizKinds=[]
16:47:47.624 [DEBUG] [shim] Screen reader: Queued "27" (pending=1)
16:47:47.625 [DEBUG] [shim] Screen reader: "27" (injected 127 bytes to FD 12, serial=442)
16:47:47.625 [DEBUG] [shim] D-Bus signal: com.ableton.move.ScreenReader.text path=/com/ableton/move/screenreader sender=:1.12 arg0="27"
16:47:47.625 [DEBUG] [shim] D-Bus text: "27" (held_track=-1)
16:47:47.767 [DEBUG] [shim] Screen reader: Queued "31" (pending=1)
16:47:47.767 [DEBUG] [shim] Screen reader: "31" (injected 127 bytes to FD 12, serial=443)
16:47:47.767 [DEBUG] [shim] D-Bus signal: com.ableton.move.ScreenReader.text path=/com/ableton/move/screenreader sender=:1.12 arg0="31"
16:47:47.767 [DEBUG] [shim] D-Bus text: "31" (held_track=-1)
16:47:47.770 [DEBUG] [shadow] widgets: id="" params=0 vizKinds=[]
16:47:47.784 [DEBUG] [shadow] ui_view: parampages slot=0 component=global_settings step_observe_want=true
16:47:47.888 [DEBUG] [spi_timing] Frame(us): total avg=2680 max=2808 | pre avg=115 max=284 | ioctl avg=2548 max=2688 | post avg=15 max=37 | overruns=20
16:47:47.889 [DEBUG] [spi_timing] Pre(us): midi_mon=1/13 fwd_midi=2/68 mix_audio=7/39 ui_req=1/11 param=7/74 fwd_cc=0/0 proc_midi=1/11 jack_stash=1/12 drain_dsp=0/1 jack_wake=0/3 mix_buf=45/77 tts=11/36 display=6/184
16:47:47.889 [DEBUG] [spi_timing] Post(us): clear_leds=2/14 jack_midi=0/2 ui_midi=0/20 flush_leds=7/24 screenreader=1/197 jack_pre=0/0 jack_disp=0/0 pin=0/18 midi_scan=8/27 drain_dsp2=0/5 render=4/24
16:47:47.889 [DEBUG] [spi_timing] Slot render max(us): s0=0 s1=0 s2=0 s3=0 probe_burst_max=0
16:47:47.889 [DEBUG] [spi_timing] Slot synth max(us): s0=0 s1=0 s2=0 s3=0 | Slot fx max(us): s0=0 s1=0 s2=0 s3=0
16:47:47.900 [DEBUG] [shim] Screen reader: Queued "37" (pending=1)
16:47:47.901 [DEBUG] [shim] Screen reader: "37" (injected 127 bytes to FD 12, serial=444)
16:47:47.901 [DEBUG] [shim] D-Bus signal: com.ableton.move.ScreenReader.text path=/com/ableton/move/screenreader sender=:1.12 arg0="37"
16:47:47.901 [DEBUG] [shim] D-Bus text: "37" (held_track=-1)
16:47:48.002 [DEBUG] [shadow_ui] param_giveup: claim=0 response=0 error=60 last_key=global_settings_module | claimwedge: rt=0 rr=0 blocked=0ms | slow>=90ms: n=0 worst=0ms key=- where=-
16:47:48.022 [DEBUG] [shadow] widgets: id="" params=0 vizKinds=[]
16:47:48.051 [DEBUG] [shim] Screen reader: Queued "41" (pending=1)
16:47:48.051 [DEBUG] [shim] Screen reader: "41" (injected 127 bytes to FD 12, serial=445)
16:47:48.052 [DEBUG] [shim] D-Bus signal: com.ableton.move.ScreenReader.text path=/com/ableton/move/screenreader sender=:1.12 arg0="41"
16:47:48.052 [DEBUG] [shim] D-Bus text: "41" (held_track=-1)
16:47:48.298 [DEBUG] [shadow] widgets: id="" params=0 vizKinds=[]
16:47:48.331 [DEBUG] [shadow] param_pages fps: 57 draws / 57 ticks / 1007ms
16:47:48.551 [DEBUG] [shadow] widgets: id="" params=0 vizKinds=[]
16:47:48.826 [DEBUG] [shadow] widgets: id="" params=0 vizKinds=[]
16:47:48.841 [DEBUG] [shadow] ui_view: parampages slot=0 component=global_settings step_observe_want=true
16:47:48.973 [DEBUG] [shadow] param_pages midi: 24 events (0 knob turns) / 1501ms
16:47:48.973 [DEBUG] [param_pages] touch slot=0 DOWN t=1790095668973 sincePrev=55418ms held=[]
16:47:48.974 [DEBUG] [shim] Screen reader: Queued "Screen Reader, On" (pending=1)
16:47:48.974 [DEBUG] [shim] Screen reader: "Screen Reader, On" (injected 142 bytes to FD 12, serial=446)
16:47:48.975 [DEBUG] [shim] D-Bus signal: com.ableton.move.ScreenReader.text path=/com/ableton/move/screenreader sender=:1.12 arg0="Screen Reader, On"
16:47:48.975 [DEBUG] [shim] D-Bus text: "Screen Reader, On" (held_track=-1)
16:47:49.010 [DEBUG] [shadow_ui] param_giveup: claim=0 response=0 error=61 last_key=global_settings_module | claimwedge: rt=0 rr=0 blocked=0ms | slow>=90ms: n=0 worst=0ms key=- where=-
16:47:49.079 [DEBUG] [shadow] widgets: id="" params=0 vizKinds=[]
16:47:49.349 [DEBUG] [shadow] param_pages fps: 57 draws / 57 ticks / 1018ms
16:47:49.351 [DEBUG] [param_pages] touch slot=0 up   t=1790095669351 sincePrev=378ms held=[0]
16:47:49.354 [DEBUG] [shadow] widgets: id="" params=0 vizKinds=[]
16:47:49.608 [DEBUG] [shadow] widgets: id="" params=0 vizKinds=[]
16:47:49.786 [DEBUG] [param_pages] touch slot=1 DOWN t=1790095669786 sincePrev=434ms held=[]
16:47:49.787 [DEBUG] [shim] Screen reader: Queued "Engine, Eloquence" (pending=1)
16:47:49.787 [DEBUG] [shim] Screen reader: "Engine, Eloquence" (injected 142 bytes to FD 12, serial=447)
16:47:49.787 [DEBUG] [shim] D-Bus signal: com.ableton.move.ScreenReader.text path=/com/ableton/move/screenreader sender=:1.12 arg0="Engine, Eloquence"
16:47:49.787 [DEBUG] [shim] D-Bus text: "Engine, Eloquence" (held_track=-1)
16:47:49.884 [DEBUG] [shadow] widgets: id="" params=0 vizKinds=[]
16:47:49.897 [DEBUG] [shadow] ui_view: parampages slot=0 component=global_settings step_observe_want=true
16:47:50.013 [DEBUG] [shadow_ui] param_giveup: claim=0 response=0 error=61 last_key=global_settings_module | claimwedge: rt=0 rr=0 blocked=0ms | slow>=90ms: n=0 worst=0ms key=- where=-
16:47:50.079 [DEBUG] [shadow] param_pages midi: 3 events (0 knob turns) / 1106ms
16:47:50.079 [DEBUG] [param_pages] touch slot=1 up   t=1790095670079 sincePrev=294ms held=[1]
16:47:50.133 [DEBUG] [shadow] widgets: id="" params=0 vizKinds=[]
16:47:50.406 [DEBUG] [shadow] param_pages fps: 60 draws / 60 ticks / 1056ms
16:47:50.412 [DEBUG] [shadow] widgets: id="" params=0 vizKinds=[]
16:47:50.664 [DEBUG] [shadow] widgets: id="" params=0 vizKinds=[]
16:47:50.952 [DEBUG] [shadow] widgets: id="" params=0 vizKinds=[]
16:47:50.964 [DEBUG] [param_pages] touch slot=5 DOWN t=1790095670964 sincePrev=885ms held=[]
16:47:50.965 [DEBUG] [shadow] ui_view: parampages slot=0 component=global_settings step_observe_want=true
16:47:50.965 [DEBUG] [shim] Screen reader: Queued "Voice, Old Male" (pending=1)
16:47:50.966 [DEBUG] [shim] Screen reader: "Voice, Old Male" (injected 140 bytes to FD 12, serial=448)
16:47:50.966 [DEBUG] [shim] D-Bus signal: com.ableton.move.ScreenReader.text path=/com/ableton/move/screenreader sender=:1.12 arg0="Voice, Old Male"
16:47:50.966 [DEBUG] [shim] D-Bus text: "Voice, Old Male" (held_track=-1)
16:47:51.001 [DEBUG] [shadow_ui] param_giveup: claim=0 response=0 error=59 last_key=global_settings_module | claimwedge: rt=0 rr=0 blocked=0ms | slow>=90ms: n=0 worst=0ms key=- where=-
16:47:51.164 [DEBUG] [shadow] param_pages midi: 2 events (0 knob turns) / 1085ms
16:47:51.164 [DEBUG] [param_pages] touch slot=5 up   t=1790095671164 sincePrev=200ms held=[5]
16:47:51.204 [DEBUG] [shadow] widgets: id="" params=0 vizKinds=[]
16:47:51.416 [DEBUG] [shadow] param_pages fps: 59 draws / 59 ticks / 1011ms
16:47:51.480 [DEBUG] [shadow] widgets: id="" params=0 vizKinds=[]
16:47:51.492 [DEBUG] [param_pages] touch slot=5 DOWN t=1790095671492 sincePrev=328ms held=[]
16:47:51.494 [DEBUG] [shim] Screen reader: Queued "Voice, Old Male" (pending=1)
16:47:51.494 [DEBUG] [shim] Screen reader: "Voice, Old Male" (injected 140 bytes to FD 12, serial=449)
16:47:51.494 [DEBUG] [shim] D-Bus signal: com.ableton.move.ScreenReader.text path=/com/ableton/move/screenreader sender=:1.12 arg0="Voice, Old Male"
16:47:51.494 [DEBUG] [shim] D-Bus text: "Voice, Old Male" (held_track=-1)
16:47:51.732 [DEBUG] [shadow] widgets: id="" params=0 vizKinds=[]
16:47:51.877 [DEBUG] [param_pages] touch slot=5 up   t=1790095671877 sincePrev=385ms held=[5]
16:47:51.877 [DEBUG] [param_pages] touch slot=5 DOWN t=1790095671877 sincePrev=0ms held=[]
16:47:51.880 [DEBUG] [shim] Screen reader: Queued "Voice, Old Male" (pending=1)
16:47:51.880 [DEBUG] [shim] Screen reader: "Voice, Old Male" (injected 140 bytes to FD 12, serial=450)
16:47:51.880 [DEBUG] [shim] D-Bus signal: com.ableton.move.ScreenReader.text path=/com/ableton/move/screenreader sender=:1.12 arg0="Voice, Old Male"
16:47:51.880 [DEBUG] [shim] D-Bus text: "Voice, Old Male" (held_track=-1)
16:47:52.008 [DEBUG] [shadow_ui] param_giveup: claim=0 response=0 error=60 last_key=global_settings_module | claimwedge: rt=0 rr=0 blocked=0ms | slow>=90ms: n=0 worst=0ms key=- where=-
16:47:52.011 [DEBUG] [shadow] widgets: id="" params=0 vizKinds=[]
16:47:52.022 [DEBUG] [shadow] ui_view: parampages slot=0 component=global_settings step_observe_want=true
16:47:52.261 [DEBUG] [shadow] widgets: id="" params=0 vizKinds=[]
16:47:52.427 [DEBUG] [shadow] param_pages fps: 57 draws / 57 ticks / 1011ms
16:47:52.539 [DEBUG] [shadow] widgets: id="" params=0 vizKinds=[]
16:47:52.585 [DEBUG] [shadow] param_pages midi: 4 events (0 knob turns) / 1421ms
16:47:52.585 [DEBUG] [param_pages] touch slot=5 up   t=1790095672585 sincePrev=708ms held=[5]
16:47:52.789 [DEBUG] [shadow] widgets: id="" params=0 vizKinds=[]
16:47:52.889 [DEBUG] [spi_timing] Frame(us): total avg=2684 max=2795 | pre avg=108 max=319 | ioctl avg=2559 max=2700 | post avg=15 max=44 | overruns=20
16:47:52.889 [DEBUG] [spi_timing] Pre(us): midi_mon=1/13 fwd_midi=2/65 mix_audio=7/38 ui_req=1/7 param=6/43 fwd_cc=0/0 proc_midi=1/9 jack_stash=1/10 drain_dsp=0/1 jack_wake=0/20 mix_buf=45/73 tts=6/38 display=6/196
16:47:52.889 [DEBUG] [spi_timing] Post(us): clear_leds=2/27 jack_midi=0/0 ui_midi=0/10 flush_leds=6/16 screenreader=0/197 jack_pre=0/0 jack_disp=0/22 pin=0/3 midi_scan=8/32 drain_dsp2=0/1 render=4/24
16:47:52.889 [DEBUG] [spi_timing] Slot render max(us): s0=0 s1=0 s2=0 s3=0 probe_burst_max=0
16:47:52.889 [DEBUG] [spi_timing] Slot synth max(us): s0=0 s1=0 s2=0 s3=0 | Slot fx max(us): s0=0 s1=0 s2=0 s3=0
16:47:53.004 [DEBUG] [shadow_ui] param_giveup: claim=0 response=0 error=63 last_key=global_settings_module | claimwedge: rt=0 rr=0 blocked=0ms | slow>=90ms: n=0 worst=0ms key=- where=-
16:47:53.067 [DEBUG] [shadow] widgets: id="" params=0 vizKinds=[]
16:47:53.082 [DEBUG] [shadow] ui_view: parampages slot=0 component=global_settings step_observe_want=true
16:47:53.180 [DEBUG] [shim] Screen reader: Queued "Breathiness, 44, 12 of 12" (pending=1)
16:47:53.180 [DEBUG] [shim] Screen reader: "Breathiness, 44, 12 of 12" (injected 150 bytes to FD 12, serial=451)
16:47:53.181 [DEBUG] [shim] D-Bus signal: com.ableton.move.ScreenReader.text path=/com/ableton/move/screenreader sender=:1.12 arg0="Breathiness, 44, 12 of 12"
16:47:53.181 [DEBUG] [shim] D-Bus text: "Breathiness, 44, 12 of 12" (held_track=-1)
16:47:53.317 [DEBUG] [shadow] widgets: id="" params=0 vizKinds=[]
16:47:53.434 [DEBUG] [shadow] param_pages fps: 57 draws / 57 ticks / 1007ms
16:47:53.595 [DEBUG] [shadow] widgets: id="" params=0 vizKinds=[]
16:47:53.809 [DEBUG] [shadow] param_pages midi: 3 events (0 knob turns) / 1223ms
16:47:53.809 [DEBUG] [param_pages] touch slot=4 DOWN t=1790095673809 sincePrev=1224ms held=[]
16:47:53.810 [DEBUG] [shim] Screen reader: Queued "Speak Delay, 50 ms" (pending=1)
16:47:53.810 [DEBUG] [shim] Screen reader: "Speak Delay, 50 ms" (injected 143 bytes to FD 12, serial=452)
16:47:53.811 [DEBUG] [shim] D-Bus signal: com.ableton.move.ScreenReader.text path=/com/ableton/move/screenreader sender=:1.12 arg0="Speak Delay, 50 ms"
16:47:53.811 [DEBUG] [shim] D-Bus text: "Speak Delay, 50 ms" (held_track=-1)
16:47:53.848 [DEBUG] [shadow] widgets: id="" params=0 vizKinds=[]
16:47:54.010 [DEBUG] [shadow_ui] param_giveup: claim=0 response=0 error=61 last_key=global_settings_module | claimwedge: rt=0 rr=0 blocked=0ms | slow>=90ms: n=0 worst=0ms key=- where=-
16:47:54.124 [DEBUG] [shadow] widgets: id="" params=0 vizKinds=[]
16:47:54.138 [DEBUG] [shadow] ui_view: parampages slot=0 component=global_settings step_observe_want=true
16:47:54.303 [DEBUG] [param_pages] touch slot=4 up   t=1790095674303 sincePrev=494ms held=[4]
16:47:54.374 [DEBUG] [shadow] widgets: id="" params=0 vizKinds=[]
16:47:54.403 [DEBUG] [param_pages] touch slot=5 DOWN t=1790095674403 sincePrev=100ms held=[]
16:47:54.405 [DEBUG] [shim] Screen reader: Queued "Voice, Old Male" (pending=1)
16:47:54.405 [DEBUG] [shim] Screen reader: "Voice, Old Male" (injected 140 bytes to FD 12, serial=453)
16:47:54.406 [DEBUG] [shim] D-Bus signal: com.ableton.move.ScreenReader.text path=/com/ableton/move/screenreader sender=:1.12 arg0="Voice, Old Male"
16:47:54.406 [DEBUG] [shim] D-Bus text: "Voice, Old Male" (held_track=-1)
16:47:54.449 [DEBUG] [shadow] param_pages fps: 57 draws / 57 ticks / 1015ms
16:47:54.605 [DEBUG] [shim] Screen reader: Queued "Old Male" (pending=1)
16:47:54.606 [DEBUG] [shim] Screen reader: "Old Male" (injected 133 bytes to FD 12, serial=454)
16:47:54.606 [DEBUG] [shim] D-Bus signal: com.ableton.move.ScreenReader.text path=/com/ableton/move/screenreader sender=:1.12 arg0="Old Male"
16:47:54.606 [DEBUG] [shim] D-Bus text: "Old Male" (held_track=-1)
16:47:54.655 [DEBUG] [shadow] widgets: id="" params=0 vizKinds=[]
16:47:54.768 [DEBUG] [shim] Screen reader: Queued "Old Male" (pending=1)
16:47:54.768 [DEBUG] [shim] Screen reader: "Old Male" (injected 133 bytes to FD 12, serial=455)
16:47:54.769 [DEBUG] [shim] D-Bus signal: com.ableton.move.ScreenReader.text path=/com/ableton/move/screenreader sender=:1.12 arg0="Old Male"
16:47:54.769 [DEBUG] [shim] D-Bus text: "Old Male" (held_track=-1)
16:47:54.817 [DEBUG] [shadow] param_pages midi: 8 events (5 knob turns) / 1009ms
16:47:54.901 [DEBUG] [shim] Screen reader: Queued "Old Male" (pending=1)
16:47:54.902 [DEBUG] [shim] Screen reader: "Old Male" (injected 133 bytes to FD 12, serial=456)
16:47:54.902 [DEBUG] [shim] D-Bus signal: com.ableton.move.ScreenReader.text path=/com/ableton/move/screenreader sender=:1.12 arg0="Old Male"
16:47:54.902 [DEBUG] [shim] D-Bus text: "Old Male" (held_track=-1)
16:47:54.905 [DEBUG] [shadow] widgets: id="" params=0 vizKinds=[]
16:47:55.003 [DEBUG] [shadow_ui] param_giveup: claim=0 response=0 error=60 last_key=global_settings_module | claimwedge: rt=0 rr=0 blocked=0ms | slow>=90ms: n=0 worst=0ms key=- where=-
16:47:55.035 [DEBUG] [shim] Screen reader: Queued "Old Male" (pending=1)
16:47:55.035 [DEBUG] [shim] Screen reader: "Old Male" (injected 133 bytes to FD 12, serial=457)
16:47:55.035 [DEBUG] [shim] D-Bus signal: com.ableton.move.ScreenReader.text path=/com/ableton/move/screenreader sender=:1.12 arg0="Old Male"
16:47:55.036 [DEBUG] [shim] D-Bus text: "Old Male" (held_track=-1)
16:47:55.180 [DEBUG] [shim] Screen reader: Queued "Old Male" (pending=1)
16:47:55.180 [DEBUG] [shim] Screen reader: "Old Male" (injected 133 bytes to FD 12, serial=458)
16:47:55.181 [DEBUG] [shim] D-Bus signal: com.ableton.move.ScreenReader.text path=/com/ableton/move/screenreader sender=:1.12 arg0="Old Male"
16:47:55.181 [DEBUG] [shim] D-Bus text: "Old Male" (held_track=-1)
16:47:55.184 [DEBUG] [shadow] widgets: id="" params=0 vizKinds=[]
16:47:55.198 [DEBUG] [shadow] ui_view: parampages slot=0 component=global_settings step_observe_want=true
16:47:55.314 [DEBUG] [shim] Screen reader: Queued "Old Male" (pending=1)
16:47:55.314 [DEBUG] [shim] Screen reader: "Old Male" (injected 133 bytes to FD 12, serial=459)
16:47:55.314 [DEBUG] [shim] D-Bus signal: com.ableton.move.ScreenReader.text path=/com/ableton/move/screenreader sender=:1.12 arg0="Old Male"
16:47:55.314 [DEBUG] [shim] D-Bus text: "Old Male" (held_track=-1)
16:47:55.433 [DEBUG] [shadow] widgets: id="" params=0 vizKinds=[]
16:47:55.447 [DEBUG] [shim] Screen reader: Queued "Old Male" (pending=1)
16:47:55.447 [DEBUG] [shim] Screen reader: "Old Male" (injected 133 bytes to FD 12, serial=460)
16:47:55.448 [DEBUG] [shim] D-Bus signal: com.ableton.move.ScreenReader.text path=/com/ableton/move/screenreader sender=:1.12 arg0="Old Male"
16:47:55.448 [DEBUG] [shim] D-Bus text: "Old Male" (held_track=-1)
16:47:55.466 [DEBUG] [shadow] param_pages fps: 58 draws / 58 ticks / 1017ms
16:47:55.715 [DEBUG] [shadow] widgets: id="" params=0 vizKinds=[]
16:47:55.859 [DEBUG] [shadow] param_pages midi: 36 events (36 knob turns) / 1042ms
16:47:55.859 [DEBUG] [shim] Screen reader: Queued "Old Male" (pending=1)
16:47:55.860 [DEBUG] [shim] Screen reader: "Old Male" (injected 133 bytes to FD 12, serial=461)
16:47:55.860 [DEBUG] [shim] D-Bus signal: com.ableton.move.ScreenReader.text path=/com/ableton/move/screenreader sender=:1.12 arg0="Old Male"
16:47:55.860 [DEBUG] [shim] D-Bus text: "Old Male" (held_track=-1)
16:47:55.964 [DEBUG] [shadow] widgets: id="" params=0 vizKinds=[]
16:47:55.996 [DEBUG] [shim] Screen reader: Queued "Old Female" (pending=1)
16:47:55.996 [DEBUG] [shim] Screen reader: "Old Female" (injected 135 bytes to FD 12, serial=462)
16:47:55.996 [DEBUG] [shim] D-Bus signal: com.ableton.move.ScreenReader.text path=/com/ableton/move/screenreader sender=:1.12 arg0="Old Female"
16:47:55.996 [DEBUG] [shim] D-Bus text: "Old Female" (held_track=-1)
16:47:56.014 [DEBUG] [shadow_ui] param_giveup: claim=0 response=0 error=61 last_key=global_settings_module | claimwedge: rt=0 rr=0 blocked=0ms | slow>=90ms: n=0 worst=0ms key=- where=-
16:47:56.129 [DEBUG] [shim] Screen reader: Queued "Male 3" (pending=1)
16:47:56.129 [DEBUG] [shim] Screen reader: "Male 3" (injected 131 bytes to FD 12, serial=463)
16:47:56.130 [DEBUG] [shim] D-Bus signal: com.ableton.move.ScreenReader.text path=/com/ableton/move/screenreader sender=:1.12 arg0="Male 3"
16:47:56.130 [DEBUG] [shim] D-Bus text: "Male 3" (held_track=-1)
16:47:56.248 [DEBUG] [shim] Screen reader: Queued "Male 2" (pending=1)
16:47:56.249 [DEBUG] [shim] Screen reader: "Male 2" (injected 131 bytes to FD 12, serial=464)
16:47:56.249 [DEBUG] [shim] D-Bus signal: com.ableton.move.ScreenReader.text path=/com/ableton/move/screenreader sender=:1.12 arg0="Male 2"
16:47:56.249 [DEBUG] [shim] D-Bus text: "Male 2" (held_track=-1)
16:47:56.255 [DEBUG] [shadow] widgets: id="" params=0 vizKinds=[]
16:47:56.266 [DEBUG] [shadow] ui_view: parampages slot=0 component=global_settings step_observe_want=true
16:47:56.382 [DEBUG] [shim] Screen reader: Queued "Male 1" (pending=1)
16:47:56.382 [DEBUG] [shim] Screen reader: "Male 1" (injected 131 bytes to FD 12, serial=465)
16:47:56.382 [DEBUG] [shim] D-Bus signal: com.ableton.move.ScreenReader.text path=/com/ableton/move/screenreader sender=:1.12 arg0="Male 1"
16:47:56.382 [DEBUG] [shim] D-Bus text: "Male 1" (held_track=-1)
16:47:56.467 [DEBUG] [shadow] param_pages fps: 56 draws / 56 ticks / 1001ms
16:47:56.504 [DEBUG] [shadow] widgets: id="" params=0 vizKinds=[]
16:47:56.515 [DEBUG] [shim] Screen reader: Queued "Male 1" (pending=1)
16:47:56.516 [DEBUG] [shim] Screen reader: "Male 1" (injected 131 bytes to FD 12, serial=466)
16:47:56.516 [DEBUG] [shim] D-Bus signal: com.ableton.move.ScreenReader.text path=/com/ableton/move/screenreader sender=:1.12 arg0="Male 1"
16:47:56.516 [DEBUG] [shim] D-Bus text: "Male 1" (held_track=-1)
16:47:56.652 [DEBUG] [shim] Screen reader: Queued "Male 1" (pending=1)
16:47:56.652 [DEBUG] [shim] Screen reader: "Male 1" (injected 131 bytes to FD 12, serial=467)
16:47:56.652 [DEBUG] [shim] D-Bus signal: com.ableton.move.ScreenReader.text path=/com/ableton/move/screenreader sender=:1.12 arg0="Male 1"
16:47:56.652 [DEBUG] [shim] D-Bus text: "Male 1" (held_track=-1)
16:47:56.782 [DEBUG] [shim] Screen reader: Queued "Male 1" (pending=1)
16:47:56.783 [DEBUG] [shim] Screen reader: "Male 1" (injected 131 bytes to FD 12, serial=468)
16:47:56.783 [DEBUG] [shim] D-Bus signal: com.ableton.move.ScreenReader.text path=/com/ableton/move/screenreader sender=:1.12 arg0="Male 1"
16:47:56.783 [DEBUG] [shim] D-Bus text: "Male 1" (held_track=-1)
16:47:56.785 [DEBUG] [shadow] widgets: id="" params=0 vizKinds=[]
16:47:56.879 [DEBUG] [shadow] param_pages midi: 49 events (49 knob turns) / 1020ms
16:47:56.913 [DEBUG] [shim] Screen reader: Queued "Male 1" (pending=1)
16:47:56.913 [DEBUG] [shim] Screen reader: "Male 1" (injected 131 bytes to FD 12, serial=469)
16:47:56.914 [DEBUG] [shim] D-Bus signal: com.ableton.move.ScreenReader.text path=/com/ableton/move/screenreader sender=:1.12 arg0="Male 1"
16:47:56.914 [DEBUG] [shim] D-Bus text: "Male 1" (held_track=-1)
16:47:57.015 [DEBUG] [shadow_ui] param_giveup: claim=0 response=0 error=60 last_key=global_settings_module | claimwedge: rt=0 rr=0 blocked=0ms | slow>=90ms: n=0 worst=0ms key=- where=-
16:47:57.036 [DEBUG] [shadow] widgets: id="" params=0 vizKinds=[]
16:47:57.047 [DEBUG] [shim] Screen reader: Queued "Male 1" (pending=1)
16:47:57.047 [DEBUG] [shim] Screen reader: "Male 1" (injected 131 bytes to FD 12, serial=470)
16:47:57.047 [DEBUG] [shim] D-Bus signal: com.ableton.move.ScreenReader.text path=/com/ableton/move/screenreader sender=:1.12 arg0="Male 1"
16:47:57.047 [DEBUG] [shim] D-Bus text: "Male 1" (held_track=-1)
16:47:57.264 [DEBUG] [shim] Screen reader: Queued "Male 1" (pending=1)
16:47:57.264 [DEBUG] [shim] Screen reader: "Male 1" (injected 131 bytes to FD 12, serial=471)
16:47:57.265 [DEBUG] [shim] D-Bus signal: com.ableton.move.ScreenReader.text path=/com/ableton/move/screenreader sender=:1.12 arg0="Male 1"
16:47:57.265 [DEBUG] [shim] D-Bus text: "Male 1" (held_track=-1)
16:47:57.311 [DEBUG] [shadow] widgets: id="" params=0 vizKinds=[]
16:47:57.325 [DEBUG] [shadow] ui_view: parampages slot=0 component=global_settings step_observe_want=true
16:47:57.392 [DEBUG] [shim] Screen reader: Queued "Child" (pending=1)
16:47:57.392 [DEBUG] [shim] Screen reader: "Child" (injected 130 bytes to FD 12, serial=472)
16:47:57.392 [DEBUG] [shim] D-Bus signal: com.ableton.move.ScreenReader.text path=/com/ableton/move/screenreader sender=:1.12 arg0="Child"
16:47:57.393 [DEBUG] [shim] D-Bus text: "Child" (held_track=-1)
16:47:57.470 [DEBUG] [shadow] param_pages fps: 56 draws / 56 ticks / 1003ms
16:47:57.560 [DEBUG] [shim] Screen reader: Queued "Male 2" (pending=1)
16:47:57.561 [DEBUG] [shim] Screen reader: "Male 2" (injected 131 bytes to FD 12, serial=473)
16:47:57.561 [DEBUG] [shim] D-Bus signal: com.ableton.move.ScreenReader.text path=/com/ableton/move/screenreader sender=:1.12 arg0="Male 2"
16:47:57.561 [DEBUG] [shim] D-Bus text: "Male 2" (held_track=-1)
16:47:57.564 [DEBUG] [shadow] widgets: id="" params=0 vizKinds=[]
16:47:57.708 [DEBUG] [shim] Screen reader: Queued "Female 2" (pending=1)
16:47:57.709 [DEBUG] [shim] Screen reader: "Female 2" (injected 133 bytes to FD 12, serial=474)
16:47:57.709 [DEBUG] [shim] D-Bus signal: com.ableton.move.ScreenReader.text path=/com/ableton/move/screenreader sender=:1.12 arg0="Female 2"
16:47:57.709 [DEBUG] [shim] D-Bus text: "Female 2" (held_track=-1)
16:47:57.839 [DEBUG] [shim] Screen reader: Queued "Female 2" (pending=1)
16:47:57.839 [DEBUG] [shim] Screen reader: "Female 2" (injected 133 bytes to FD 12, serial=475)
16:47:57.840 [DEBUG] [shim] D-Bus signal: com.ableton.move.ScreenReader.text path=/com/ableton/move/screenreader sender=:1.12 arg0="Female 2"
16:47:57.840 [DEBUG] [shim] D-Bus text: "Female 2" (held_track=-1)
16:47:57.842 [DEBUG] [shadow] widgets: id="" params=0 vizKinds=[]
16:47:57.889 [DEBUG] [spi_timing] Frame(us): total avg=2679 max=2802 | pre avg=115 max=310 | ioctl avg=2546 max=2693 | post avg=15 max=40 | overruns=20
16:47:57.889 [DEBUG] [spi_timing] Pre(us): midi_mon=2/12 fwd_midi=2/85 mix_audio=8/39 ui_req=1/4 param=7/79 fwd_cc=0/0 proc_midi=1/9 jack_stash=1/19 drain_dsp=0/15 jack_wake=0/11 mix_buf=46/71 tts=10/38 display=6/196
16:47:57.889 [DEBUG] [spi_timing] Post(us): clear_leds=2/22 jack_midi=0/0 ui_midi=0/6 flush_leds=6/20 screenreader=2/205 jack_pre=0/0 jack_disp=0/5 pin=0/9 midi_scan=8/28 drain_dsp2=0/6 render=5/25
16:47:57.889 [DEBUG] [spi_timing] Slot render max(us): s0=0 s1=0 s2=0 s3=0 probe_burst_max=0
16:47:57.889 [DEBUG] [spi_timing] Slot synth max(us): s0=0 s1=0 s2=0 s3=0 | Slot fx max(us): s0=0 s1=0 s2=0 s3=0
16:47:57.902 [DEBUG] [shadow] param_pages midi: 45 events (45 knob turns) / 1023ms
16:47:57.987 [DEBUG] [shim] Screen reader: Queued "Old Male" (pending=1)
16:47:57.987 [DEBUG] [shim] Screen reader: "Old Male" (injected 133 bytes to FD 12, serial=476)
16:47:57.988 [DEBUG] [shim] D-Bus signal: com.ableton.move.ScreenReader.text path=/com/ableton/move/screenreader sender=:1.12 arg0="Old Male"
16:47:57.988 [DEBUG] [shim] D-Bus text: "Old Male" (held_track=-1)
16:47:58.005 [DEBUG] [shadow_ui] param_giveup: claim=0 response=0 error=60 last_key=global_settings_module | claimwedge: rt=0 rr=0 blocked=0ms | slow>=90ms: n=0 worst=0ms key=- where=-
16:47:58.092 [DEBUG] [shadow] widgets: id="" params=0 vizKinds=[]
16:47:58.155 [DEBUG] [shim] Screen reader: Queued "Old Male" (pending=1)
16:47:58.156 [DEBUG] [shim] Screen reader: "Old Male" (injected 133 bytes to FD 12, serial=477)
16:47:58.156 [DEBUG] [shim] D-Bus signal: com.ableton.move.ScreenReader.text path=/com/ableton/move/screenreader sender=:1.12 arg0="Old Male"
16:47:58.156 [DEBUG] [shim] D-Bus text: "Old Male" (held_track=-1)
16:47:58.289 [DEBUG] [shim] Screen reader: Queued "Old Male" (pending=1)
16:47:58.289 [DEBUG] [shim] Screen reader: "Old Male" (injected 133 bytes to FD 12, serial=478)
16:47:58.290 [DEBUG] [shim] D-Bus signal: com.ableton.move.ScreenReader.text path=/com/ableton/move/screenreader sender=:1.12 arg0="Old Male"
16:47:58.290 [DEBUG] [shim] D-Bus text: "Old Male" (held_track=-1)
16:47:58.371 [DEBUG] [shadow] widgets: id="" params=0 vizKinds=[]
16:47:58.386 [DEBUG] [shadow] ui_view: parampages slot=0 component=global_settings step_observe_want=true
16:47:58.417 [DEBUG] [shim] Screen reader: Queued "Old Male" (pending=1)
16:47:58.417 [DEBUG] [shim] Screen reader: "Old Male" (injected 133 bytes to FD 12, serial=479)
16:47:58.417 [DEBUG] [shim] D-Bus signal: com.ableton.move.ScreenReader.text path=/com/ableton/move/screenreader sender=:1.12 arg0="Old Male"
16:47:58.417 [DEBUG] [shim] D-Bus text: "Old Male" (held_track=-1)
16:47:58.485 [DEBUG] [shadow] param_pages fps: 58 draws / 58 ticks / 1015ms
16:47:58.568 [DEBUG] [shim] Screen reader: Queued "Old Male" (pending=1)
16:47:58.568 [DEBUG] [shim] Screen reader: "Old Male" (injected 133 bytes to FD 12, serial=480)
16:47:58.568 [DEBUG] [shim] D-Bus signal: com.ableton.move.ScreenReader.text path=/com/ableton/move/screenreader sender=:1.12 arg0="Old Male"
16:47:58.568 [DEBUG] [shim] D-Bus text: "Old Male" (held_track=-1)
16:47:58.620 [DEBUG] [shadow] widgets: id="" params=0 vizKinds=[]
16:47:58.701 [DEBUG] [shim] Screen reader: Queued "Old Male" (pending=1)
16:47:58.701 [DEBUG] [shim] Screen reader: "Old Male" (injected 133 bytes to FD 12, serial=481)
16:47:58.702 [DEBUG] [shim] D-Bus signal: com.ableton.move.ScreenReader.text path=/com/ableton/move/screenreader sender=:1.12 arg0="Old Male"
16:47:58.702 [DEBUG] [shim] D-Bus text: "Old Male" (held_track=-1)
16:47:58.835 [DEBUG] [shim] Screen reader: Queued "Male 3" (pending=1)
16:47:58.835 [DEBUG] [shim] Screen reader: "Male 3" (injected 131 bytes to FD 12, serial=482)
16:47:58.835 [DEBUG] [shim] D-Bus signal: com.ableton.move.ScreenReader.text path=/com/ableton/move/screenreader sender=:1.12 arg0="Male 3"
16:47:58.835 [DEBUG] [shim] D-Bus text: "Male 3" (held_track=-1)
16:47:58.896 [DEBUG] [shadow] widgets: id="" params=0 vizKinds=[]
16:47:58.908 [DEBUG] [shadow] param_pages midi: 33 events (33 knob turns) / 1006ms
16:47:58.959 [DEBUG] [shim] Screen reader: Queued "Male 2" (pending=1)
16:47:58.960 [DEBUG] [shim] Screen reader: "Male 2" (injected 131 bytes to FD 12, serial=483)
16:47:58.960 [DEBUG] [shim] D-Bus signal: com.ableton.move.ScreenReader.text path=/com/ableton/move/screenreader sender=:1.12 arg0="Male 2"
16:47:58.960 [DEBUG] [shim] D-Bus text: "Male 2" (held_track=-1)
16:47:59.012 [DEBUG] [shadow_ui] param_giveup: claim=0 response=0 error=61 last_key=global_settings_module | claimwedge: rt=0 rr=0 blocked=0ms | slow>=90ms: n=0 worst=0ms key=- where=-
16:47:59.093 [DEBUG] [shim] Screen reader: Queued "Female 1" (pending=1)
16:47:59.093 [DEBUG] [shim] Screen reader: "Female 1" (injected 133 bytes to FD 12, serial=484)
16:47:59.094 [DEBUG] [shim] D-Bus signal: com.ableton.move.ScreenReader.text path=/com/ableton/move/screenreader sender=:1.12 arg0="Female 1"
16:47:59.094 [DEBUG] [shim] D-Bus text: "Female 1" (held_track=-1)
16:47:59.146 [DEBUG] [shadow] widgets: id="" params=0 vizKinds=[]
16:47:59.229 [DEBUG] [shim] Screen reader: Queued "Male 1" (pending=1)
16:47:59.230 [DEBUG] [shim] Screen reader: "Male 1" (injected 131 bytes to FD 12, serial=485)
16:47:59.230 [DEBUG] [shim] D-Bus signal: com.ableton.move.ScreenReader.text path=/com/ableton/move/screenreader sender=:1.12 arg0="Male 1"
16:47:59.230 [DEBUG] [shim] D-Bus text: "Male 1" (held_track=-1)
16:47:59.377 [DEBUG] [shim] Screen reader: Queued "Male 1" (pending=1)
16:47:59.378 [DEBUG] [shim] Screen reader: "Male 1" (injected 131 bytes to FD 12, serial=486)
16:47:59.378 [DEBUG] [shim] D-Bus signal: com.ableton.move.ScreenReader.text path=/com/ableton/move/screenreader sender=:1.12 arg0="Male 1"
16:47:59.378 [DEBUG] [shim] D-Bus text: "Male 1" (held_track=-1)
16:47:59.428 [DEBUG] [shadow] widgets: id="" params=0 vizKinds=[]
16:47:59.438 [DEBUG] [shadow] ui_view: parampages slot=0 component=global_settings step_observe_want=true
16:47:59.488 [DEBUG] [shadow] param_pages fps: 57 draws / 57 ticks / 1003ms
16:47:59.505 [DEBUG] [shim] Screen reader: Queued "Child" (pending=1)
16:47:59.505 [DEBUG] [shim] Screen reader: "Child" (injected 130 bytes to FD 12, serial=487)
16:47:59.506 [DEBUG] [shim] D-Bus signal: com.ableton.move.ScreenReader.text path=/com/ableton/move/screenreader sender=:1.12 arg0="Child"
16:47:59.506 [DEBUG] [shim] D-Bus text: "Child" (held_track=-1)
16:47:59.639 [DEBUG] [shim] Screen reader: Queued "Male 2" (pending=1)
16:47:59.639 [DEBUG] [shim] Screen reader: "Male 2" (injected 131 bytes to FD 12, serial=488)
16:47:59.639 [DEBUG] [shim] D-Bus signal: com.ableton.move.ScreenReader.text path=/com/ableton/move/screenreader sender=:1.12 arg0="Male 2"
16:47:59.639 [DEBUG] [shim] D-Bus text: "Male 2" (held_track=-1)
16:47:59.677 [DEBUG] [shadow] widgets: id="" params=0 vizKinds=[]
16:47:59.775 [DEBUG] [shim] Screen reader: Queued "Child" (pending=1)
16:47:59.775 [DEBUG] [shim] Screen reader: "Child" (injected 130 bytes to FD 12, serial=489)
16:47:59.776 [DEBUG] [shim] D-Bus signal: com.ableton.move.ScreenReader.text path=/com/ableton/move/screenreader sender=:1.12 arg0="Child"
16:47:59.776 [DEBUG] [shim] D-Bus text: "Child" (held_track=-1)
16:47:59.909 [DEBUG] [shim] Screen reader: Queued "Male 1" (pending=1)
16:47:59.909 [DEBUG] [shim] Screen reader: "Male 1" (injected 131 bytes to FD 12, serial=490)
16:47:59.909 [DEBUG] [shim] D-Bus signal: com.ableton.move.ScreenReader.text path=/com/ableton/move/screenreader sender=:1.12 arg0="Male 1"
16:47:59.909 [DEBUG] [shim] D-Bus text: "Male 1" (held_track=-1)
16:47:59.951 [DEBUG] [shadow] param_pages midi: 54 events (54 knob turns) / 1043ms
16:47:59.956 [DEBUG] [shadow] widgets: id="" params=0 vizKinds=[]
16:48:00.004 [DEBUG] [shadow_ui] param_giveup: claim=0 response=0 error=60 last_key=global_settings_module | claimwedge: rt=0 rr=0 blocked=0ms | slow>=90ms: n=0 worst=0ms key=- where=-
16:48:00.036 [DEBUG] [shim] Screen reader: Queued "Male 3" (pending=1)
16:48:00.036 [DEBUG] [shim] Screen reader: "Male 3" (injected 131 bytes to FD 12, serial=491)
16:48:00.037 [DEBUG] [shim] D-Bus signal: com.ableton.move.ScreenReader.text path=/com/ableton/move/screenreader sender=:1.12 arg0="Male 3"
16:48:00.037 [DEBUG] [shim] D-Bus text: "Male 3" (held_track=-1)
16:48:00.170 [DEBUG] [shim] Screen reader: Queued "Old Female" (pending=1)
16:48:00.170 [DEBUG] [shim] Screen reader: "Old Female" (injected 135 bytes to FD 12, serial=492)
16:48:00.170 [DEBUG] [shim] D-Bus signal: com.ableton.move.ScreenReader.text path=/com/ableton/move/screenreader sender=:1.12 arg0="Old Female"
16:48:00.170 [DEBUG] [shim] D-Bus text: "Old Female" (held_track=-1)
16:48:00.208 [DEBUG] [shadow] widgets: id="" params=0 vizKinds=[]
16:48:00.303 [DEBUG] [shim] Screen reader: Queued "Male 1" (pending=1)
16:48:00.303 [DEBUG] [shim] Screen reader: "Male 1" (injected 131 bytes to FD 12, serial=493)
16:48:00.304 [DEBUG] [shim] D-Bus signal: com.ableton.move.ScreenReader.text path=/com/ableton/move/screenreader sender=:1.12 arg0="Male 1"
16:48:00.304 [DEBUG] [shim] D-Bus text: "Male 1" (held_track=-1)
16:48:00.437 [DEBUG] [shim] Screen reader: Queued "Male 3" (pending=1)
16:48:00.437 [DEBUG] [shim] Screen reader: "Male 3" (injected 131 bytes to FD 12, serial=494)
16:48:00.437 [DEBUG] [shim] D-Bus signal: com.ableton.move.ScreenReader.text path=/com/ableton/move/screenreader sender=:1.12 arg0="Male 3"
16:48:00.437 [DEBUG] [shim] D-Bus text: "Male 3" (held_track=-1)
16:48:00.483 [DEBUG] [shadow] widgets: id="" params=0 vizKinds=[]
16:48:00.498 [DEBUG] [shadow] ui_view: parampages slot=0 component=global_settings step_observe_want=true
16:48:00.498 [DEBUG] [shadow] param_pages fps: 57 draws / 57 ticks / 1010ms
16:48:00.565 [DEBUG] [shim] Screen reader: Queued "Old Male" (pending=1)
16:48:00.565 [DEBUG] [shim] Screen reader: "Old Male" (injected 133 bytes to FD 12, serial=495)
16:48:00.565 [DEBUG] [shim] D-Bus signal: com.ableton.move.ScreenReader.text path=/com/ableton/move/screenreader sender=:1.12 arg0="Old Male"
16:48:00.565 [DEBUG] [shim] D-Bus text: "Old Male" (held_track=-1)
16:48:00.698 [DEBUG] [shim] Screen reader: Queued "Male 1" (pending=1)
16:48:00.698 [DEBUG] [shim] Screen reader: "Male 1" (injected 131 bytes to FD 12, serial=496)
16:48:00.699 [DEBUG] [shim] D-Bus signal: com.ableton.move.ScreenReader.text path=/com/ableton/move/screenreader sender=:1.12 arg0="Male 1"
16:48:00.699 [DEBUG] [shim] D-Bus text: "Male 1" (held_track=-1)
16:48:00.737 [DEBUG] [shadow] widgets: id="" params=0 vizKinds=[]
16:48:00.849 [DEBUG] [shim] Screen reader: Queued "Male 1" (pending=1)
16:48:00.849 [DEBUG] [shim] Screen reader: "Male 1" (injected 131 bytes to FD 12, serial=497)
16:48:00.850 [DEBUG] [shim] D-Bus signal: com.ableton.move.ScreenReader.text path=/com/ableton/move/screenreader sender=:1.12 arg0="Male 1"
16:48:00.850 [DEBUG] [shim] D-Bus text: "Male 1" (held_track=-1)
16:48:00.964 [DEBUG] [shadow] param_pages midi: 157 events (157 knob turns) / 1013ms
16:48:01.009 [DEBUG] [shim] Screen reader: Queued "Old Male" (pending=1)
16:48:01.009 [DEBUG] [shim] Screen reader: "Old Male" (injected 133 bytes to FD 12, serial=498)
16:48:01.009 [DEBUG] [shim] D-Bus signal: com.ableton.move.ScreenReader.text path=/com/ableton/move/screenreader sender=:1.12 arg0="Old Male"
16:48:01.009 [DEBUG] [shim] D-Bus text: "Old Male" (held_track=-1)
16:48:01.012 [DEBUG] [shadow_ui] param_giveup: claim=0 response=0 error=60 last_key=global_settings_module | claimwedge: rt=0 rr=0 blocked=0ms | slow>=90ms: n=0 worst=0ms key=- where=-
16:48:01.016 [DEBUG] [shadow] widgets: id="" params=0 vizKinds=[]
16:48:01.142 [DEBUG] [shim] Screen reader: Queued "Old Female" (pending=1)
16:48:01.142 [DEBUG] [shim] Screen reader: "Old Female" (injected 135 bytes to FD 12, serial=499)
16:48:01.143 [DEBUG] [shim] D-Bus signal: com.ableton.move.ScreenReader.text path=/com/ableton/move/screenreader sender=:1.12 arg0="Old Female"
16:48:01.143 [DEBUG] [shim] D-Bus text: "Old Female" (held_track=-1)
16:48:01.265 [DEBUG] [shadow] widgets: id="" params=0 vizKinds=[]
16:48:01.276 [DEBUG] [shim] Screen reader: Queued "Male 1" (pending=1)
16:48:01.276 [DEBUG] [shim] Screen reader: "Male 1" (injected 131 bytes to FD 12, serial=500)
16:48:01.277 [DEBUG] [shim] D-Bus signal: com.ableton.move.ScreenReader.text path=/com/ableton/move/screenreader sender=:1.12 arg0="Male 1"
16:48:01.277 [DEBUG] [shim] D-Bus text: "Male 1" (held_track=-1)
16:48:01.409 [DEBUG] [shim] Screen reader: Queued "Male 1" (pending=1)
16:48:01.410 [DEBUG] [shim] Screen reader: "Male 1" (injected 131 bytes to FD 12, serial=501)
16:48:01.410 [DEBUG] [shim] D-Bus signal: com.ableton.move.ScreenReader.text path=/com/ableton/move/screenreader sender=:1.12 arg0="Male 1"
16:48:01.410 [DEBUG] [shim] D-Bus text: "Male 1" (held_track=-1)
16:48:01.543 [DEBUG] [shadow] param_pages fps: 58 draws / 58 ticks / 1045ms
16:48:01.546 [DEBUG] [shim] Screen reader: Queued "Male 1" (pending=1)
16:48:01.546 [DEBUG] [shim] Screen reader: "Male 1" (injected 131 bytes to FD 12, serial=502)
16:48:01.546 [DEBUG] [shim] D-Bus signal: com.ableton.move.ScreenReader.text path=/com/ableton/move/screenreader sender=:1.12 arg0="Male 1"
16:48:01.546 [DEBUG] [shim] D-Bus text: "Male 1" (held_track=-1)
16:48:01.550 [DEBUG] [shadow] widgets: id="" params=0 vizKinds=[]
16:48:01.563 [DEBUG] [shadow] ui_view: parampages slot=0 component=global_settings step_observe_want=true
16:48:01.679 [DEBUG] [shim] Screen reader: Queued "Female 1" (pending=1)
16:48:01.679 [DEBUG] [shim] Screen reader: "Female 1" (injected 133 bytes to FD 12, serial=503)
16:48:01.680 [DEBUG] [shim] D-Bus signal: com.ableton.move.ScreenReader.text path=/com/ableton/move/screenreader sender=:1.12 arg0="Female 1"
16:48:01.680 [DEBUG] [shim] D-Bus text: "Female 1" (held_track=-1)
16:48:01.802 [DEBUG] [shadow] widgets: id="" params=0 vizKinds=[]
16:48:01.813 [DEBUG] [shim] Screen reader: Queued "Old Male" (pending=1)
16:48:01.813 [DEBUG] [shim] Screen reader: "Old Male" (injected 133 bytes to FD 12, serial=504)
16:48:01.813 [DEBUG] [shim] D-Bus signal: com.ableton.move.ScreenReader.text path=/com/ableton/move/screenreader sender=:1.12 arg0="Old Male"
16:48:01.813 [DEBUG] [shim] D-Bus text: "Old Male" (held_track=-1)
16:48:01.949 [DEBUG] [shim] Screen reader: Queued "Old Male" (pending=1)
16:48:01.949 [DEBUG] [shim] Screen reader: "Old Male" (injected 133 bytes to FD 12, serial=505)
16:48:01.950 [DEBUG] [shim] D-Bus signal: com.ableton.move.ScreenReader.text path=/com/ableton/move/screenreader sender=:1.12 arg0="Old Male"
16:48:01.950 [DEBUG] [shim] D-Bus text: "Old Male" (held_track=-1)
16:48:01.979 [DEBUG] [shadow] param_pages midi: 140 events (140 knob turns) / 1015ms
16:48:02.013 [DEBUG] [shadow_ui] param_giveup: claim=0 response=0 error=63 last_key=global_settings_module | claimwedge: rt=0 rr=0 blocked=0ms | slow>=90ms: n=0 worst=0ms key=- where=-
16:48:02.074 [DEBUG] [shim] Screen reader: Queued "Old Male" (pending=1)
16:48:02.074 [DEBUG] [shim] Screen reader: "Old Male" (injected 133 bytes to FD 12, serial=506)
16:48:02.074 [DEBUG] [shim] D-Bus signal: com.ableton.move.ScreenReader.text path=/com/ableton/move/screenreader sender=:1.12 arg0="Old Male"
16:48:02.075 [DEBUG] [shim] D-Bus text: "Old Male" (held_track=-1)
16:48:02.077 [DEBUG] [shadow] widgets: id="" params=0 vizKinds=[]
16:48:02.208 [DEBUG] [shim] Screen reader: Queued "Male 1" (pending=1)
16:48:02.208 [DEBUG] [shim] Screen reader: "Male 1" (injected 131 bytes to FD 12, serial=507)
16:48:02.208 [DEBUG] [shim] D-Bus signal: com.ableton.move.ScreenReader.text path=/com/ableton/move/screenreader sender=:1.12 arg0="Male 1"
16:48:02.208 [DEBUG] [shim] D-Bus text: "Male 1" (held_track=-1)
16:48:02.331 [DEBUG] [shadow] widgets: id="" params=0 vizKinds=[]
16:48:02.341 [DEBUG] [shim] Screen reader: Queued "Male 1" (pending=1)
16:48:02.341 [DEBUG] [shim] Screen reader: "Male 1" (injected 131 bytes to FD 12, serial=508)
16:48:02.342 [DEBUG] [shim] D-Bus signal: com.ableton.move.ScreenReader.text path=/com/ableton/move/screenreader sender=:1.12 arg0="Male 1"
16:48:02.342 [DEBUG] [shim] D-Bus text: "Male 1" (held_track=-1)
16:48:02.475 [DEBUG] [shim] Screen reader: Queued "Male 1" (pending=1)
16:48:02.475 [DEBUG] [shim] Screen reader: "Male 1" (injected 131 bytes to FD 12, serial=509)
16:48:02.475 [DEBUG] [shim] D-Bus signal: com.ableton.move.ScreenReader.text path=/com/ableton/move/screenreader sender=:1.12 arg0="Male 1"
16:48:02.475 [DEBUG] [shim] D-Bus text: "Male 1" (held_track=-1)
16:48:02.600 [DEBUG] [shadow] param_pages fps: 60 draws / 60 ticks / 1057ms
16:48:02.605 [DEBUG] [shim] Screen reader: Queued "Female 2" (pending=1)
16:48:02.605 [DEBUG] [shim] Screen reader: "Female 2" (injected 133 bytes to FD 12, serial=510)
16:48:02.606 [DEBUG] [shim] D-Bus signal: com.ableton.move.ScreenReader.text path=/com/ableton/move/screenreader sender=:1.12 arg0="Female 2"
16:48:02.606 [DEBUG] [shim] D-Bus text: "Female 2" (held_track=-1)
16:48:02.609 [DEBUG] [shadow] widgets: id="" params=0 vizKinds=[]
16:48:02.624 [DEBUG] [shadow] ui_view: parampages slot=0 component=global_settings step_observe_want=true
16:48:02.739 [DEBUG] [shim] Screen reader: Queued "Old Male" (pending=1)
16:48:02.739 [DEBUG] [shim] Screen reader: "Old Male" (injected 133 bytes to FD 12, serial=511)
16:48:02.739 [DEBUG] [shim] D-Bus signal: com.ableton.move.ScreenReader.text path=/com/ableton/move/screenreader sender=:1.12 arg0="Old Male"
16:48:02.739 [DEBUG] [shim] D-Bus text: "Old Male" (held_track=-1)
16:48:02.859 [DEBUG] [shadow] widgets: id="" params=0 vizKinds=[]
16:48:02.872 [DEBUG] [shim] Screen reader: Queued "Old Male" (pending=1)
16:48:02.872 [DEBUG] [shim] Screen reader: "Old Male" (injected 133 bytes to FD 12, serial=512)
16:48:02.873 [DEBUG] [shim] D-Bus signal: com.ableton.move.ScreenReader.text path=/com/ableton/move/screenreader sender=:1.12 arg0="Old Male"
16:48:02.873 [DEBUG] [shim] D-Bus text: "Old Male" (held_track=-1)
16:48:02.890 [DEBUG] [spi_timing] Frame(us): total avg=2671 max=2795 | pre avg=117 max=316 | ioctl avg=2534 max=2684 | post avg=17 max=35 | overruns=20
16:48:02.890 [DEBUG] [spi_timing] Pre(us): midi_mon=2/24 fwd_midi=2/69 mix_audio=8/36 ui_req=1/10 param=7/71 fwd_cc=0/0 proc_midi=1/20 jack_stash=1/21 drain_dsp=0/1 jack_wake=0/20 mix_buf=46/79 tts=9/34 display=6/191
16:48:02.890 [DEBUG] [spi_timing] Post(us): clear_leds=2/6 jack_midi=0/0 ui_midi=0/14 flush_leds=7/28 screenreader=3/219 jack_pre=0/3 jack_disp=0/0 pin=0/21 midi_scan=10/27 drain_dsp2=0/1 render=5/20
16:48:02.890 [DEBUG] [spi_timing] Slot render max(us): s0=0 s1=0 s2=0 s3=0 probe_burst_max=0
16:48:02.890 [DEBUG] [spi_timing] Slot synth max(us): s0=0 s1=0 s2=0 s3=0 | Slot fx max(us): s0=0 s1=0 s2=0 s3=0
16:48:02.987 [DEBUG] [shadow] param_pages midi: 134 events (134 knob turns) / 1008ms
16:48:03.006 [DEBUG] [shim] Screen reader: Queued "Male 3" (pending=1)
16:48:03.006 [DEBUG] [shim] Screen reader: "Male 3" (injected 131 bytes to FD 12, serial=513)
16:48:03.006 [DEBUG] [shim] D-Bus signal: com.ableton.move.ScreenReader.text path=/com/ableton/move/screenreader sender=:1.12 arg0="Male 3"
16:48:03.006 [DEBUG] [shim] D-Bus text: "Male 3" (held_track=-1)
16:48:03.007 [DEBUG] [shadow_ui] param_giveup: claim=0 response=0 error=60 last_key=global_settings_module | claimwedge: rt=0 rr=0 blocked=0ms | slow>=90ms: n=0 worst=0ms key=- where=-
16:48:03.136 [DEBUG] [shim] Screen reader: Queued "Male 1" (pending=1)
16:48:03.137 [DEBUG] [shim] Screen reader: "Male 1" (injected 131 bytes to FD 12, serial=514)
16:48:03.137 [DEBUG] [shim] D-Bus signal: com.ableton.move.ScreenReader.text path=/com/ableton/move/screenreader sender=:1.12 arg0="Male 1"
16:48:03.137 [DEBUG] [shim] D-Bus text: "Male 1" (held_track=-1)
16:48:03.140 [DEBUG] [shadow] widgets: id="" params=0 vizKinds=[]
16:48:03.270 [DEBUG] [shim] Screen reader: Queued "Male 1" (pending=1)
16:48:03.270 [DEBUG] [shim] Screen reader: "Male 1" (injected 131 bytes to FD 12, serial=515)
16:48:03.270 [DEBUG] [shim] D-Bus signal: com.ableton.move.ScreenReader.text path=/com/ableton/move/screenreader sender=:1.12 arg0="Male 1"
16:48:03.270 [DEBUG] [shim] D-Bus text: "Male 1" (held_track=-1)
16:48:03.389 [DEBUG] [shadow] widgets: id="" params=0 vizKinds=[]
16:48:03.400 [DEBUG] [shim] Screen reader: Queued "Male 1" (pending=1)
16:48:03.401 [DEBUG] [shim] Screen reader: "Male 1" (injected 131 bytes to FD 12, serial=516)
16:48:03.401 [DEBUG] [shim] D-Bus signal: com.ableton.move.ScreenReader.text path=/com/ableton/move/screenreader sender=:1.12 arg0="Male 1"
16:48:03.401 [DEBUG] [shim] D-Bus text: "Male 1" (held_track=-1)
16:48:03.534 [DEBUG] [shim] Screen reader: Queued "Female 1" (pending=1)
16:48:03.534 [DEBUG] [shim] Screen reader: "Female 1" (injected 133 bytes to FD 12, serial=517)
16:48:03.534 [DEBUG] [shim] D-Bus signal: com.ableton.move.ScreenReader.text path=/com/ableton/move/screenreader sender=:1.12 arg0="Female 1"
16:48:03.534 [DEBUG] [shim] D-Bus text: "Female 1" (held_track=-1)
16:48:03.605 [DEBUG] [shadow] param_pages fps: 59 draws / 59 ticks / 1005ms
16:48:03.662 [DEBUG] [shim] Screen reader: Queued "Female 2" (pending=1)
16:48:03.662 [DEBUG] [shim] Screen reader: "Female 2" (injected 133 bytes to FD 12, serial=518)
16:48:03.662 [DEBUG] [shim] D-Bus signal: com.ableton.move.ScreenReader.text path=/com/ableton/move/screenreader sender=:1.12 arg0="Female 2"
16:48:03.662 [DEBUG] [shim] D-Bus text: "Female 2" (held_track=-1)
16:48:03.668 [DEBUG] [shadow] widgets: id="" params=0 vizKinds=[]
16:48:03.679 [DEBUG] [shadow] ui_view: parampages slot=0 component=global_settings step_observe_want=true
16:48:03.795 [DEBUG] [shim] Screen reader: Queued "Old Male" (pending=1)
16:48:03.795 [DEBUG] [shim] Screen reader: "Old Male" (injected 133 bytes to FD 12, serial=519)
16:48:03.796 [DEBUG] [shim] D-Bus signal: com.ableton.move.ScreenReader.text path=/com/ableton/move/screenreader sender=:1.12 arg0="Old Male"
16:48:03.796 [DEBUG] [shim] D-Bus text: "Old Male" (held_track=-1)
16:48:03.918 [DEBUG] [shadow] widgets: id="" params=0 vizKinds=[]
16:48:03.929 [DEBUG] [shim] Screen reader: Queued "Old Male" (pending=1)
16:48:03.929 [DEBUG] [shim] Screen reader: "Old Male" (injected 133 bytes to FD 12, serial=520)
16:48:03.929 [DEBUG] [shim] D-Bus signal: com.ableton.move.ScreenReader.text path=/com/ableton/move/screenreader sender=:1.12 arg0="Old Male"
16:48:03.929 [DEBUG] [shim] D-Bus text: "Old Male" (held_track=-1)
16:48:03.995 [DEBUG] [shadow] param_pages midi: 124 events (124 knob turns) / 1008ms
16:48:04.013 [DEBUG] [shadow_ui] param_giveup: claim=0 response=0 error=61 last_key=global_settings_module | claimwedge: rt=0 rr=0 blocked=0ms | slow>=90ms: n=0 worst=0ms key=- where=-
16:48:04.062 [DEBUG] [shim] Screen reader: Queued "Old Male" (pending=1)
16:48:04.062 [DEBUG] [shim] Screen reader: "Old Male" (injected 133 bytes to FD 12, serial=521)
16:48:04.063 [DEBUG] [shim] D-Bus signal: com.ableton.move.ScreenReader.text path=/com/ableton/move/screenreader sender=:1.12 arg0="Old Male"
16:48:04.063 [DEBUG] [shim] D-Bus text: "Old Male" (held_track=-1)
16:48:04.193 [DEBUG] [shim] Screen reader: Queued "Old Male" (pending=1)
16:48:04.193 [DEBUG] [shim] Screen reader: "Old Male" (injected 133 bytes to FD 12, serial=522)
16:48:04.193 [DEBUG] [shim] D-Bus signal: com.ableton.move.ScreenReader.text path=/com/ableton/move/screenreader sender=:1.12 arg0="Old Male"
16:48:04.193 [DEBUG] [shim] D-Bus text: "Old Male" (held_track=-1)
16:48:04.197 [DEBUG] [shadow] widgets: id="" params=0 vizKinds=[]
16:48:04.344 [DEBUG] [shim] Screen reader: Queued "Old Male" (pending=1)
16:48:04.344 [DEBUG] [shim] Screen reader: "Old Male" (injected 133 bytes to FD 12, serial=523)
16:48:04.344 [DEBUG] [shim] D-Bus signal: com.ableton.move.ScreenReader.text path=/com/ableton/move/screenreader sender=:1.12 arg0="Old Male"
16:48:04.344 [DEBUG] [shim] D-Bus text: "Old Male" (held_track=-1)
16:48:04.447 [DEBUG] [shadow] widgets: id="" params=0 vizKinds=[]
16:48:04.477 [DEBUG] [shim] Screen reader: Queued "Male 3" (pending=1)
16:48:04.478 [DEBUG] [shim] Screen reader: "Male 3" (injected 131 bytes to FD 12, serial=524)
16:48:04.478 [DEBUG] [shim] D-Bus signal: com.ableton.move.ScreenReader.text path=/com/ableton/move/screenreader sender=:1.12 arg0="Male 3"
16:48:04.478 [DEBUG] [shim] D-Bus text: "Male 3" (held_track=-1)
16:48:04.609 [DEBUG] [shadow] param_pages fps: 57 draws / 57 ticks / 1004ms
16:48:04.625 [DEBUG] [shim] Screen reader: Queued "Male 2" (pending=1)
16:48:04.626 [DEBUG] [shim] Screen reader: "Male 2" (injected 131 bytes to FD 12, serial=525)
16:48:04.626 [DEBUG] [shim] D-Bus signal: com.ableton.move.ScreenReader.text path=/com/ableton/move/screenreader sender=:1.12 arg0="Male 2"
16:48:04.626 [DEBUG] [shim] D-Bus text: "Male 2" (held_track=-1)
16:48:04.724 [DEBUG] [shadow] widgets: id="" params=0 vizKinds=[]
16:48:04.736 [DEBUG] [shadow] ui_view: parampages slot=0 component=global_settings step_observe_want=true
16:48:04.753 [DEBUG] [shim] Screen reader: Queued "Female 1" (pending=1)
16:48:04.753 [DEBUG] [shim] Screen reader: "Female 1" (injected 133 bytes to FD 12, serial=526)
16:48:04.754 [DEBUG] [shim] D-Bus signal: com.ableton.move.ScreenReader.text path=/com/ableton/move/screenreader sender=:1.12 arg0="Female 1"
16:48:04.754 [DEBUG] [shim] D-Bus text: "Female 1" (held_track=-1)
16:48:04.887 [DEBUG] [shim] Screen reader: Queued "Male 1" (pending=1)
16:48:04.887 [DEBUG] [shim] Screen reader: "Male 1" (injected 131 bytes to FD 12, serial=527)
16:48:04.887 [DEBUG] [shim] D-Bus signal: com.ableton.move.ScreenReader.text path=/com/ableton/move/screenreader sender=:1.12 arg0="Male 1"
16:48:04.887 [DEBUG] [shim] D-Bus text: "Male 1" (held_track=-1)
16:48:04.974 [DEBUG] [shadow] widgets: id="" params=0 vizKinds=[]
16:48:05.001 [DEBUG] [shadow] param_pages midi: 48 events (48 knob turns) / 1006ms
16:48:05.003 [DEBUG] [shadow_ui] param_giveup: claim=0 response=0 error=60 last_key=global_settings_module | claimwedge: rt=0 rr=0 blocked=0ms | slow>=90ms: n=0 worst=0ms key=- where=-
16:48:05.020 [DEBUG] [shim] Screen reader: Queued "Male 1" (pending=1)
16:48:05.020 [DEBUG] [shim] Screen reader: "Male 1" (injected 131 bytes to FD 12, serial=528)
16:48:05.021 [DEBUG] [shim] D-Bus signal: com.ableton.move.ScreenReader.text path=/com/ableton/move/screenreader sender=:1.12 arg0="Male 1"
16:48:05.021 [DEBUG] [shim] D-Bus text: "Male 1" (held_track=-1)
16:48:05.171 [DEBUG] [shim] Screen reader: Queued "Male 1" (pending=1)
16:48:05.171 [DEBUG] [shim] Screen reader: "Male 1" (injected 131 bytes to FD 12, serial=529)
16:48:05.172 [DEBUG] [shim] D-Bus signal: com.ableton.move.ScreenReader.text path=/com/ableton/move/screenreader sender=:1.12 arg0="Male 1"
16:48:05.172 [DEBUG] [shim] D-Bus text: "Male 1" (held_track=-1)
16:48:05.254 [DEBUG] [shadow] widgets: id="" params=0 vizKinds=[]
16:48:05.432 [DEBUG] [shim] Screen reader: Queued "Male 1" (pending=1)
16:48:05.433 [DEBUG] [shim] Screen reader: "Male 1" (injected 131 bytes to FD 12, serial=530)
16:48:05.433 [DEBUG] [shim] D-Bus signal: com.ableton.move.ScreenReader.text path=/com/ableton/move/screenreader sender=:1.12 arg0="Male 1"
16:48:05.433 [DEBUG] [shim] D-Bus text: "Male 1" (held_track=-1)
16:48:05.502 [DEBUG] [shadow] widgets: id="" params=0 vizKinds=[]
16:48:05.619 [DEBUG] [shadow] param_pages fps: 57 draws / 57 ticks / 1010ms
16:48:05.668 [DEBUG] [shim] Screen reader: Queued "Male 1" (pending=1)
16:48:05.668 [DEBUG] [shim] Screen reader: "Male 1" (injected 131 bytes to FD 12, serial=531)
16:48:05.668 [DEBUG] [shim] D-Bus signal: com.ableton.move.ScreenReader.text path=/com/ableton/move/screenreader sender=:1.12 arg0="Male 1"
16:48:05.668 [DEBUG] [shim] D-Bus text: "Male 1" (held_track=-1)
16:48:05.782 [DEBUG] [shadow] widgets: id="" params=0 vizKinds=[]
16:48:05.796 [DEBUG] [shadow] ui_view: parampages slot=0 component=global_settings step_observe_want=true
16:48:05.813 [DEBUG] [shim] Screen reader: Queued "Female 1" (pending=1)
16:48:05.813 [DEBUG] [shim] Screen reader: "Female 1" (injected 133 bytes to FD 12, serial=532)
16:48:05.813 [DEBUG] [shim] D-Bus signal: com.ableton.move.ScreenReader.text path=/com/ableton/move/screenreader sender=:1.12 arg0="Female 1"
16:48:05.813 [DEBUG] [shim] D-Bus text: "Female 1" (held_track=-1)
16:48:05.978 [DEBUG] [shim] Screen reader: Queued "Child" (pending=1)
16:48:05.978 [DEBUG] [shim] Screen reader: "Child" (injected 130 bytes to FD 12, serial=533)
16:48:05.978 [DEBUG] [shim] D-Bus signal: com.ableton.move.ScreenReader.text path=/com/ableton/move/screenreader sender=:1.12 arg0="Child"
16:48:05.979 [DEBUG] [shim] D-Bus text: "Child" (held_track=-1)
16:48:06.013 [DEBUG] [shadow_ui] param_giveup: claim=0 response=0 error=61 last_key=global_settings_module | claimwedge: rt=0 rr=0 blocked=0ms | slow>=90ms: n=0 worst=0ms key=- where=-
16:48:06.031 [DEBUG] [shadow] widgets: id="" params=0 vizKinds=[]
16:48:06.077 [DEBUG] [shadow] param_pages midi: 14 events (14 knob turns) / 1076ms
16:48:06.146 [DEBUG] [shim] Screen reader: Queued "Child" (pending=1)
16:48:06.147 [DEBUG] [shim] Screen reader: "Child" (injected 130 bytes to FD 12, serial=534)
16:48:06.147 [DEBUG] [shim] D-Bus signal: com.ableton.move.ScreenReader.text path=/com/ableton/move/screenreader sender=:1.12 arg0="Child"
16:48:06.147 [DEBUG] [shim] D-Bus text: "Child" (held_track=-1)
16:48:06.306 [DEBUG] [shim] Screen reader: Queued "Male 2" (pending=1)
16:48:06.306 [DEBUG] [shim] Screen reader: "Male 2" (injected 131 bytes to FD 12, serial=535)
16:48:06.307 [DEBUG] [shim] D-Bus signal: com.ableton.move.ScreenReader.text path=/com/ableton/move/screenreader sender=:1.12 arg0="Male 2"
16:48:06.307 [DEBUG] [shim] D-Bus text: "Male 2" (held_track=-1)
16:48:06.309 [DEBUG] [shadow] widgets: id="" params=0 vizKinds=[]
16:48:06.559 [DEBUG] [shadow] widgets: id="" params=0 vizKinds=[]
16:48:06.634 [DEBUG] [shadow] param_pages fps: 57 draws / 57 ticks / 1015ms
16:48:06.727 [DEBUG] [param_pages] touch slot=6 DOWN t=1790095686727 sincePrev=12324ms held=[5]
16:48:06.730 [DEBUG] [shim] Screen reader: Queued "Gender, Male" (pending=1)
16:48:06.730 [DEBUG] [shim] Screen reader: "Gender, Male" (injected 137 bytes to FD 12, serial=536)
16:48:06.730 [DEBUG] [shim] D-Bus signal: com.ableton.move.ScreenReader.text path=/com/ableton/move/screenreader sender=:1.12 arg0="Gender, Male"
16:48:06.730 [DEBUG] [shim] D-Bus text: "Gender, Male" (held_track=-1)
16:48:06.771 [DEBUG] [param_pages] touch slot=5 up   t=1790095686771 sincePrev=44ms held=[5,6]
16:48:06.853 [DEBUG] [shadow] widgets: id="" params=0 vizKinds=[]
16:48:06.867 [DEBUG] [shadow] ui_view: parampages slot=0 component=global_settings step_observe_want=true
16:48:07.000 [DEBUG] [shadow_ui] param_giveup: claim=0 response=0 error=59 last_key=global_settings_module | claimwedge: rt=0 rr=0 blocked=0ms | slow>=90ms: n=0 worst=0ms key=- where=-
16:48:07.102 [DEBUG] [shadow] widgets: id="" params=0 vizKinds=[]
16:48:07.115 [DEBUG] [shadow] param_pages midi: 5 events (3 knob turns) / 1038ms
16:48:07.115 [DEBUG] [param_pages] touch slot=6 up   t=1790095687115 sincePrev=344ms held=[6]
16:48:07.376 [DEBUG] [param_pages] touch slot=7 DOWN t=1790095687376 sincePrev=261ms held=[]
16:48:07.377 [DEBUG] [shim] Screen reader: Queued "Head Size, 89" (pending=1)
16:48:07.377 [DEBUG] [shim] Screen reader: "Head Size, 89" (injected 138 bytes to FD 12, serial=537)
16:48:07.378 [DEBUG] [shim] D-Bus signal: com.ableton.move.ScreenReader.text path=/com/ableton/move/screenreader sender=:1.12 arg0="Head Size, 89"
16:48:07.378 [DEBUG] [shim] D-Bus text: "Head Size, 89" (held_track=-1)
16:48:07.381 [DEBUG] [shadow] widgets: id="" params=0 vizKinds=[]
16:48:07.630 [DEBUG] [shadow] widgets: id="" params=0 vizKinds=[]
16:48:07.645 [DEBUG] [shadow] param_pages fps: 57 draws / 57 ticks / 1011ms
16:48:07.891 [DEBUG] [spi_timing] Frame(us): total avg=2672 max=2790 | pre avg=116 max=301 | ioctl avg=2537 max=2680 | post avg=17 max=42 | overruns=20
16:48:07.891 [DEBUG] [spi_timing] Pre(us): midi_mon=2/22 fwd_midi=2/64 mix_audio=8/36 ui_req=1/17 param=7/46 fwd_cc=0/0 proc_midi=1/8 jack_stash=1/16 drain_dsp=0/1 jack_wake=0/1 mix_buf=46/72 tts=9/31 display=6/193
16:48:07.891 [DEBUG] [spi_timing] Post(us): clear_leds=2/26 jack_midi=0/2 ui_midi=0/4 flush_leds=7/34 screenreader=4/230 jack_pre=0/20 jack_disp=0/0 pin=0/3 midi_scan=9/34 drain_dsp2=0/1 render=5/26
16:48:07.891 [DEBUG] [spi_timing] Slot render max(us): s0=0 s1=0 s2=0 s3=0 probe_burst_max=0
16:48:07.891 [DEBUG] [spi_timing] Slot synth max(us): s0=0 s1=0 s2=0 s3=0 | Slot fx max(us): s0=0 s1=0 s2=0 s3=0
16:48:07.908 [DEBUG] [shadow] widgets: id="" params=0 vizKinds=[]
16:48:07.923 [DEBUG] [shadow] ui_view: parampages slot=0 component=global_settings step_observe_want=true
16:48:07.938 [DEBUG] [param_pages] touch slot=7 up   t=1790095687938 sincePrev=562ms held=[7]
16:48:08.004 [DEBUG] [param_pages] touch slot=7 DOWN t=1790095688004 sincePrev=66ms held=[]
16:48:08.007 [DEBUG] [shim] Screen reader: Queued "Head Size, 89" (pending=1)
16:48:08.007 [DEBUG] [shadow_ui] param_giveup: claim=0 response=0 error=61 last_key=global_settings_module | claimwedge: rt=0 rr=0 blocked=0ms | slow>=90ms: n=0 worst=0ms key=- where=-
16:48:08.007 [DEBUG] [shim] Screen reader: "Head Size, 89" (injected 138 bytes to FD 12, serial=538)
16:48:08.008 [DEBUG] [shim] D-Bus signal: com.ableton.move.ScreenReader.text path=/com/ableton/move/screenreader sender=:1.12 arg0="Head Size, 89"
16:48:08.008 [DEBUG] [shim] D-Bus text: "Head Size, 89" (held_track=-1)
16:48:08.138 [DEBUG] [shadow] param_pages midi: 4 events (0 knob turns) / 1023ms
16:48:08.141 [DEBUG] [shim] Screen reader: Queued "74" (pending=1)
16:48:08.141 [DEBUG] [shim] Screen reader: "74" (injected 127 bytes to FD 12, serial=539)
16:48:08.141 [DEBUG] [shim] D-Bus signal: com.ableton.move.ScreenReader.text path=/com/ableton/move/screenreader sender=:1.12 arg0="74"
16:48:08.141 [DEBUG] [shim] D-Bus text: "74" (held_track=-1)
16:48:08.158 [DEBUG] [shadow] widgets: id="" params=0 vizKinds=[]
16:48:08.274 [DEBUG] [shim] Screen reader: Queued "83" (pending=1)
16:48:08.274 [DEBUG] [shim] Screen reader: "83" (injected 127 bytes to FD 12, serial=540)
16:48:08.275 [DEBUG] [shim] D-Bus signal: com.ableton.move.ScreenReader.text path=/com/ableton/move/screenreader sender=:1.12 arg0="83"
16:48:08.275 [DEBUG] [shim] D-Bus text: "83" (held_track=-1)
16:48:08.434 [DEBUG] [shim] Screen reader: Queued "100" (pending=1)
16:48:08.434 [DEBUG] [shim] Screen reader: "100" (injected 128 bytes to FD 12, serial=541)
16:48:08.434 [DEBUG] [shim] D-Bus signal: com.ableton.move.ScreenReader.text path=/com/ableton/move/screenreader sender=:1.12 arg0="100"
16:48:08.434 [DEBUG] [shim] D-Bus text: "100" (held_track=-1)
16:48:08.438 [DEBUG] [shadow] widgets: id="" params=0 vizKinds=[]
16:48:08.567 [DEBUG] [shim] Screen reader: Queued "100" (pending=1)
16:48:08.567 [DEBUG] [shim] Screen reader: "100" (injected 128 bytes to FD 12, serial=542)
16:48:08.568 [DEBUG] [shim] D-Bus signal: com.ableton.move.ScreenReader.text path=/com/ableton/move/screenreader sender=:1.12 arg0="100"
16:48:08.568 [DEBUG] [shim] D-Bus text: "100" (held_track=-1)
16:48:08.652 [DEBUG] [shadow] param_pages fps: 57 draws / 57 ticks / 1007ms
16:48:08.690 [DEBUG] [shadow] widgets: id="" params=0 vizKinds=[]
16:48:08.753 [DEBUG] [shim] Screen reader: Queued "99" (pending=1)
16:48:08.753 [DEBUG] [shim] Screen reader: "99" (injected 127 bytes to FD 12, serial=543)
16:48:08.754 [DEBUG] [shim] D-Bus signal: com.ableton.move.ScreenReader.text path=/com/ableton/move/screenreader sender=:1.12 arg0="99"
16:48:08.754 [DEBUG] [shim] D-Bus text: "99" (held_track=-1)
16:48:08.968 [DEBUG] [shadow] widgets: id="" params=0 vizKinds=[]
16:48:08.979 [DEBUG] [shim] Screen reader: Queued "98" (pending=1)
16:48:08.980 [DEBUG] [shim] Screen reader: "98" (injected 127 bytes to FD 12, serial=544)
16:48:08.980 [DEBUG] [shim] D-Bus signal: com.ableton.move.ScreenReader.text path=/com/ableton/move/screenreader sender=:1.12 arg0="98"
16:48:08.980 [DEBUG] [shim] D-Bus text: "98" (held_track=-1)
16:48:08.983 [DEBUG] [shadow] ui_view: parampages slot=0 component=global_settings step_observe_want=true
16:48:09.015 [DEBUG] [shadow_ui] param_giveup: claim=0 response=0 error=61 last_key=global_settings_module | claimwedge: rt=0 rr=0 blocked=0ms | slow>=90ms: n=0 worst=0ms key=- where=-
16:48:09.113 [DEBUG] [shim] Screen reader: Queued "77" (pending=1)
16:48:09.113 [DEBUG] [shim] Screen reader: "77" (injected 127 bytes to FD 12, serial=545)
16:48:09.114 [DEBUG] [shim] D-Bus signal: com.ableton.move.ScreenReader.text path=/com/ableton/move/screenreader sender=:1.12 arg0="77"
16:48:09.114 [DEBUG] [shim] D-Bus text: "77" (held_track=-1)
16:48:09.146 [DEBUG] [shadow] param_pages midi: 82 events (82 knob turns) / 1007ms
16:48:09.219 [DEBUG] [shadow] widgets: id="" params=0 vizKinds=[]
16:48:09.247 [DEBUG] [shim] Screen reader: Queued "44" (pending=1)
16:48:09.247 [DEBUG] [shim] Screen reader: "44" (injected 127 bytes to FD 12, serial=546)
16:48:09.247 [DEBUG] [shim] D-Bus signal: com.ableton.move.ScreenReader.text path=/com/ableton/move/screenreader sender=:1.12 arg0="44"
16:48:09.247 [DEBUG] [shim] D-Bus text: "44" (held_track=-1)
16:48:09.380 [DEBUG] [shim] Screen reader: Queued "11" (pending=1)
16:48:09.380 [DEBUG] [shim] Screen reader: "11" (injected 127 bytes to FD 12, serial=547)
16:48:09.381 [DEBUG] [shim] D-Bus signal: com.ableton.move.ScreenReader.text path=/com/ableton/move/screenreader sender=:1.12 arg0="11"
16:48:09.381 [DEBUG] [shim] D-Bus text: "11" (held_track=-1)
16:48:09.493 [DEBUG] [shadow] widgets: id="" params=0 vizKinds=[]
16:48:09.653 [DEBUG] [shadow] param_pages fps: 56 draws / 56 ticks / 1001ms
16:48:09.744 [DEBUG] [shadow] widgets: id="" params=0 vizKinds=[]
16:48:09.940 [DEBUG] [param_pages] touch slot=7 up   t=1790095689940 sincePrev=1936ms held=[7]
16:48:09.974 [DEBUG] [param_pages] touch slot=7 DOWN t=1790095689974 sincePrev=34ms held=[]
16:48:09.975 [DEBUG] [shim] Screen reader: Queued "Head Size, 7" (pending=1)
16:48:09.975 [DEBUG] [shim] Screen reader: "Head Size, 7" (injected 137 bytes to FD 12, serial=548)
16:48:09.976 [DEBUG] [shim] D-Bus signal: com.ableton.move.ScreenReader.text path=/com/ableton/move/screenreader sender=:1.12 arg0="Head Size, 7"
16:48:09.976 [DEBUG] [shim] D-Bus text: "Head Size, 7" (held_track=-1)
16:48:10.019 [DEBUG] [shadow_ui] param_giveup: claim=0 response=0 error=60 last_key=global_settings_module | claimwedge: rt=0 rr=0 blocked=0ms | slow>=90ms: n=0 worst=0ms key=- where=-
16:48:10.022 [DEBUG] [shadow] widgets: id="" params=0 vizKinds=[]
16:48:10.036 [DEBUG] [shadow] ui_view: parampages slot=0 component=global_settings step_observe_want=true
16:48:10.053 [DEBUG] [shim] Screen reader: Queued "8" (pending=1)
16:48:10.054 [DEBUG] [shim] Screen reader: "8" (injected 126 bytes to FD 12, serial=549)
16:48:10.054 [DEBUG] [shim] D-Bus signal: com.ableton.move.ScreenReader.text path=/com/ableton/move/screenreader sender=:1.12 arg0="8"
16:48:10.054 [DEBUG] [shim] D-Bus text: "8" (held_track=-1)
16:48:10.151 [DEBUG] [shadow] param_pages midi: 78 events (76 knob turns) / 1006ms
16:48:10.187 [DEBUG] [shim] Screen reader: Queued "24" (pending=1)
16:48:10.187 [DEBUG] [shim] Screen reader: "24" (injected 127 bytes to FD 12, serial=550)
16:48:10.187 [DEBUG] [shim] D-Bus signal: com.ableton.move.ScreenReader.text path=/com/ableton/move/screenreader sender=:1.12 arg0="24"
16:48:10.187 [DEBUG] [shim] D-Bus text: "24" (held_track=-1)
16:48:10.275 [DEBUG] [shadow] widgets: id="" params=0 vizKinds=[]
16:48:10.321 [DEBUG] [shim] Screen reader: Queued "38" (pending=1)
16:48:10.321 [DEBUG] [shim] Screen reader: "38" (injected 127 bytes to FD 12, serial=551)
16:48:10.321 [DEBUG] [shim] D-Bus signal: com.ableton.move.ScreenReader.text path=/com/ableton/move/screenreader sender=:1.12 arg0="38"
16:48:10.321 [DEBUG] [shim] D-Bus text: "38" (held_track=-1)
16:48:10.454 [DEBUG] [shim] Screen reader: Queued "50" (pending=1)
16:48:10.454 [DEBUG] [shim] Screen reader: "50" (injected 127 bytes to FD 12, serial=552)
16:48:10.454 [DEBUG] [shim] D-Bus signal: com.ableton.move.ScreenReader.text path=/com/ableton/move/screenreader sender=:1.12 arg0="50"
16:48:10.455 [DEBUG] [shim] D-Bus text: "50" (held_track=-1)
16:48:10.550 [DEBUG] [shadow] widgets: id="" params=0 vizKinds=[]
16:48:10.667 [DEBUG] [shadow] param_pages fps: 58 draws / 58 ticks / 1014ms
16:48:10.730 [DEBUG] [param_pages] touch slot=7 up   t=1790095690730 sincePrev=756ms held=[7]
16:48:10.797 [DEBUG] [param_pages] touch slot=7 DOWN t=1790095690797 sincePrev=67ms held=[]
16:48:10.799 [DEBUG] [shim] Screen reader: Queued "Head Size, 50" (pending=1)
16:48:10.800 [DEBUG] [shim] Screen reader: "Head Size, 50" (injected 138 bytes to FD 12, serial=553)
16:48:10.800 [DEBUG] [shim] D-Bus signal: com.ableton.move.ScreenReader.text path=/com/ableton/move/screenreader sender=:1.12 arg0="Head Size, 50"
16:48:10.800 [DEBUG] [shim] D-Bus text: "Head Size, 50" (held_track=-1)
16:48:10.803 [DEBUG] [shadow] widgets: id="" params=0 vizKinds=[]
16:48:11.001 [DEBUG] [shadow_ui] param_giveup: claim=0 response=0 error=62 last_key=global_settings_module | claimwedge: rt=0 rr=0 blocked=0ms | slow>=90ms: n=0 worst=0ms key=- where=-
16:48:11.074 [DEBUG] [param_pages] touch slot=7 up   t=1790095691074 sincePrev=277ms held=[7]
16:48:11.078 [DEBUG] [shadow] widgets: id="" params=0 vizKinds=[]
16:48:11.094 [DEBUG] [shadow] ui_view: parampages slot=0 component=global_settings step_observe_want=true
16:48:11.331 [DEBUG] [shadow] widgets: id="" params=0 vizKinds=[]
16:48:11.425 [DEBUG] [shadow] param_pages midi: 34 events (31 knob turns) / 1274ms
16:48:11.425 [DEBUG] [param_pages] touch slot=7 DOWN t=1790095691425 sincePrev=351ms held=[]
16:48:11.426 [DEBUG] [shim] Screen reader: Queued "Head Size, 50" (pending=1)
16:48:11.427 [DEBUG] [shim] Screen reader: "Head Size, 50" (injected 138 bytes to FD 12, serial=554)
16:48:11.427 [DEBUG] [shim] D-Bus signal: com.ableton.move.ScreenReader.text path=/com/ableton/move/screenreader sender=:1.12 arg0="Head Size, 50"
16:48:11.427 [DEBUG] [shim] D-Bus text: "Head Size, 50" (held_track=-1)
16:48:11.610 [DEBUG] [shadow] widgets: id="" params=0 vizKinds=[]
16:48:11.674 [DEBUG] [shadow] param_pages fps: 57 draws / 57 ticks / 1007ms
16:48:11.787 [DEBUG] [param_pages] touch slot=7 up   t=1790095691787 sincePrev=362ms held=[7]
16:48:11.804 [DEBUG] [param_pages] touch slot=7 DOWN t=1790095691803 sincePrev=16ms held=[]
16:48:11.807 [DEBUG] [shim] Screen reader: Queued "Head Size, 50" (pending=1)
16:48:11.807 [DEBUG] [shim] Screen reader: "Head Size, 50" (injected 138 bytes to FD 12, serial=555)
16:48:11.807 [DEBUG] [shim] D-Bus signal: com.ableton.move.ScreenReader.text path=/com/ableton/move/screenreader sender=:1.12 arg0="Head Size, 50"
16:48:11.807 [DEBUG] [shim] D-Bus text: "Head Size, 50" (held_track=-1)
16:48:11.859 [DEBUG] [shadow] widgets: id="" params=0 vizKinds=[]
16:48:11.923 [DEBUG] [shim] Screen reader: Queued "51" (pending=1)
16:48:11.923 [DEBUG] [shim] Screen reader: "51" (injected 127 bytes to FD 12, serial=556)
16:48:11.923 [DEBUG] [shim] D-Bus signal: com.ableton.move.ScreenReader.text path=/com/ableton/move/screenreader sender=:1.12 arg0="51"
16:48:11.923 [DEBUG] [shim] D-Bus text: "51" (held_track=-1)
16:48:12.006 [DEBUG] [shadow_ui] param_giveup: claim=0 response=0 error=61 last_key=global_settings_module | claimwedge: rt=0 rr=0 blocked=0ms | slow>=90ms: n=0 worst=0ms key=- where=-
16:48:12.051 [DEBUG] [shim] Screen reader: Queued "64" (pending=1)
16:48:12.051 [DEBUG] [shim] Screen reader: "64" (injected 127 bytes to FD 12, serial=557)
16:48:12.051 [DEBUG] [shim] D-Bus signal: com.ableton.move.ScreenReader.text path=/com/ableton/move/screenreader sender=:1.12 arg0="64"
16:48:12.051 [DEBUG] [shim] D-Bus text: "64" (held_track=-1)
16:48:12.146 [DEBUG] [shadow] widgets: id="" params=0 vizKinds=[]
16:48:12.161 [DEBUG] [shadow] ui_view: parampages slot=0 component=global_settings step_observe_want=true
16:48:12.228 [DEBUG] [shim] Screen reader: Queued "70" (pending=1)
16:48:12.228 [DEBUG] [shim] Screen reader: "70" (injected 127 bytes to FD 12, serial=558)
16:48:12.228 [DEBUG] [shim] D-Bus signal: com.ableton.move.ScreenReader.text path=/com/ableton/move/screenreader sender=:1.12 arg0="70"
16:48:12.228 [DEBUG] [shim] D-Bus text: "70" (held_track=-1)
16:48:12.399 [DEBUG] [shadow] widgets: id="" params=0 vizKinds=[]
16:48:12.543 [DEBUG] [shadow] param_pages midi: 23 events (20 knob turns) / 1118ms
16:48:12.544 [DEBUG] [shim] Screen reader: Queued "71" (pending=1)
16:48:12.544 [DEBUG] [shim] Screen reader: "71" (injected 127 bytes to FD 12, serial=559)
16:48:12.544 [DEBUG] [shim] D-Bus signal: com.ableton.move.ScreenReader.text path=/com/ableton/move/screenreader sender=:1.12 arg0="71"
16:48:12.545 [DEBUG] [shim] D-Bus text: "71" (held_track=-1)
16:48:12.675 [DEBUG] [shim] Screen reader: Queued "84" (pending=1)
16:48:12.675 [DEBUG] [shim] Screen reader: "84" (injected 127 bytes to FD 12, serial=560)
16:48:12.675 [DEBUG] [shim] D-Bus signal: com.ableton.move.ScreenReader.text path=/com/ableton/move/screenreader sender=:1.12 arg0="84"
16:48:12.675 [DEBUG] [shim] D-Bus text: "84" (held_track=-1)
16:48:12.678 [DEBUG] [shadow] widgets: id="" params=0 vizKinds=[]
16:48:12.679 [DEBUG] [shadow] param_pages fps: 56 draws / 56 ticks / 1005ms
16:48:12.891 [DEBUG] [spi_timing] Frame(us): total avg=2676 max=2788 | pre avg=114 max=338 | ioctl avg=2544 max=2682 | post avg=16 max=41 | overruns=20
16:48:12.891 [DEBUG] [spi_timing] Pre(us): midi_mon=2/24 fwd_midi=2/64 mix_audio=8/53 ui_req=1/21 param=7/38 fwd_cc=0/0 proc_midi=1/8 jack_stash=1/20 drain_dsp=0/3 jack_wake=0/10 mix_buf=46/83 tts=9/38 display=6/218
16:48:12.891 [DEBUG] [spi_timing] Post(us): clear_leds=2/26 jack_midi=0/2 ui_midi=0/3 flush_leds=7/27 screenreader=2/233 jack_pre=0/0 jack_disp=0/1 pin=0/2 midi_scan=9/30 drain_dsp2=0/18 render=4/23
16:48:12.891 [DEBUG] [spi_timing] Slot render max(us): s0=0 s1=0 s2=0 s3=0 probe_burst_max=0
16:48:12.891 [DEBUG] [spi_timing] Slot synth max(us): s0=0 s1=0 s2=0 s3=0 | Slot fx max(us): s0=0 s1=0 s2=0 s3=0
16:48:12.927 [DEBUG] [shadow] widgets: id="" params=0 vizKinds=[]
16:48:12.973 [DEBUG] [param_pages] touch slot=7 up   t=1790095692973 sincePrev=1170ms held=[7]
16:48:13.008 [DEBUG] [shadow_ui] param_giveup: claim=0 response=0 error=60 last_key=global_settings_module | claimwedge: rt=0 rr=0 blocked=0ms | slow>=90ms: n=0 worst=0ms key=- where=-
16:48:13.073 [DEBUG] [param_pages] touch slot=7 DOWN t=1790095693073 sincePrev=100ms held=[]
16:48:13.075 [DEBUG] [shim] Screen reader: Queued "Head Size, 92" (pending=1)
16:48:13.075 [DEBUG] [shim] Screen reader: "Head Size, 92" (injected 138 bytes to FD 12, serial=561)
16:48:13.076 [DEBUG] [shim] D-Bus signal: com.ableton.move.ScreenReader.text path=/com/ableton/move/screenreader sender=:1.12 arg0="Head Size, 92"
16:48:13.076 [DEBUG] [shim] D-Bus text: "Head Size, 92" (held_track=-1)
16:48:13.203 [DEBUG] [shim] Screen reader: Queued "91" (pending=1)
16:48:13.203 [DEBUG] [shim] Screen reader: "91" (injected 127 bytes to FD 12, serial=562)
16:48:13.203 [DEBUG] [shim] D-Bus signal: com.ableton.move.ScreenReader.text path=/com/ableton/move/screenreader sender=:1.12 arg0="91"
16:48:13.203 [DEBUG] [shim] D-Bus text: "91" (held_track=-1)
16:48:13.206 [DEBUG] [shadow] widgets: id="" params=0 vizKinds=[]
16:48:13.220 [DEBUG] [shadow] ui_view: parampages slot=0 component=global_settings step_observe_want=true
16:48:13.421 [DEBUG] [shim] Screen reader: Queued "85" (pending=1)
16:48:13.421 [DEBUG] [shim] Screen reader: "85" (injected 127 bytes to FD 12, serial=563)
16:48:13.421 [DEBUG] [shim] D-Bus signal: com.ableton.move.ScreenReader.text path=/com/ableton/move/screenreader sender=:1.12 arg0="85"
16:48:13.421 [DEBUG] [shim] D-Bus text: "85" (held_track=-1)
16:48:13.456 [DEBUG] [shadow] widgets: id="" params=0 vizKinds=[]
16:48:13.552 [DEBUG] [shadow] param_pages midi: 32 events (30 knob turns) / 1009ms
16:48:13.554 [DEBUG] [shim] Screen reader: Queued "83" (pending=1)
16:48:13.554 [DEBUG] [shim] Screen reader: "83" (injected 127 bytes to FD 12, serial=564)
16:48:13.555 [DEBUG] [shim] D-Bus signal: com.ableton.move.ScreenReader.text path=/com/ableton/move/screenreader sender=:1.12 arg0="83"
16:48:13.555 [DEBUG] [shim] D-Bus text: "83" (held_track=-1)
16:48:13.688 [DEBUG] [shim] Screen reader: Queued "71" (pending=1)
16:48:13.688 [DEBUG] [shim] Screen reader: "71" (injected 127 bytes to FD 12, serial=565)
16:48:13.688 [DEBUG] [shim] D-Bus signal: com.ableton.move.ScreenReader.text path=/com/ableton/move/screenreader sender=:1.12 arg0="71"
16:48:13.688 [DEBUG] [shim] D-Bus text: "71" (held_track=-1)
16:48:13.728 [DEBUG] [shadow] param_pages fps: 59 draws / 59 ticks / 1049ms
16:48:13.734 [DEBUG] [shadow] widgets: id="" params=0 vizKinds=[]
16:48:13.984 [DEBUG] [shadow] widgets: id="" params=0 vizKinds=[]
16:48:14.016 [DEBUG] [shadow_ui] param_giveup: claim=0 response=0 error=61 last_key=global_settings_module | claimwedge: rt=0 rr=0 blocked=0ms | slow>=90ms: n=0 worst=0ms key=- where=-
16:48:14.030 [DEBUG] [param_pages] touch slot=7 up   t=1790095694030 sincePrev=957ms held=[7]
16:48:14.263 [DEBUG] [shadow] widgets: id="" params=0 vizKinds=[]
16:48:14.277 [DEBUG] [shadow] ui_view: parampages slot=0 component=global_settings step_observe_want=true
16:48:14.512 [DEBUG] [shadow] widgets: id="" params=0 vizKinds=[]
16:48:14.785 [DEBUG] [shadow] param_pages fps: 60 draws / 60 ticks / 1057ms
16:48:14.791 [DEBUG] [shadow] widgets: id="" params=0 vizKinds=[]
16:48:15.006 [DEBUG] [shadow_ui] param_giveup: claim=0 response=0 error=60 last_key=global_settings_module | claimwedge: rt=0 rr=0 blocked=0ms | slow>=90ms: n=0 worst=0ms key=- where=-
16:48:15.041 [DEBUG] [shadow] widgets: id="" params=0 vizKinds=[]
16:48:15.070 [DEBUG] [shadow] param_pages midi: 24 events (23 knob turns) / 1518ms
16:48:15.322 [DEBUG] [shadow] widgets: id="" params=0 vizKinds=[]
16:48:15.333 [DEBUG] [shadow] ui_view: parampages slot=0 component=global_settings step_observe_want=true
16:48:15.572 [DEBUG] [shadow] widgets: id="" params=0 vizKinds=[]
16:48:15.788 [DEBUG] [shadow] param_pages fps: 59 draws / 59 ticks / 1003ms
16:48:15.847 [DEBUG] [shadow] widgets: id="" params=0 vizKinds=[]
16:48:16.013 [DEBUG] [shadow_ui] param_giveup: claim=0 response=0 error=61 last_key=global_settings_module | claimwedge: rt=0 rr=0 blocked=0ms | slow>=90ms: n=0 worst=0ms key=- where=-
16:48:16.098 [DEBUG] [shadow] widgets: id="" params=0 vizKinds=[]
16:48:16.310 [DEBUG] [shadow] param_pages midi: 6 events (0 knob turns) / 1240ms
16:48:16.312 [DEBUG] [shim] Screen reader: Queued "Roughness, 0, 11 of 12" (pending=1)
16:48:16.312 [DEBUG] [shim] Screen reader: "Roughness, 0, 11 of 12" (injected 147 bytes to FD 12, serial=566)
16:48:16.312 [DEBUG] [shim] D-Bus signal: com.ableton.move.ScreenReader.text path=/com/ableton/move/screenreader sender=:1.12 arg0="Roughness, 0, 11 of 12"
16:48:16.312 [DEBUG] [shim] D-Bus text: "Roughness, 0, 11 of 12" (held_track=-1)
16:48:16.376 [DEBUG] [shadow] widgets: id="" params=0 vizKinds=[]
16:48:16.390 [DEBUG] [shadow] ui_view: parampages slot=0 component=global_settings step_observe_want=true
16:48:16.608 [DEBUG] [shim] Screen reader: Queued "Breathiness, 0, 12 of 12" (pending=1)
16:48:16.608 [DEBUG] [shim] Screen reader: "Breathiness, 0, 12 of 12" (injected 149 bytes to FD 12, serial=567)
16:48:16.608 [DEBUG] [shim] D-Bus signal: com.ableton.move.ScreenReader.text path=/com/ableton/move/screenreader sender=:1.12 arg0="Breathiness, 0, 12 of 12"
16:48:16.608 [DEBUG] [shim] D-Bus text: "Breathiness, 0, 12 of 12" (held_track=-1)
16:48:16.629 [DEBUG] [shadow] widgets: id="" params=0 vizKinds=[]
16:48:16.791 [DEBUG] [shadow] param_pages fps: 57 draws / 57 ticks / 1003ms
16:48:16.904 [DEBUG] [shadow] widgets: id="" params=0 vizKinds=[]
16:48:17.003 [DEBUG] [shadow_ui] param_giveup: claim=0 response=0 error=60 last_key=global_settings_module | claimwedge: rt=0 rr=0 blocked=0ms | slow>=90ms: n=0 worst=0ms key=- where=-
16:48:17.154 [DEBUG] [shadow] widgets: id="" params=0 vizKinds=[]
16:48:17.250 [DEBUG] [param_pages] touch slot=7 DOWN t=1790095697250 sincePrev=3220ms held=[]
16:48:17.252 [DEBUG] [shim] Screen reader: Queued "Head Size, 61" (pending=1)
16:48:17.252 [DEBUG] [shim] Screen reader: "Head Size, 61" (injected 138 bytes to FD 12, serial=568)
16:48:17.253 [DEBUG] [shim] D-Bus signal: com.ableton.move.ScreenReader.text path=/com/ableton/move/screenreader sender=:1.12 arg0="Head Size, 61"
16:48:17.253 [DEBUG] [shim] D-Bus text: "Head Size, 61" (held_track=-1)
16:48:17.441 [DEBUG] [shadow] widgets: id="" params=0 vizKinds=[]
16:48:17.456 [DEBUG] [shadow] ui_view: parampages slot=0 component=global_settings step_observe_want=true
16:48:17.691 [DEBUG] [shadow] widgets: id="" params=0 vizKinds=[]
16:48:17.804 [DEBUG] [shadow] param_pages midi: 4 events (0 knob turns) / 1494ms
16:48:17.804 [DEBUG] [param_pages] touch slot=7 up   t=1790095697804 sincePrev=554ms held=[7]
16:48:17.807 [DEBUG] [shadow] param_pages fps: 57 draws / 57 ticks / 1016ms
16:48:17.891 [DEBUG] [spi_timing] Frame(us): total avg=2687 max=2797 | pre avg=105 max=271 | ioctl avg=2565 max=2704 | post avg=15 max=38 | overruns=20
16:48:17.891 [DEBUG] [spi_timing] Pre(us): midi_mon=1/19 fwd_midi=2/66 mix_audio=7/42 ui_req=1/25 param=6/25 fwd_cc=0/17 proc_midi=1/7 jack_stash=1/10 drain_dsp=0/1 jack_wake=0/21 mix_buf=45/72 tts=3/30 display=6/179
16:48:17.891 [DEBUG] [spi_timing] Post(us): clear_leds=2/29 jack_midi=0/0 ui_midi=0/4 flush_leds=6/20 screenreader=0/175 jack_pre=0/2 jack_disp=0/8 pin=0/5 midi_scan=8/28 drain_dsp2=0/1 render=4/24
16:48:17.891 [DEBUG] [spi_timing] Slot render max(us): s0=0 s1=0 s2=0 s3=0 probe_burst_max=0
16:48:17.891 [DEBUG] [spi_timing] Slot synth max(us): s0=0 s1=0 s2=0 s3=0 | Slot fx max(us): s0=0 s1=0 s2=0 s3=0
16:48:17.970 [DEBUG] [shadow] widgets: id="" params=0 vizKinds=[]
16:48:18.001 [DEBUG] [shadow_ui] param_giveup: claim=0 response=0 error=60 last_key=global_settings_module | claimwedge: rt=0 rr=0 blocked=0ms | slow>=90ms: n=0 worst=0ms key=- where=-
16:48:18.222 [DEBUG] [shadow] widgets: id="" params=0 vizKinds=[]
16:48:18.333 [DEBUG] [param_pages] touch slot=7 DOWN t=1790095698333 sincePrev=529ms held=[]
16:48:18.335 [DEBUG] [shim] Screen reader: Queued "Head Size, 61" (pending=1)
16:48:18.335 [DEBUG] [shim] Screen reader: "Head Size, 61" (injected 138 bytes to FD 12, serial=569)
16:48:18.335 [DEBUG] [shim] D-Bus signal: com.ableton.move.ScreenReader.text path=/com/ableton/move/screenreader sender=:1.12 arg0="Head Size, 61"
16:48:18.335 [DEBUG] [shim] D-Bus text: "Head Size, 61" (held_track=-1)
16:48:18.501 [DEBUG] [shadow] widgets: id="" params=0 vizKinds=[]
16:48:18.512 [DEBUG] [shadow] ui_view: parampages slot=0 component=global_settings step_observe_want=true
16:48:18.645 [DEBUG] [param_pages] touch slot=7 up   t=1790095698645 sincePrev=312ms held=[7]
16:48:18.750 [DEBUG] [shadow] widgets: id="" params=0 vizKinds=[]
16:48:18.826 [DEBUG] [shadow] param_pages fps: 57 draws / 57 ticks / 1019ms
16:48:19.023 [DEBUG] [shadow_ui] param_giveup: claim=0 response=0 error=61 last_key=global_settings_module | claimwedge: rt=0 rr=0 blocked=0ms | slow>=90ms: n=0 worst=0ms key=- where=-
16:48:19.027 [DEBUG] [shadow] widgets: id="" params=0 vizKinds=[]
16:48:19.275 [DEBUG] [shadow] widgets: id="" params=0 vizKinds=[]
16:48:19.558 [DEBUG] [shadow] widgets: id="" params=0 vizKinds=[]
16:48:19.572 [DEBUG] [shadow] ui_view: parampages slot=0 component=global_settings step_observe_want=true
16:48:19.806 [DEBUG] [shadow] widgets: id="" params=0 vizKinds=[]
16:48:19.836 [DEBUG] [shadow] param_pages fps: 58 draws / 58 ticks / 1010ms
16:48:20.004 [DEBUG] [shadow_ui] param_giveup: claim=0 response=0 error=62 last_key=global_settings_module | claimwedge: rt=0 rr=0 blocked=0ms | slow>=90ms: n=0 worst=0ms key=- where=-
16:48:20.083 [DEBUG] [shadow] widgets: id="" params=0 vizKinds=[]
16:48:20.129 [DEBUG] [shadow] param_pages midi: 3 events (0 knob turns) / 2325ms
16:48:20.132 [DEBUG] [shim] Screen reader: Queued "Roughness, 0, 11 of 12" (pending=1)
16:48:20.132 [DEBUG] [shim] Screen reader: "Roughness, 0, 11 of 12" (injected 147 bytes to FD 12, serial=570)
16:48:20.132 [DEBUG] [shim] D-Bus signal: com.ableton.move.ScreenReader.text path=/com/ableton/move/screenreader sender=:1.12 arg0="Roughness, 0, 11 of 12"
16:48:20.132 [DEBUG] [shim] D-Bus text: "Roughness, 0, 11 of 12" (held_track=-1)
16:48:20.163 [DEBUG] [shim] Screen reader: Queued "Inflection, 43, 10 of 12" (pending=1)
16:48:20.164 [DEBUG] [shim] Screen reader: "Inflection, 43, 10 of 12" (injected 149 bytes to FD 12, serial=571)
16:48:20.164 [DEBUG] [shim] D-Bus signal: com.ableton.move.ScreenReader.text path=/com/ableton/move/screenreader sender=:1.12 arg0="Inflection, 43, 10 of 12"
16:48:20.164 [DEBUG] [shim] D-Bus text: "Inflection, 43, 10 of 12" (held_track=-1)
16:48:20.198 [DEBUG] [shim] Screen reader: Queued "Base Pitch, 52, 9 of 12" (pending=1)
16:48:20.198 [DEBUG] [shim] Screen reader: "Base Pitch, 52, 9 of 12" (injected 148 bytes to FD 12, serial=572)
16:48:20.199 [DEBUG] [shim] D-Bus signal: com.ableton.move.ScreenReader.text path=/com/ableton/move/screenreader sender=:1.12 arg0="Base Pitch, 52, 9 of 12"
16:48:20.199 [DEBUG] [shim] D-Bus text: "Base Pitch, 52, 9 of 12" (held_track=-1)
16:48:20.248 [DEBUG] [shim] Screen reader: Queued "Head Size, 61, 8 of 12" (pending=1)
16:48:20.248 [DEBUG] [shim] Screen reader: "Head Size, 61, 8 of 12" (injected 147 bytes to FD 12, serial=573)
16:48:20.248 [DEBUG] [shim] D-Bus signal: com.ableton.move.ScreenReader.text path=/com/ableton/move/screenreader sender=:1.12 arg0="Head Size, 61, 8 of 12"
16:48:20.248 [DEBUG] [shim] D-Bus text: "Head Size, 61, 8 of 12" (held_track=-1)
16:48:20.335 [DEBUG] [shadow] widgets: id="" params=0 vizKinds=[]
16:48:20.616 [DEBUG] [shadow] widgets: id="" params=0 vizKinds=[]
16:48:20.631 [DEBUG] [shadow] ui_view: parampages slot=0 component=global_settings step_observe_want=true
16:48:20.846 [DEBUG] [shim] Screen reader: Queued "Base Pitch, 52, 9 of 12" (pending=1)
16:48:20.846 [DEBUG] [shim] Screen reader: "Base Pitch, 52, 9 of 12" (injected 148 bytes to FD 12, serial=574)
16:48:20.846 [DEBUG] [shim] D-Bus signal: com.ableton.move.ScreenReader.text path=/com/ableton/move/screenreader sender=:1.12 arg0="Base Pitch, 52, 9 of 12"
16:48:20.846 [DEBUG] [shim] D-Bus text: "Base Pitch, 52, 9 of 12" (held_track=-1)
16:48:20.858 [DEBUG] [shadow] param_pages fps: 57 draws / 57 ticks / 1022ms
16:48:20.863 [DEBUG] [shim] Screen reader: Queued "Inflection, 43, 10 of 12" (pending=1)
16:48:20.863 [DEBUG] [shim] Screen reader: "Inflection, 43, 10 of 12" (injected 149 bytes to FD 12, serial=575)
16:48:20.863 [DEBUG] [shim] D-Bus signal: com.ableton.move.ScreenReader.text path=/com/ableton/move/screenreader sender=:1.12 arg0="Inflection, 43, 10 of 12"
16:48:20.864 [DEBUG] [shim] D-Bus text: "Inflection, 43, 10 of 12" (held_track=-1)
16:48:20.866 [DEBUG] [shadow] widgets: id="" params=0 vizKinds=[]
16:48:20.912 [DEBUG] [shim] Screen reader: Queued "Roughness, 0, 11 of 12" (pending=1)
16:48:20.912 [DEBUG] [shim] Screen reader: "Roughness, 0, 11 of 12" (injected 147 bytes to FD 12, serial=576)
16:48:20.913 [DEBUG] [shim] D-Bus signal: com.ableton.move.ScreenReader.text path=/com/ableton/move/screenreader sender=:1.12 arg0="Roughness, 0, 11 of 12"
16:48:20.913 [DEBUG] [shim] D-Bus text: "Roughness, 0, 11 of 12" (held_track=-1)
16:48:21.015 [DEBUG] [shadow_ui] param_giveup: claim=0 response=0 error=61 last_key=global_settings_module | claimwedge: rt=0 rr=0 blocked=0ms | slow>=90ms: n=0 worst=0ms key=- where=-
16:48:21.145 [DEBUG] [shadow] widgets: id="" params=0 vizKinds=[]
16:48:21.394 [DEBUG] [shadow] widgets: id="" params=0 vizKinds=[]
16:48:21.671 [DEBUG] [shadow] widgets: id="" params=0 vizKinds=[]
16:48:21.685 [DEBUG] [shadow] ui_view: parampages slot=0 component=global_settings step_observe_want=true
16:48:21.868 [DEBUG] [shadow] param_pages fps: 58 draws / 58 ticks / 1010ms
16:48:21.923 [DEBUG] [shadow] widgets: id="" params=0 vizKinds=[]
16:48:22.001 [DEBUG] [shadow_ui] param_giveup: claim=0 response=0 error=60 last_key=global_settings_module | claimwedge: rt=0 rr=0 blocked=0ms | slow>=90ms: n=0 worst=0ms key=- where=-
16:48:22.100 [DEBUG] [shadow] param_pages midi: 7 events (0 knob turns) / 1971ms
16:48:22.102 [DEBUG] [shim] Screen reader: Queued "Roughness, 0, 11 of 12" (pending=1)
16:48:22.103 [DEBUG] [shim] Screen reader: "Roughness, 0, 11 of 12" (injected 147 bytes to FD 12, serial=577)
16:48:22.103 [DEBUG] [shim] D-Bus signal: com.ableton.move.ScreenReader.text path=/com/ableton/move/screenreader sender=:1.12 arg0="Roughness, 0, 11 of 12"
16:48:22.103 [DEBUG] [shim] D-Bus text: "Roughness, 0, 11 of 12" (held_track=-1)
16:48:22.202 [DEBUG] [shadow] widgets: id="" params=0 vizKinds=[]
16:48:22.381 [DEBUG] [shim] Screen reader: Queued "37" (pending=1)
16:48:22.381 [DEBUG] [shim] Screen reader: "37" (injected 127 bytes to FD 12, serial=578)
16:48:22.382 [DEBUG] [shim] D-Bus signal: com.ableton.move.ScreenReader.text path=/com/ableton/move/screenreader sender=:1.12 arg0="37"
16:48:22.382 [DEBUG] [shim] D-Bus text: "37" (held_track=-1)
16:48:22.452 [DEBUG] [shadow] widgets: id="" params=0 vizKinds=[]
16:48:22.735 [DEBUG] [shadow] widgets: id="" params=0 vizKinds=[]
16:48:22.751 [DEBUG] [shadow] ui_view: parampages slot=0 component=global_settings step_observe_want=true
16:48:22.785 [DEBUG] [shim] Screen reader: Queued "45" (pending=1)
16:48:22.785 [DEBUG] [shim] Screen reader: "45" (injected 127 bytes to FD 12, serial=579)
16:48:22.785 [DEBUG] [shim] D-Bus signal: com.ableton.move.ScreenReader.text path=/com/ableton/move/screenreader sender=:1.12 arg0="45"
16:48:22.785 [DEBUG] [shim] D-Bus text: "45" (held_track=-1)
16:48:22.892 [DEBUG] [spi_timing] Frame(us): total avg=2683 max=2803 | pre avg=110 max=298 | ioctl avg=2557 max=2704 | post avg=15 max=35 | overruns=20
16:48:22.892 [DEBUG] [spi_timing] Pre(us): midi_mon=1/5 fwd_midi=2/69 mix_audio=7/34 ui_req=1/8 param=7/74 fwd_cc=0/0 proc_midi=1/19 jack_stash=1/8 drain_dsp=0/3 jack_wake=0/18 mix_buf=45/75 tts=7/29 display=6/193
16:48:22.892 [DEBUG] [spi_timing] Post(us): clear_leds=2/6 jack_midi=0/0 ui_midi=0/5 flush_leds=6/30 screenreader=1/216 jack_pre=0/1 jack_disp=0/0 pin=0/1 midi_scan=8/27 drain_dsp2=0/1 render=4/23
16:48:22.892 [DEBUG] [spi_timing] Slot render max(us): s0=0 s1=0 s2=0 s3=0 probe_burst_max=0
16:48:22.892 [DEBUG] [spi_timing] Slot synth max(us): s0=0 s1=0 s2=0 s3=0 | Slot fx max(us): s0=0 s1=0 s2=0 s3=0
16:48:22.895 [DEBUG] [shadow] param_pages fps: 57 draws / 57 ticks / 1027ms
16:48:22.989 [DEBUG] [shadow] widgets: id="" params=0 vizKinds=[]
16:48:23.017 [DEBUG] [shadow_ui] param_giveup: claim=0 response=0 error=61 last_key=global_settings_module | claimwedge: rt=0 rr=0 blocked=0ms | slow>=90ms: n=0 worst=0ms key=- where=-
16:48:23.084 [DEBUG] [shim] Screen reader: Queued "51" (pending=1)
16:48:23.084 [DEBUG] [shim] Screen reader: "51" (injected 127 bytes to FD 12, serial=580)
16:48:23.084 [DEBUG] [shim] D-Bus signal: com.ableton.move.ScreenReader.text path=/com/ableton/move/screenreader sender=:1.12 arg0="51"
16:48:23.084 [DEBUG] [shim] D-Bus text: "51" (held_track=-1)
16:48:23.116 [DEBUG] [shadow] param_pages midi: 18 events (0 knob turns) / 1015ms
16:48:23.266 [DEBUG] [shadow] widgets: id="" params=0 vizKinds=[]
16:48:23.429 [DEBUG] [shim] Screen reader: Queued "Roughness, 57, 11 of 12" (pending=1)
16:48:23.429 [DEBUG] [shim] Screen reader: "Roughness, 57, 11 of 12" (injected 148 bytes to FD 12, serial=581)
16:48:23.429 [DEBUG] [shim] D-Bus signal: com.ableton.move.ScreenReader.text path=/com/ableton/move/screenreader sender=:1.12 arg0="Roughness, 57, 11 of 12"
16:48:23.430 [DEBUG] [shim] D-Bus text: "Roughness, 57, 11 of 12" (held_track=-1)
16:48:23.517 [DEBUG] [shadow] widgets: id="" params=0 vizKinds=[]
16:48:23.792 [DEBUG] [shadow] widgets: id="" params=0 vizKinds=[]
16:48:23.806 [DEBUG] [shim] Screen reader: Queued "Inflection, 43, 10 of 12" (pending=1)
16:48:23.806 [DEBUG] [shim] Screen reader: "Inflection, 43, 10 of 12" (injected 149 bytes to FD 12, serial=582)
16:48:23.807 [DEBUG] [shadow] ui_view: parampages slot=0 component=global_settings step_observe_want=true
16:48:23.807 [DEBUG] [shim] D-Bus signal: com.ableton.move.ScreenReader.text path=/com/ableton/move/screenreader sender=:1.12 arg0="Inflection, 43, 10 of 12"
16:48:23.807 [DEBUG] [shim] D-Bus text: "Inflection, 43, 10 of 12" (held_track=-1)
16:48:23.891 [DEBUG] [shim] Screen reader: Queued "Base Pitch, 52, 9 of 12" (pending=1)
16:48:23.891 [DEBUG] [shim] Screen reader: "Base Pitch, 52, 9 of 12" (injected 148 bytes to FD 12, serial=583)
16:48:23.891 [DEBUG] [shim] D-Bus signal: com.ableton.move.ScreenReader.text path=/com/ableton/move/screenreader sender=:1.12 arg0="Base Pitch, 52, 9 of 12"
16:48:23.891 [DEBUG] [shim] D-Bus text: "Base Pitch, 52, 9 of 12" (held_track=-1)
16:48:23.909 [DEBUG] [shadow] param_pages fps: 58 draws / 58 ticks / 1014ms
16:48:24.007 [DEBUG] [shadow_ui] param_giveup: claim=0 response=0 error=60 last_key=global_settings_module | claimwedge: rt=0 rr=0 blocked=0ms | slow>=90ms: n=0 worst=0ms key=- where=-
16:48:24.045 [DEBUG] [shadow] widgets: id="" params=0 vizKinds=[]
16:48:24.321 [DEBUG] [shadow] widgets: id="" params=0 vizKinds=[]
16:48:24.573 [DEBUG] [shadow] widgets: id="" params=0 vizKinds=[]
16:48:24.718 [DEBUG] [shadow] param_pages midi: 9 events (0 knob turns) / 1602ms
16:48:24.721 [DEBUG] [shim] Screen reader: Queued "Head Size, 61, 8 of 12" (pending=1)
16:48:24.721 [DEBUG] [shim] Screen reader: "Head Size, 61, 8 of 12" (injected 147 bytes to FD 12, serial=584)
16:48:24.721 [DEBUG] [shim] D-Bus signal: com.ableton.move.ScreenReader.text path=/com/ableton/move/screenreader sender=:1.12 arg0="Head Size, 61, 8 of 12"
16:48:24.721 [DEBUG] [shim] D-Bus text: "Head Size, 61, 8 of 12" (held_track=-1)
16:48:24.849 [DEBUG] [shadow] widgets: id="" params=0 vizKinds=[]
16:48:24.863 [DEBUG] [shadow] ui_view: parampages slot=0 component=global_settings step_observe_want=true
16:48:24.913 [DEBUG] [shadow] param_pages fps: 57 draws / 57 ticks / 1004ms
16:48:25.014 [DEBUG] [shadow_ui] param_giveup: claim=0 response=0 error=61 last_key=global_settings_module | claimwedge: rt=0 rr=0 blocked=0ms | slow>=90ms: n=0 worst=0ms key=- where=-
16:48:25.099 [DEBUG] [shadow] widgets: id="" params=0 vizKinds=[]
16:48:25.378 [DEBUG] [shadow] widgets: id="" params=0 vizKinds=[]
16:48:25.426 [DEBUG] [shim] Screen reader: Queued "Gender, Male, 7 of 12" (pending=1)
16:48:25.426 [DEBUG] [shim] Screen reader: "Gender, Male, 7 of 12" (injected 146 bytes to FD 12, serial=585)
16:48:25.426 [DEBUG] [shim] D-Bus signal: com.ableton.move.ScreenReader.text path=/com/ableton/move/screenreader sender=:1.12 arg0="Gender, Male, 7 of 12"
16:48:25.426 [DEBUG] [shim] D-Bus text: "Gender, Male, 7 of 12" (held_track=-1)
16:48:25.630 [DEBUG] [shadow] widgets: id="" params=0 vizKinds=[]
16:48:25.905 [DEBUG] [shadow] widgets: id="" params=0 vizKinds=[]
16:48:25.918 [DEBUG] [shadow] param_pages midi: 2 events (0 knob turns) / 1200ms
16:48:25.919 [DEBUG] [shim] Screen reader: Queued "Voice, Male 2, 6 of 12" (pending=1)
16:48:25.920 [DEBUG] [shim] Screen reader: "Voice, Male 2, 6 of 12" (injected 147 bytes to FD 12, serial=586)
16:48:25.920 [DEBUG] [shadow] ui_view: parampages slot=0 component=global_settings step_observe_want=true
16:48:25.920 [DEBUG] [shim] D-Bus signal: com.ableton.move.ScreenReader.text path=/com/ableton/move/screenreader sender=:1.12 arg0="Voice, Male 2, 6 of 12"
16:48:25.920 [DEBUG] [shim] D-Bus text: "Voice, Male 2, 6 of 12" (held_track=-1)
16:48:25.920 [DEBUG] [shadow] param_pages fps: 57 draws / 57 ticks / 1007ms
16:48:26.004 [DEBUG] [shadow_ui] param_giveup: claim=0 response=0 error=60 last_key=global_settings_module | claimwedge: rt=0 rr=0 blocked=0ms | slow>=90ms: n=0 worst=0ms key=- where=-
16:48:26.155 [DEBUG] [shadow] widgets: id="" params=0 vizKinds=[]
16:48:26.433 [DEBUG] [shadow] widgets: id="" params=0 vizKinds=[]
16:48:26.446 [DEBUG] [shadow_ui] shadow_ui: step_observe OFF
16:48:26.448 [DEBUG] [shim] Screen reader: Queued "Voice, Male 2, 4 of 8" (pending=1)
16:48:26.448 [DEBUG] [shim] Screen reader: "Voice, Male 2, 4 of 8" (injected 146 bytes to FD 12, serial=587)
16:48:26.448 [DEBUG] [shim] D-Bus signal: com.ableton.move.ScreenReader.text path=/com/ableton/move/screenreader sender=:1.12 arg0="Voice, Male 2, 4 of 8"
16:48:26.448 [DEBUG] [shim] D-Bus text: "Voice, Male 2, 4 of 8" (held_track=-1)
16:48:26.732 [DEBUG] [shim] Screen reader: Queued "Male 3, 5 of 8" (pending=1)
16:48:26.732 [DEBUG] [shim] Screen reader: "Male 3, 5 of 8" (injected 139 bytes to FD 12, serial=588)
16:48:26.733 [DEBUG] [shim] D-Bus signal: com.ableton.move.ScreenReader.text path=/com/ableton/move/screenreader sender=:1.12 arg0="Male 3, 5 of 8"
16:48:26.733 [DEBUG] [shim] D-Bus text: "Male 3, 5 of 8" (held_track=-1)
16:48:26.747 [DEBUG] [shim] Screen reader: Queued "Female 2, 6 of 8" (pending=1)
16:48:26.747 [DEBUG] [shim] Screen reader: "Female 2, 6 of 8" (injected 141 bytes to FD 12, serial=589)
16:48:26.747 [DEBUG] [shim] D-Bus signal: com.ableton.move.ScreenReader.text path=/com/ableton/move/screenreader sender=:1.12 arg0="Female 2, 6 of 8"
16:48:26.747 [DEBUG] [shim] D-Bus text: "Female 2, 6 of 8" (held_track=-1)
16:48:26.764 [DEBUG] [shim] Screen reader: Queued "Old Female, 7 of 8" (pending=1)
16:48:26.764 [DEBUG] [shim] Screen reader: "Old Female, 7 of 8" (injected 143 bytes to FD 12, serial=590)
16:48:26.765 [DEBUG] [shim] D-Bus signal: com.ableton.move.ScreenReader.text path=/com/ableton/move/screenreader sender=:1.12 arg0="Old Female, 7 of 8"
16:48:26.765 [DEBUG] [shim] D-Bus text: "Old Female, 7 of 8" (held_track=-1)
16:48:26.782 [DEBUG] [shim] Screen reader: Queued "Old Male, 8 of 8" (pending=1)
16:48:26.784 [DEBUG] [shim] Screen reader: "Old Male, 8 of 8" (injected 141 bytes to FD 12, serial=591)
16:48:26.785 [DEBUG] [shim] D-Bus signal: com.ableton.move.ScreenReader.text path=/com/ableton/move/screenreader sender=:1.12 arg0="Old Male, 8 of 8"
16:48:26.785 [DEBUG] [shim] D-Bus text: "Old Male, 8 of 8" (held_track=-1)
16:48:26.799 [DEBUG] [shim] Screen reader: Queued "Old Male, 8 of 8" (pending=1)
16:48:26.799 [DEBUG] [shim] Screen reader: "Old Male, 8 of 8" (injected 141 bytes to FD 12, serial=592)
16:48:26.799 [DEBUG] [shim] D-Bus signal: com.ableton.move.ScreenReader.text path=/com/ableton/move/screenreader sender=:1.12 arg0="Old Male, 8 of 8"
16:48:26.799 [DEBUG] [shim] D-Bus text: "Old Male, 8 of 8" (held_track=-1)
16:48:26.972 [DEBUG] [shadow] ui_view: enumpick slot=0 component=global_settings step_observe_want=false
16:48:27.057 [DEBUG] [shim] Screen reader: Queued "Old Male, 8 of 8" (pending=1)
16:48:27.057 [DEBUG] [shim] Screen reader: "Old Male, 8 of 8" (injected 141 bytes to FD 12, serial=593)
16:48:27.058 [DEBUG] [shim] D-Bus signal: com.ableton.move.ScreenReader.text path=/com/ableton/move/screenreader sender=:1.12 arg0="Old Male, 8 of 8"
16:48:27.058 [DEBUG] [shim] D-Bus text: "Old Male, 8 of 8" (held_track=-1)
16:48:27.089 [DEBUG] [shim] Screen reader: Queued "Old Male, 8 of 8" (pending=1)
16:48:27.089 [DEBUG] [shim] Screen reader: "Old Male, 8 of 8" (injected 141 bytes to FD 12, serial=594)
16:48:27.090 [DEBUG] [shim] D-Bus signal: com.ableton.move.ScreenReader.text path=/com/ableton/move/screenreader sender=:1.12 arg0="Old Male, 8 of 8"
16:48:27.090 [DEBUG] [shim] D-Bus text: "Old Male, 8 of 8" (held_track=-1)
16:48:27.107 [DEBUG] [shim] Screen reader: Queued "Old Male, 8 of 8" (pending=1)
16:48:27.107 [DEBUG] [shim] Screen reader: "Old Male, 8 of 8" (injected 141 bytes to FD 12, serial=595)
16:48:27.107 [DEBUG] [shim] D-Bus signal: com.ableton.move.ScreenReader.text path=/com/ableton/move/screenreader sender=:1.12 arg0="Old Male, 8 of 8"
16:48:27.107 [DEBUG] [shim] D-Bus text: "Old Male, 8 of 8" (held_track=-1)
16:48:27.121 [DEBUG] [shim] Screen reader: Queued "Old Male, 8 of 8" (pending=1)
16:48:27.121 [DEBUG] [shim] Screen reader: "Old Male, 8 of 8" (injected 141 bytes to FD 12, serial=596)
16:48:27.122 [DEBUG] [shim] D-Bus signal: com.ableton.move.ScreenReader.text path=/com/ableton/move/screenreader sender=:1.12 arg0="Old Male, 8 of 8"
16:48:27.122 [DEBUG] [shim] D-Bus text: "Old Male, 8 of 8" (held_track=-1)
16:48:27.139 [DEBUG] [shim] Screen reader: Queued "Old Male, 8 of 8" (pending=1)
16:48:27.139 [DEBUG] [shim] Screen reader: "Old Male, 8 of 8" (injected 141 bytes to FD 12, serial=597)
16:48:27.139 [DEBUG] [shim] D-Bus signal: com.ableton.move.ScreenReader.text path=/com/ableton/move/screenreader sender=:1.12 arg0="Old Male, 8 of 8"
16:48:27.139 [DEBUG] [shim] D-Bus text: "Old Male, 8 of 8" (held_track=-1)
16:48:27.863 [DEBUG] [shadow] handleSelect called, view=enumpick
16:48:27.864 [DEBUG] [shim] Screen reader: Queued "Voice: Old Male" (pending=1)
16:48:27.864 [DEBUG] [shadow_ui] param_giveup: claim=0 response=0 error=27 last_key=global_settings_module | claimwedge: rt=0 rr=0 blocked=0ms | slow>=90ms: n=0 worst=0ms key=- where=-
16:48:27.864 [DEBUG] [shim] Screen reader: "Voice: Old Male" (injected 140 bytes to FD 12, serial=598)
16:48:27.865 [DEBUG] [shadow_ui] shadow_ui: step_observe ON
16:48:27.865 [DEBUG] [shim] D-Bus signal: com.ableton.move.ScreenReader.text path=/com/ableton/move/screenreader sender=:1.12 arg0="Voice: Old Male"
16:48:27.865 [DEBUG] [shim] D-Bus text: "Voice: Old Male" (held_track=-1)
16:48:27.867 [DEBUG] [shadow] widgets: id="" params=0 vizKinds=[]
16:48:27.876 [DEBUG] [shadow] param_pages fps: 30 draws / 30 ticks / 1956ms
16:48:27.892 [DEBUG] [spi_timing] Frame(us): total avg=2683 max=2794 | pre avg=114 max=297 | ioctl avg=2552 max=2691 | post avg=15 max=33 | overruns=21
16:48:27.892 [DEBUG] [spi_timing] Pre(us): midi_mon=1/5 fwd_midi=2/73 mix_audio=7/40 ui_req=1/20 param=7/40 fwd_cc=0/3 proc_midi=1/11 jack_stash=1/4 drain_dsp=0/1 jack_wake=0/10 mix_buf=45/77 tts=10/36 display=6/192
16:48:27.892 [DEBUG] [spi_timing] Post(us): clear_leds=2/10 jack_midi=0/0 ui_midi=0/9 flush_leds=6/26 screenreader=1/199 jack_pre=0/0 jack_disp=0/2 pin=0/19 midi_scan=8/24 drain_dsp2=0/1 render=4/20
16:48:27.892 [DEBUG] [spi_timing] Slot render max(us): s0=0 s1=0 s2=0 s3=0 probe_burst_max=0
16:48:27.892 [DEBUG] [spi_timing] Slot synth max(us): s0=0 s1=0 s2=0 s3=0 | Slot fx max(us): s0=0 s1=0 s2=0 s3=0
16:48:28.017 [DEBUG] [shadow] param_pages midi: 2 events (0 knob turns) / 2100ms
16:48:28.018 [DEBUG] [shadow_ui] param_giveup: claim=0 response=0 error=8 last_key=global_settings_module | claimwedge: rt=0 rr=0 blocked=0ms | slow>=90ms: n=0 worst=0ms key=- where=-
16:48:28.036 [DEBUG] [shadow] ui_view: parampages slot=0 component=global_settings step_observe_want=true
16:48:28.155 [DEBUG] [shadow] widgets: id="" params=0 vizKinds=[]
16:48:28.408 [DEBUG] [shadow] widgets: id="" params=0 vizKinds=[]
16:48:28.686 [DEBUG] [shadow] widgets: id="" params=0 vizKinds=[]
16:48:28.732 [DEBUG] [shim] Screen reader: Queued "Gender, Male, 7 of 12" (pending=1)
16:48:28.732 [DEBUG] [shim] Screen reader: "Gender, Male, 7 of 12" (injected 146 bytes to FD 12, serial=599)
16:48:28.733 [DEBUG] [shim] D-Bus signal: com.ableton.move.ScreenReader.text path=/com/ableton/move/screenreader sender=:1.12 arg0="Gender, Male, 7 of 12"
16:48:28.733 [DEBUG] [shim] D-Bus text: "Gender, Male, 7 of 12" (held_track=-1)
16:48:28.878 [DEBUG] [shadow] param_pages fps: 56 draws / 56 ticks / 1002ms
16:48:28.935 [DEBUG] [shadow] widgets: id="" params=0 vizKinds=[]
16:48:29.017 [DEBUG] [shadow_ui] param_giveup: claim=0 response=0 error=62 last_key=global_settings_module | claimwedge: rt=0 rr=0 blocked=0ms | slow>=90ms: n=0 worst=0ms key=- where=-
16:48:29.095 [DEBUG] [shadow] ui_view: parampages slot=0 component=global_settings step_observe_want=true
16:48:29.161 [DEBUG] [shadow] param_pages midi: 2 events (0 knob turns) / 1144ms
16:48:29.165 [DEBUG] [shim] Screen reader: Queued "Voice, Old Male, 6 of 12" (pending=1)
16:48:29.165 [DEBUG] [shim] Screen reader: "Voice, Old Male, 6 of 12" (injected 149 bytes to FD 12, serial=600)
16:48:29.165 [DEBUG] [shim] D-Bus signal: com.ableton.move.ScreenReader.text path=/com/ableton/move/screenreader sender=:1.12 arg0="Voice, Old Male, 6 of 12"
16:48:29.165 [DEBUG] [shim] D-Bus text: "Voice, Old Male, 6 of 12" (held_track=-1)
16:48:29.218 [DEBUG] [shadow] widgets: id="" params=0 vizKinds=[]
16:48:29.397 [DEBUG] [shim] Screen reader: Queued "Speak Delay, 50 ms, 5 of 12" (pending=1)
16:48:29.397 [DEBUG] [shim] Screen reader: "Speak Delay, 50 ms, 5 of 12" (injected 152 bytes to FD 12, serial=601)
16:48:29.397 [DEBUG] [shim] D-Bus signal: com.ableton.move.ScreenReader.text path=/com/ableton/move/screenreader sender=:1.12 arg0="Speak Delay, 50 ms, 5 of 12"
16:48:29.397 [DEBUG] [shim] D-Bus text: "Speak Delay, 50 ms, 5 of 12" (held_track=-1)
16:48:29.468 [DEBUG] [shadow] widgets: id="" params=0 vizKinds=[]
16:48:29.743 [DEBUG] [shadow] widgets: id="" params=0 vizKinds=[]
16:48:29.841 [DEBUG] [shim] Screen reader: Queued "Voice, Old Male, 6 of 12" (pending=1)
16:48:29.841 [DEBUG] [shim] Screen reader: "Voice, Old Male, 6 of 12" (injected 149 bytes to FD 12, serial=602)
16:48:29.841 [DEBUG] [shim] D-Bus signal: com.ableton.move.ScreenReader.text path=/com/ableton/move/screenreader sender=:1.12 arg0="Voice, Old Male, 6 of 12"
16:48:29.841 [DEBUG] [shim] D-Bus text: "Voice, Old Male, 6 of 12" (held_track=-1)
16:48:29.894 [DEBUG] [shadow] param_pages fps: 58 draws / 58 ticks / 1016ms
16:48:29.996 [DEBUG] [shadow] widgets: id="" params=0 vizKinds=[]
16:48:30.010 [DEBUG] [shadow_ui] param_giveup: claim=0 response=0 error=61 last_key=global_settings_module | claimwedge: rt=0 rr=0 blocked=0ms | slow>=90ms: n=0 worst=0ms key=- where=-
16:48:30.155 [DEBUG] [shadow] ui_view: parampages slot=0 component=global_settings step_observe_want=true
16:48:30.203 [DEBUG] [shadow] param_pages midi: 3 events (0 knob turns) / 1042ms
16:48:30.203 [DEBUG] [shadow_ui] shadow_ui: step_observe OFF
16:48:30.204 [DEBUG] [shim] Screen reader: Queued "Voice, Old Male, 8 of 8" (pending=1)
16:48:30.204 [DEBUG] [shim] Screen reader: "Voice, Old Male, 8 of 8" (injected 148 bytes to FD 12, serial=603)
16:48:30.204 [DEBUG] [shim] D-Bus signal: com.ableton.move.ScreenReader.text path=/com/ableton/move/screenreader sender=:1.12 arg0="Voice, Old Male, 8 of 8"
16:48:30.204 [DEBUG] [shim] D-Bus text: "Voice, Old Male, 8 of 8" (held_track=-1)
16:48:30.453 [DEBUG] [shim] Screen reader: Queued "Old Female, 7 of 8" (pending=1)
16:48:30.454 [DEBUG] [shim] Screen reader: "Old Female, 7 of 8" (injected 143 bytes to FD 12, serial=604)
16:48:30.454 [DEBUG] [shim] D-Bus signal: com.ableton.move.ScreenReader.text path=/com/ableton/move/screenreader sender=:1.12 arg0="Old Female, 7 of 8"
16:48:30.454 [DEBUG] [shim] D-Bus text: "Old Female, 7 of 8" (held_track=-1)
16:48:30.471 [DEBUG] [shim] Screen reader: Queued "Female 2, 6 of 8" (pending=1)
16:48:30.471 [DEBUG] [shim] Screen reader: "Female 2, 6 of 8" (injected 141 bytes to FD 12, serial=605)
16:48:30.471 [DEBUG] [shim] D-Bus signal: com.ableton.move.ScreenReader.text path=/com/ableton/move/screenreader sender=:1.12 arg0="Female 2, 6 of 8"
16:48:30.471 [DEBUG] [shim] D-Bus text: "Female 2, 6 of 8" (held_track=-1)
16:48:30.506 [DEBUG] [shim] Screen reader: Queued "Male 3, 5 of 8" (pending=1)
16:48:30.506 [DEBUG] [shim] Screen reader: "Male 3, 5 of 8" (injected 139 bytes to FD 12, serial=606)
16:48:30.506 [DEBUG] [shim] D-Bus signal: com.ableton.move.ScreenReader.text path=/com/ableton/move/screenreader sender=:1.12 arg0="Male 3, 5 of 8"
16:48:30.506 [DEBUG] [shim] D-Bus text: "Male 3, 5 of 8" (held_track=-1)
16:48:30.538 [DEBUG] [shim] Screen reader: Queued "Male 2, 4 of 8" (pending=1)
16:48:30.538 [DEBUG] [shim] Screen reader: "Male 2, 4 of 8" (injected 139 bytes to FD 12, serial=607)
16:48:30.538 [DEBUG] [shim] D-Bus signal: com.ableton.move.ScreenReader.text path=/com/ableton/move/screenreader sender=:1.12 arg0="Male 2, 4 of 8"
16:48:30.538 [DEBUG] [shim] D-Bus text: "Male 2, 4 of 8" (held_track=-1)
16:48:30.678 [DEBUG] [shadow] handleSelect called, view=enumpick
16:48:30.680 [DEBUG] [shim] Screen reader: Queued "Voice: Male 2" (pending=1)
16:48:30.680 [DEBUG] [shim] Screen reader: "Voice: Male 2" (injected 138 bytes to FD 12, serial=608)
16:48:30.680 [DEBUG] [shim] D-Bus signal: com.ableton.move.ScreenReader.text path=/com/ableton/move/screenreader sender=:1.12 arg0="Voice: Male 2"
16:48:30.680 [DEBUG] [shim] D-Bus text: "Voice: Male 2" (held_track=-1)
16:48:30.681 [DEBUG] [shadow_ui] shadow_ui: step_observe ON
16:48:30.683 [DEBUG] [shadow] widgets: id="" params=0 vizKinds=[]
16:48:30.910 [DEBUG] [shadow] param_pages fps: 30 draws / 30 ticks / 1016ms
16:48:30.933 [DEBUG] [shadow] widgets: id="" params=0 vizKinds=[]
16:48:31.017 [DEBUG] [shadow_ui] param_giveup: claim=0 response=0 error=32 last_key=global_settings_module | claimwedge: rt=0 rr=0 blocked=0ms | slow>=90ms: n=0 worst=0ms key=- where=-
16:48:31.130 [DEBUG] [shadow_ui] shadow_ui: step_observe OFF
16:48:31.133 [DEBUG] [shim] Screen reader: Queued "Voice, Male 2, 4 of 8" (pending=1)
16:48:31.133 [DEBUG] [shim] Screen reader: "Voice, Male 2, 4 of 8" (injected 146 bytes to FD 12, serial=609)
16:48:31.133 [DEBUG] [shim] D-Bus signal: com.ableton.move.ScreenReader.text path=/com/ableton/move/screenreader sender=:1.12 arg0="Voice, Male 2, 4 of 8"
16:48:31.133 [DEBUG] [shim] D-Bus text: "Voice, Male 2, 4 of 8" (held_track=-1)
16:48:31.206 [DEBUG] [shadow] ui_view: enumpick slot=0 component=global_settings step_observe_want=false
16:48:31.408 [DEBUG] [shim] Screen reader: Queued "Child, 3 of 8" (pending=1)
16:48:31.409 [DEBUG] [shim] Screen reader: "Child, 3 of 8" (injected 138 bytes to FD 12, serial=610)
16:48:31.409 [DEBUG] [shim] D-Bus signal: com.ableton.move.ScreenReader.text path=/com/ableton/move/screenreader sender=:1.12 arg0="Child, 3 of 8"
16:48:31.409 [DEBUG] [shim] D-Bus text: "Child, 3 of 8" (held_track=-1)
16:48:31.440 [DEBUG] [shim] Screen reader: Queued "Female 1, 2 of 8" (pending=1)
16:48:31.441 [DEBUG] [shim] Screen reader: "Female 1, 2 of 8" (injected 141 bytes to FD 12, serial=611)
16:48:31.441 [DEBUG] [shim] D-Bus signal: com.ableton.move.ScreenReader.text path=/com/ableton/move/screenreader sender=:1.12 arg0="Female 1, 2 of 8"
16:48:31.441 [DEBUG] [shim] D-Bus text: "Female 1, 2 of 8" (held_track=-1)
16:48:31.458 [DEBUG] [shim] Screen reader: Queued "Male 1, 1 of 8" (pending=1)
16:48:31.458 [DEBUG] [shim] Screen reader: "Male 1, 1 of 8" (injected 139 bytes to FD 12, serial=612)
16:48:31.458 [DEBUG] [shim] D-Bus signal: com.ableton.move.ScreenReader.text path=/com/ableton/move/screenreader sender=:1.12 arg0="Male 1, 1 of 8"
16:48:31.458 [DEBUG] [shim] D-Bus text: "Male 1, 1 of 8" (held_track=-1)
16:48:31.493 [DEBUG] [shim] Screen reader: Queued "Male 1, 1 of 8" (pending=1)
16:48:31.493 [DEBUG] [shim] Screen reader: "Male 1, 1 of 8" (injected 139 bytes to FD 12, serial=613)
16:48:31.493 [DEBUG] [shim] D-Bus signal: com.ableton.move.ScreenReader.text path=/com/ableton/move/screenreader sender=:1.12 arg0="Male 1, 1 of 8"
16:48:31.493 [DEBUG] [shim] D-Bus text: "Male 1, 1 of 8" (held_track=-1)
16:48:31.640 [DEBUG] [shadow] handleSelect called, view=enumpick
16:48:31.641 [DEBUG] [shim] Screen reader: Queued "Voice: Male 1" (pending=1)
16:48:31.641 [DEBUG] [shim] Screen reader: "Voice: Male 1" (injected 138 bytes to FD 12, serial=614)
16:48:31.641 [DEBUG] [shim] D-Bus signal: com.ableton.move.ScreenReader.text path=/com/ableton/move/screenreader sender=:1.12 arg0="Voice: Male 1"
16:48:31.641 [DEBUG] [shim] D-Bus text: "Voice: Male 1" (held_track=-1)
16:48:31.642 [DEBUG] [shadow_ui] shadow_ui: step_observe ON
16:48:31.644 [DEBUG] [shadow] widgets: id="" params=0 vizKinds=[]
16:48:31.752 [DEBUG] [shadow] param_pages midi: 3 events (0 knob turns) / 1549ms
16:48:31.923 [DEBUG] [shadow] widgets: id="" params=0 vizKinds=[]
16:48:31.926 [DEBUG] [shadow] param_pages fps: 29 draws / 29 ticks / 1016ms
16:48:32.004 [DEBUG] [shadow_ui] param_giveup: claim=0 response=0 error=29 last_key=global_settings_module | claimwedge: rt=0 rr=0 blocked=0ms | slow>=90ms: n=0 worst=0ms key=- where=-
16:48:32.173 [DEBUG] [shadow] widgets: id="" params=0 vizKinds=[]
16:48:32.185 [DEBUG] [shadow_ui] shadow_ui: step_observe OFF
16:48:32.186 [DEBUG] [shim] Screen reader: Queued "Voice, Male 1, 1 of 8" (pending=1)
16:48:32.186 [DEBUG] [shim] Screen reader: "Voice, Male 1, 1 of 8" (injected 146 bytes to FD 12, serial=615)
16:48:32.187 [DEBUG] [shim] D-Bus signal: com.ableton.move.ScreenReader.text path=/com/ableton/move/screenreader sender=:1.12 arg0="Voice, Male 1, 1 of 8"
16:48:32.187 [DEBUG] [shim] D-Bus text: "Voice, Male 1, 1 of 8" (held_track=-1)
16:48:32.260 [DEBUG] [shadow] ui_view: enumpick slot=0 component=global_settings step_observe_want=false
16:48:32.445 [DEBUG] [shim] Screen reader: Queued "Female 1, 2 of 8" (pending=1)
16:48:32.445 [DEBUG] [shim] Screen reader: "Female 1, 2 of 8" (injected 141 bytes to FD 12, serial=616)
16:48:32.445 [DEBUG] [shim] D-Bus signal: com.ableton.move.ScreenReader.text path=/com/ableton/move/screenreader sender=:1.12 arg0="Female 1, 2 of 8"
16:48:32.445 [DEBUG] [shim] D-Bus text: "Female 1, 2 of 8" (held_track=-1)
16:48:32.462 [DEBUG] [shim] Screen reader: Queued "Male 2, 4 of 8" (pending=1)
16:48:32.462 [DEBUG] [shim] Screen reader: "Male 2, 4 of 8" (injected 139 bytes to FD 12, serial=617)
16:48:32.463 [DEBUG] [shim] D-Bus signal: com.ableton.move.ScreenReader.text path=/com/ableton/move/screenreader sender=:1.12 arg0="Male 2, 4 of 8"
16:48:32.463 [DEBUG] [shim] D-Bus text: "Male 2, 4 of 8" (held_track=-1)
16:48:32.480 [DEBUG] [shim] Screen reader: Queued "Female 2, 6 of 8" (pending=1)
16:48:32.480 [DEBUG] [shim] Screen reader: "Female 2, 6 of 8" (injected 141 bytes to FD 12, serial=618)
16:48:32.480 [DEBUG] [shim] D-Bus signal: com.ableton.move.ScreenReader.text path=/com/ableton/move/screenreader sender=:1.12 arg0="Female 2, 6 of 8"
16:48:32.480 [DEBUG] [shim] D-Bus text: "Female 2, 6 of 8" (held_track=-1)
16:48:32.494 [DEBUG] [shim] Screen reader: Queued "Old Female, 7 of 8" (pending=1)
16:48:32.494 [DEBUG] [shim] Screen reader: "Old Female, 7 of 8" (injected 143 bytes to FD 12, serial=619)
16:48:32.494 [DEBUG] [shim] D-Bus signal: com.ableton.move.ScreenReader.text path=/com/ableton/move/screenreader sender=:1.12 arg0="Old Female, 7 of 8"
16:48:32.495 [DEBUG] [shim] D-Bus text: "Old Female, 7 of 8" (held_track=-1)
16:48:32.529 [DEBUG] [shim] Screen reader: Queued "Old Male, 8 of 8" (pending=1)
16:48:32.529 [DEBUG] [shim] Screen reader: "Old Male, 8 of 8" (injected 141 bytes to FD 12, serial=620)
16:48:32.529 [DEBUG] [shim] D-Bus signal: com.ableton.move.ScreenReader.text path=/com/ableton/move/screenreader sender=:1.12 arg0="Old Male, 8 of 8"
16:48:32.529 [DEBUG] [shim] D-Bus text: "Old Male, 8 of 8" (held_track=-1)
16:48:32.710 [DEBUG] [shadow] handleSelect called, view=enumpick
16:48:32.712 [DEBUG] [shim] Screen reader: Queued "Voice: Old Male" (pending=1)
16:48:32.712 [DEBUG] [shadow_ui] shadow_ui: step_observe ON
16:48:32.712 [DEBUG] [shim] Screen reader: "Voice: Old Male" (injected 140 bytes to FD 12, serial=621)
16:48:32.712 [DEBUG] [shim] D-Bus signal: com.ableton.move.ScreenReader.text path=/com/ableton/move/screenreader sender=:1.12 arg0="Voice: Old Male"
16:48:32.712 [DEBUG] [shim] D-Bus text: "Voice: Old Male" (held_track=-1)
16:48:32.716 [DEBUG] [shadow] widgets: id="" params=0 vizKinds=[]
16:48:32.823 [DEBUG] [shadow] param_pages midi: 2 events (0 knob turns) / 1071ms
16:48:32.893 [DEBUG] [spi_timing] Frame(us): total avg=2684 max=2798 | pre avg=113 max=309 | ioctl avg=2554 max=2699 | post avg=15 max=36 | overruns=21
16:48:32.893 [DEBUG] [spi_timing] Pre(us): midi_mon=1/20 fwd_midi=2/66 mix_audio=7/38 ui_req=1/11 param=6/38 fwd_cc=0/1 proc_midi=1/8 jack_stash=1/13 drain_dsp=0/2 jack_wake=0/1 mix_buf=45/70 tts=9/35 display=6/200
16:48:32.893 [DEBUG] [spi_timing] Post(us): clear_leds=2/22 jack_midi=0/0 ui_midi=0/27 flush_leds=6/29 screenreader=2/235 jack_pre=0/9 jack_disp=0/2 pin=0/1 midi_scan=8/28 drain_dsp2=0/1 render=4/19
16:48:32.893 [DEBUG] [spi_timing] Slot render max(us): s0=0 s1=0 s2=0 s3=0 probe_burst_max=0
16:48:32.893 [DEBUG] [spi_timing] Slot synth max(us): s0=0 s1=0 s2=0 s3=0 | Slot fx max(us): s0=0 s1=0 s2=0 s3=0
16:48:32.935 [DEBUG] [shadow] param_pages fps: 27 draws / 27 ticks / 1009ms
16:48:32.994 [DEBUG] [shadow] widgets: id="" params=0 vizKinds=[]
16:48:33.008 [DEBUG] [shadow_ui] param_giveup: claim=0 response=0 error=30 last_key=global_settings_module | claimwedge: rt=0 rr=0 blocked=0ms | slow>=90ms: n=0 worst=0ms key=- where=-
16:48:33.252 [DEBUG] [shadow] widgets: id="" params=0 vizKinds=[]
16:48:33.310 [DEBUG] [shadow_ui] shadow_ui: step_observe OFF
16:48:33.313 [DEBUG] [shim] Screen reader: Queued "Voice, Old Male, 8 of 8" (pending=1)
16:48:33.313 [DEBUG] [shim] Screen reader: "Voice, Old Male, 8 of 8" (injected 148 bytes to FD 12, serial=622)
16:48:33.313 [DEBUG] [shim] D-Bus signal: com.ableton.move.ScreenReader.text path=/com/ableton/move/screenreader sender=:1.12 arg0="Voice, Old Male, 8 of 8"
16:48:33.313 [DEBUG] [shim] D-Bus text: "Voice, Old Male, 8 of 8" (held_track=-1)
16:48:33.327 [DEBUG] [shadow] ui_view: enumpick slot=0 component=global_settings step_observe_want=false
16:48:33.545 [DEBUG] [shim] Screen reader: Queued "Old Male, 8 of 8" (pending=1)
16:48:33.545 [DEBUG] [shim] Screen reader: "Old Male, 8 of 8" (injected 141 bytes to FD 12, serial=623)
16:48:33.545 [DEBUG] [shim] D-Bus signal: com.ableton.move.ScreenReader.text path=/com/ableton/move/screenreader sender=:1.12 arg0="Old Male, 8 of 8"
16:48:33.545 [DEBUG] [shim] D-Bus text: "Old Male, 8 of 8" (held_track=-1)
16:48:33.580 [DEBUG] [shim] Screen reader: Queued "Old Male, 8 of 8" (pending=1)
16:48:33.580 [DEBUG] [shim] Screen reader: "Old Male, 8 of 8" (injected 141 bytes to FD 12, serial=624)
16:48:33.580 [DEBUG] [shim] D-Bus signal: com.ableton.move.ScreenReader.text path=/com/ableton/move/screenreader sender=:1.12 arg0="Old Male, 8 of 8"
16:48:33.580 [DEBUG] [shim] D-Bus text: "Old Male, 8 of 8" (held_track=-1)
16:48:33.612 [DEBUG] [shim] Screen reader: Queued "Old Male, 8 of 8" (pending=1)
16:48:33.612 [DEBUG] [shim] Screen reader: "Old Male, 8 of 8" (injected 141 bytes to FD 12, serial=625)
16:48:33.612 [DEBUG] [shim] D-Bus signal: com.ableton.move.ScreenReader.text path=/com/ableton/move/screenreader sender=:1.12 arg0="Old Male, 8 of 8"
16:48:33.612 [DEBUG] [shim] D-Bus text: "Old Male, 8 of 8" (held_track=-1)
16:48:33.833 [DEBUG] [shadow] handleSelect called, view=enumpick
16:48:33.835 [DEBUG] [shim] Screen reader: Queued "Voice: Old Male" (pending=1)
16:48:33.835 [DEBUG] [shim] Screen reader: "Voice: Old Male" (injected 140 bytes to FD 12, serial=626)
16:48:33.835 [DEBUG] [shadow_ui] shadow_ui: step_observe ON
16:48:33.835 [DEBUG] [shim] D-Bus signal: com.ableton.move.ScreenReader.text path=/com/ableton/move/screenreader sender=:1.12 arg0="Voice: Old Male"
16:48:33.835 [DEBUG] [shim] D-Bus text: "Voice: Old Male" (held_track=-1)
16:48:33.838 [DEBUG] [shadow] widgets: id="" params=0 vizKinds=[]
16:48:33.916 [DEBUG] [shadow] param_pages midi: 2 events (0 knob turns) / 1093ms
16:48:33.952 [DEBUG] [shadow] param_pages fps: 28 draws / 28 ticks / 1017ms
16:48:34.001 [DEBUG] [shadow_ui] param_giveup: claim=0 response=0 error=28 last_key=global_settings_module | claimwedge: rt=0 rr=0 blocked=0ms | slow>=90ms: n=0 worst=0ms key=- where=-
16:48:34.088 [DEBUG] [shadow] widgets: id="" params=0 vizKinds=[]
16:48:34.302 [DEBUG] [shim] Screen reader: Queued "Speak Delay, 50 ms, 5 of 12" (pending=1)
16:48:34.302 [DEBUG] [shim] Screen reader: "Speak Delay, 50 ms, 5 of 12" (injected 152 bytes to FD 12, serial=627)
16:48:34.303 [DEBUG] [shim] D-Bus signal: com.ableton.move.ScreenReader.text path=/com/ableton/move/screenreader sender=:1.12 arg0="Speak Delay, 50 ms, 5 of 12"
16:48:34.303 [DEBUG] [shim] D-Bus text: "Speak Delay, 50 ms, 5 of 12" (held_track=-1)
16:48:34.363 [DEBUG] [shim] Screen reader: Queued "Volume, 50%, 4 of 12" (pending=1)
16:48:34.364 [DEBUG] [shim] Screen reader: "Volume, 50%, 4 of 12" (injected 145 bytes to FD 12, serial=628)
16:48:34.364 [DEBUG] [shim] D-Bus signal: com.ableton.move.ScreenReader.text path=/com/ableton/move/screenreader sender=:1.12 arg0="Volume, 50%, 4 of 12"
16:48:34.364 [DEBUG] [shim] D-Bus text: "Volume, 50%, 4 of 12" (held_track=-1)
16:48:34.366 [DEBUG] [shadow] widgets: id="" params=0 vizKinds=[]
16:48:34.382 [DEBUG] [shadow] ui_view: parampages slot=0 component=global_settings step_observe_want=true
16:48:34.416 [DEBUG] [shim] Screen reader: Queued "Speed, 2.5 x, 3 of 12" (pending=1)
16:48:34.416 [DEBUG] [shim] Screen reader: "Speed, 2.5 x, 3 of 12" (injected 146 bytes to FD 12, serial=629)
16:48:34.416 [DEBUG] [shim] D-Bus signal: com.ableton.move.ScreenReader.text path=/com/ableton/move/screenreader sender=:1.12 arg0="Speed, 2.5 x, 3 of 12"
16:48:34.416 [DEBUG] [shim] D-Bus text: "Speed, 2.5 x, 3 of 12" (held_track=-1)
16:48:34.616 [DEBUG] [shadow] widgets: id="" params=0 vizKinds=[]
16:48:34.897 [DEBUG] [shadow] widgets: id="" params=0 vizKinds=[]
16:48:34.962 [DEBUG] [shadow] param_pages fps: 57 draws / 57 ticks / 1010ms
16:48:35.011 [DEBUG] [shadow_ui] param_giveup: claim=0 response=0 error=61 last_key=global_settings_module | claimwedge: rt=0 rr=0 blocked=0ms | slow>=90ms: n=0 worst=0ms key=- where=-
16:48:35.092 [DEBUG] [shadow] param_pages midi: 4 events (0 knob turns) / 1176ms
16:48:35.095 [DEBUG] [shim] Screen reader: Queued "Engine, Eloquence, 2 of 12" (pending=1)
16:48:35.095 [DEBUG] [shim] Screen reader: "Engine, Eloquence, 2 of 12" (injected 151 bytes to FD 12, serial=630)
16:48:35.095 [DEBUG] [shim] D-Bus signal: com.ableton.move.ScreenReader.text path=/com/ableton/move/screenreader sender=:1.12 arg0="Engine, Eloquence, 2 of 12"
16:48:35.095 [DEBUG] [shim] D-Bus text: "Engine, Eloquence, 2 of 12" (held_track=-1)
16:48:35.144 [DEBUG] [shim] Screen reader: Queued "Screen Reader, On, 1 of 12" (pending=1)
16:48:35.144 [DEBUG] [shim] Screen reader: "Screen Reader, On, 1 of 12" (injected 151 bytes to FD 12, serial=631)
16:48:35.145 [DEBUG] [shim] D-Bus signal: com.ableton.move.ScreenReader.text path=/com/ableton/move/screenreader sender=:1.12 arg0="Screen Reader, On, 1 of 12"
16:48:35.145 [DEBUG] [shim] D-Bus text: "Screen Reader, On, 1 of 12" (held_track=-1)
16:48:35.147 [DEBUG] [shadow] widgets: id="" params=0 vizKinds=[]
16:48:35.424 [DEBUG] [shadow] widgets: id="" params=0 vizKinds=[]
16:48:35.438 [DEBUG] [shadow] ui_view: parampages slot=0 component=global_settings step_observe_want=true
16:48:35.673 [DEBUG] [shadow] widgets: id="" params=0 vizKinds=[]
16:48:35.952 [DEBUG] [shadow] widgets: id="" params=0 vizKinds=[]
16:48:35.966 [DEBUG] [shadow] param_pages fps: 57 draws / 57 ticks / 1004ms
16:48:36.000 [DEBUG] [shadow_ui] param_giveup: claim=0 response=0 error=60 last_key=global_settings_module | claimwedge: rt=0 rr=0 blocked=0ms | slow>=90ms: n=0 worst=0ms key=- where=-
16:48:36.050 [DEBUG] [shim] Screen reader: Queued "Engine, Eloquence, 2 of 12" (pending=1)
16:48:36.050 [DEBUG] [shim] Screen reader: "Engine, Eloquence, 2 of 12" (injected 151 bytes to FD 12, serial=632)
16:48:36.050 [DEBUG] [shim] D-Bus signal: com.ableton.move.ScreenReader.text path=/com/ableton/move/screenreader sender=:1.12 arg0="Engine, Eloquence, 2 of 12"
16:48:36.050 [DEBUG] [shim] D-Bus text: "Engine, Eloquence, 2 of 12" (held_track=-1)
16:48:36.098 [DEBUG] [shadow] param_pages midi: 3 events (0 knob turns) / 1006ms
16:48:36.099 [DEBUG] [shim] Screen reader: Queued "Speed, 2.5 x, 3 of 12" (pending=1)
16:48:36.099 [DEBUG] [shim] Screen reader: "Speed, 2.5 x, 3 of 12" (injected 146 bytes to FD 12, serial=633)
16:48:36.100 [DEBUG] [shim] D-Bus signal: com.ableton.move.ScreenReader.text path=/com/ableton/move/screenreader sender=:1.12 arg0="Speed, 2.5 x, 3 of 12"
16:48:36.100 [DEBUG] [shim] D-Bus text: "Speed, 2.5 x, 3 of 12" (held_track=-1)
16:48:36.204 [DEBUG] [shadow] widgets: id="" params=0 vizKinds=[]
16:48:36.479 [DEBUG] [shadow] widgets: id="" params=0 vizKinds=[]
16:48:36.494 [DEBUG] [shadow] ui_view: parampages slot=0 component=global_settings step_observe_want=true
16:48:36.511 [DEBUG] [shim] Screen reader: Queued "Speed, 2.5 x, 3 of 12" (pending=1)
16:48:36.511 [DEBUG] [shim] Screen reader: "Speed, 2.5 x, 3 of 12" (injected 146 bytes to FD 12, serial=634)
16:48:36.512 [DEBUG] [shim] D-Bus signal: com.ableton.move.ScreenReader.text path=/com/ableton/move/screenreader sender=:1.12 arg0="Speed, 2.5 x, 3 of 12"
16:48:36.512 [DEBUG] [shim] D-Bus text: "Speed, 2.5 x, 3 of 12" (held_track=-1)
16:48:36.732 [DEBUG] [shadow] widgets: id="" params=0 vizKinds=[]
16:48:36.894 [DEBUG] [shim] Screen reader: Queued "2.5 x" (pending=1)
16:48:36.895 [DEBUG] [shim] Screen reader: "2.5 x" (injected 130 bytes to FD 12, serial=635)
16:48:36.895 [DEBUG] [shim] D-Bus signal: com.ableton.move.ScreenReader.text path=/com/ableton/move/screenreader sender=:1.12 arg0="2.5 x"
16:48:36.895 [DEBUG] [shim] D-Bus text: "2.5 x" (held_track=-1)
16:48:37.003 [DEBUG] [shadow] param_pages fps: 58 draws / 58 ticks / 1037ms
16:48:37.009 [DEBUG] [shadow_ui] param_giveup: claim=0 response=0 error=61 last_key=global_settings_module | claimwedge: rt=0 rr=0 blocked=0ms | slow>=90ms: n=0 worst=0ms key=- where=-
16:48:37.011 [DEBUG] [shadow] widgets: id="" params=0 vizKinds=[]
16:48:37.261 [DEBUG] [shadow] widgets: id="" params=0 vizKinds=[]
16:48:37.537 [DEBUG] [shadow] widgets: id="" params=0 vizKinds=[]
16:48:37.550 [DEBUG] [shadow] ui_view: parampages slot=0 component=global_settings step_observe_want=true
16:48:37.683 [DEBUG] [shadow] param_pages midi: 9 events (0 knob turns) / 1585ms
16:48:37.684 [DEBUG] [shim] Screen reader: Queued "2.3 x" (pending=1)
16:48:37.684 [DEBUG] [shim] Screen reader: "2.3 x" (injected 130 bytes to FD 12, serial=636)
16:48:37.685 [DEBUG] [shim] D-Bus signal: com.ableton.move.ScreenReader.text path=/com/ableton/move/screenreader sender=:1.12 arg0="2.3 x"
16:48:37.685 [DEBUG] [shim] D-Bus text: "2.3 x" (held_track=-1)
16:48:37.789 [DEBUG] [shadow] widgets: id="" params=0 vizKinds=[]
16:48:37.893 [DEBUG] [spi_timing] Frame(us): total avg=2681 max=2793 | pre avg=114 max=336 | ioctl avg=2551 max=2690 | post avg=15 max=35 | overruns=21
16:48:37.893 [DEBUG] [spi_timing] Pre(us): midi_mon=1/22 fwd_midi=2/62 mix_audio=7/37 ui_req=1/24 param=7/27 fwd_cc=0/2 proc_midi=1/18 jack_stash=1/12 drain_dsp=0/1 jack_wake=0/1 mix_buf=45/72 tts=10/37 display=6/216
16:48:37.893 [DEBUG] [spi_timing] Post(us): clear_leds=2/16 jack_midi=0/0 ui_midi=0/2 flush_leds=6/21 screenreader=1/229 jack_pre=0/1 jack_disp=0/0 pin=0/19 midi_scan=8/27 drain_dsp2=0/1 render=4/24
16:48:37.893 [DEBUG] [spi_timing] Slot render max(us): s0=0 s1=0 s2=0 s3=0 probe_burst_max=0
16:48:37.893 [DEBUG] [spi_timing] Slot synth max(us): s0=0 s1=0 s2=0 s3=0 | Slot fx max(us): s0=0 s1=0 s2=0 s3=0
16:48:37.986 [DEBUG] [shim] Screen reader: Queued "2.3 x" (pending=1)
16:48:37.986 [DEBUG] [shim] Screen reader: "2.3 x" (injected 130 bytes to FD 12, serial=637)
16:48:37.986 [DEBUG] [shim] D-Bus signal: com.ableton.move.ScreenReader.text path=/com/ableton/move/screenreader sender=:1.12 arg0="2.3 x"
16:48:37.986 [DEBUG] [shim] D-Bus text: "2.3 x" (held_track=-1)
16:48:38.000 [DEBUG] [shadow_ui] param_giveup: claim=0 response=0 error=62 last_key=global_settings_module | claimwedge: rt=0 rr=0 blocked=0ms | slow>=90ms: n=0 worst=0ms key=- where=-
16:48:38.059 [DEBUG] [shadow] param_pages fps: 60 draws / 60 ticks / 1056ms
16:48:38.064 [DEBUG] [shadow] widgets: id="" params=0 vizKinds=[]
16:48:38.230 [DEBUG] [shim] Screen reader: Queued "2.4 x" (pending=1)
16:48:38.230 [DEBUG] [shim] Screen reader: "2.4 x" (injected 130 bytes to FD 12, serial=638)
16:48:38.230 [DEBUG] [shim] D-Bus signal: com.ableton.move.ScreenReader.text path=/com/ableton/move/screenreader sender=:1.12 arg0="2.4 x"
16:48:38.230 [DEBUG] [shim] D-Bus text: "2.4 x" (held_track=-1)
16:48:38.314 [DEBUG] [shadow] widgets: id="" params=0 vizKinds=[]
16:48:38.601 [DEBUG] [shadow] widgets: id="" params=0 vizKinds=[]
16:48:38.616 [DEBUG] [shadow] ui_view: parampages slot=0 component=global_settings step_observe_want=true
16:48:38.683 [DEBUG] [shim] Screen reader: Queued "2.4 x" (pending=1)
16:48:38.683 [DEBUG] [shim] Screen reader: "2.4 x" (injected 130 bytes to FD 12, serial=639)
16:48:38.683 [DEBUG] [shim] D-Bus signal: com.ableton.move.ScreenReader.text path=/com/ableton/move/screenreader sender=:1.12 arg0="2.4 x"
16:48:38.683 [DEBUG] [shim] D-Bus text: "2.4 x" (held_track=-1)
16:48:38.697 [DEBUG] [shadow] param_pages midi: 11 events (0 knob turns) / 1014ms
16:48:38.848 [DEBUG] [shim] Screen reader: Queued "2.3 x" (pending=1)
16:48:38.848 [DEBUG] [shim] Screen reader: "2.3 x" (injected 130 bytes to FD 12, serial=640)
16:48:38.849 [DEBUG] [shim] D-Bus signal: com.ableton.move.ScreenReader.text path=/com/ableton/move/screenreader sender=:1.12 arg0="2.3 x"
16:48:38.849 [DEBUG] [shim] D-Bus text: "2.3 x" (held_track=-1)
16:48:38.851 [DEBUG] [shadow] widgets: id="" params=0 vizKinds=[]
16:48:38.999 [DEBUG] [shim] Screen reader: Queued "2.2 x" (pending=1)
16:48:38.999 [DEBUG] [shim] Screen reader: "2.2 x" (injected 130 bytes to FD 12, serial=641)
16:48:38.999 [DEBUG] [shim] D-Bus signal: com.ableton.move.ScreenReader.text path=/com/ableton/move/screenreader sender=:1.12 arg0="2.2 x"
16:48:38.999 [DEBUG] [shim] D-Bus text: "2.2 x" (held_track=-1)
16:48:39.017 [DEBUG] [shadow_ui] param_giveup: claim=0 response=0 error=61 last_key=global_settings_module | claimwedge: rt=0 rr=0 blocked=0ms | slow>=90ms: n=0 worst=0ms key=- where=-
16:48:39.066 [DEBUG] [shadow] param_pages fps: 59 draws / 59 ticks / 1007ms
16:48:39.130 [DEBUG] [shadow] widgets: id="" params=0 vizKinds=[]
16:48:39.383 [DEBUG] [shadow] widgets: id="" params=0 vizKinds=[]
16:48:39.659 [DEBUG] [shadow] widgets: id="" params=0 vizKinds=[]
16:48:39.672 [DEBUG] [shadow] ui_view: parampages slot=0 component=global_settings step_observe_want=true
16:48:39.910 [DEBUG] [shadow] widgets: id="" params=0 vizKinds=[]
16:48:39.938 [DEBUG] [shadow] param_pages midi: 13 events (0 knob turns) / 1240ms
16:48:39.939 [DEBUG] [shim] Screen reader: Queued "Speed, 2.1 x, 3 of 12" (pending=1)
16:48:39.939 [DEBUG] [shim] Screen reader: "Speed, 2.1 x, 3 of 12" (injected 146 bytes to FD 12, serial=642)
16:48:39.940 [DEBUG] [shim] D-Bus signal: com.ableton.move.ScreenReader.text path=/com/ableton/move/screenreader sender=:1.12 arg0="Speed, 2.1 x, 3 of 12"
16:48:39.940 [DEBUG] [shim] D-Bus text: "Speed, 2.1 x, 3 of 12" (held_track=-1)
16:48:40.006 [DEBUG] [shadow_ui] param_giveup: claim=0 response=0 error=60 last_key=global_settings_module | claimwedge: rt=0 rr=0 blocked=0ms | slow>=90ms: n=0 worst=0ms key=- where=-
16:48:40.074 [DEBUG] [shadow] param_pages fps: 57 draws / 57 ticks / 1008ms
16:48:40.186 [DEBUG] [shadow] widgets: id="" params=0 vizKinds=[]
16:48:40.439 [DEBUG] [shadow] widgets: id="" params=0 vizKinds=[]
16:48:40.711 [DEBUG] [shim] Screen reader: Queued "Engine, Eloquence, 2 of 12" (pending=1)
16:48:40.712 [DEBUG] [shim] Screen reader: "Engine, Eloquence, 2 of 12" (injected 151 bytes to FD 12, serial=643)
16:48:40.712 [DEBUG] [shim] D-Bus signal: com.ableton.move.ScreenReader.text path=/com/ableton/move/screenreader sender=:1.12 arg0="Engine, Eloquence, 2 of 12"
16:48:40.712 [DEBUG] [shim] D-Bus text: "Engine, Eloquence, 2 of 12" (held_track=-1)
16:48:40.715 [DEBUG] [shadow] widgets: id="" params=0 vizKinds=[]
16:48:40.729 [DEBUG] [shadow] ui_view: parampages slot=0 component=global_settings step_observe_want=true
16:48:40.965 [DEBUG] [shadow] widgets: id="" params=0 vizKinds=[]
16:48:41.013 [DEBUG] [shadow_ui] param_giveup: claim=0 response=0 error=62 last_key=global_settings_module | claimwedge: rt=0 rr=0 blocked=0ms | slow>=90ms: n=0 worst=0ms key=- where=-
16:48:41.080 [DEBUG] [shadow] param_pages fps: 57 draws / 57 ticks / 1006ms
16:48:41.244 [DEBUG] [shadow] widgets: id="" params=0 vizKinds=[]
16:48:41.493 [DEBUG] [shadow] widgets: id="" params=0 vizKinds=[]
16:48:41.606 [DEBUG] [shadow] param_pages midi: 3 events (0 knob turns) / 1669ms
16:48:41.608 [DEBUG] [shim] Screen reader: Queued "Screen Reader, On, 1 of 12" (pending=1)
16:48:41.609 [DEBUG] [shim] Screen reader: "Screen Reader, On, 1 of 12" (injected 151 bytes to FD 12, serial=644)
16:48:41.609 [DEBUG] [shim] D-Bus signal: com.ableton.move.ScreenReader.text path=/com/ableton/move/screenreader sender=:1.12 arg0="Screen Reader, On, 1 of 12"
16:48:41.609 [DEBUG] [shim] D-Bus text: "Screen Reader, On, 1 of 12" (held_track=-1)
16:48:41.772 [DEBUG] [shadow] widgets: id="" params=0 vizKinds=[]
16:48:41.786 [DEBUG] [shadow] ui_view: parampages slot=0 component=global_settings step_observe_want=true
16:48:42.003 [DEBUG] [shadow_ui] param_giveup: claim=0 response=0 error=59 last_key=global_settings_module | claimwedge: rt=0 rr=0 blocked=0ms | slow>=90ms: n=0 worst=0ms key=- where=-
16:48:42.024 [DEBUG] [shadow] widgets: id="" params=0 vizKinds=[]
16:48:42.099 [DEBUG] [shadow] param_pages fps: 57 draws / 57 ticks / 1019ms
16:48:42.302 [DEBUG] [shadow] widgets: id="" params=0 vizKinds=[]
16:48:42.401 [DEBUG] [shim] Screen reader: Queued "Engine, Eloquence, 2 of 12" (pending=1)
16:48:42.401 [DEBUG] [shim] Screen reader: "Engine, Eloquence, 2 of 12" (injected 151 bytes to FD 12, serial=645)
16:48:42.401 [DEBUG] [shim] D-Bus signal: com.ableton.move.ScreenReader.text path=/com/ableton/move/screenreader sender=:1.12 arg0="Engine, Eloquence, 2 of 12"
16:48:42.401 [DEBUG] [shim] D-Bus text: "Engine, Eloquence, 2 of 12" (held_track=-1)
16:48:42.450 [DEBUG] [shim] Screen reader: Queued "Speed, 2.1 x, 3 of 12" (pending=1)
16:48:42.450 [DEBUG] [shim] Screen reader: "Speed, 2.1 x, 3 of 12" (injected 146 bytes to FD 12, serial=646)
16:48:42.451 [DEBUG] [shim] D-Bus signal: com.ableton.move.ScreenReader.text path=/com/ableton/move/screenreader sender=:1.12 arg0="Speed, 2.1 x, 3 of 12"
16:48:42.451 [DEBUG] [shim] D-Bus text: "Speed, 2.1 x, 3 of 12" (held_track=-1)
16:48:42.468 [DEBUG] [shim] Screen reader: Queued "Volume, 50%, 4 of 12" (pending=1)
16:48:42.468 [DEBUG] [shim] Screen reader: "Volume, 50%, 4 of 12" (injected 145 bytes to FD 12, serial=647)
16:48:42.468 [DEBUG] [shim] D-Bus signal: com.ableton.move.ScreenReader.text path=/com/ableton/move/screenreader sender=:1.12 arg0="Volume, 50%, 4 of 12"
16:48:42.468 [DEBUG] [shim] D-Bus text: "Volume, 50%, 4 of 12" (held_track=-1)
16:48:42.482 [DEBUG] [shim] Screen reader: Queued "Speak Delay, 50 ms, 5 of 12" (pending=1)
16:48:42.482 [DEBUG] [shim] Screen reader: "Speak Delay, 50 ms, 5 of 12" (injected 152 bytes to FD 12, serial=648)
16:48:42.483 [DEBUG] [shim] D-Bus signal: com.ableton.move.ScreenReader.text path=/com/ableton/move/screenreader sender=:1.12 arg0="Speak Delay, 50 ms, 5 of 12"
16:48:42.483 [DEBUG] [shim] D-Bus text: "Speak Delay, 50 ms, 5 of 12" (held_track=-1)
16:48:42.517 [DEBUG] [shim] Screen reader: Queued "Voice, Old Male, 6 of 12" (pending=1)
16:48:42.517 [DEBUG] [shim] Screen reader: "Voice, Old Male, 6 of 12" (injected 149 bytes to FD 12, serial=649)
16:48:42.517 [DEBUG] [shim] D-Bus signal: com.ableton.move.ScreenReader.text path=/com/ableton/move/screenreader sender=:1.12 arg0="Voice, Old Male, 6 of 12"
16:48:42.517 [DEBUG] [shim] D-Bus text: "Voice, Old Male, 6 of 12" (held_track=-1)
16:48:42.552 [DEBUG] [shadow] widgets: id="" params=0 vizKinds=[]
16:48:42.827 [DEBUG] [shadow] param_pages midi: 7 events (0 knob turns) / 1221ms
16:48:42.828 [DEBUG] [shim] Screen reader: Queued "Head Size, 30, 8 of 12" (pending=1)
16:48:42.828 [DEBUG] [shim] Screen reader: "Head Size, 30, 8 of 12" (injected 147 bytes to FD 12, serial=650)
16:48:42.828 [DEBUG] [shim] D-Bus signal: com.ableton.move.ScreenReader.text path=/com/ableton/move/screenreader sender=:1.12 arg0="Head Size, 30, 8 of 12"
16:48:42.828 [DEBUG] [shim] D-Bus text: "Head Size, 30, 8 of 12" (held_track=-1)
16:48:42.834 [DEBUG] [shadow] widgets: id="" params=0 vizKinds=[]
16:48:42.845 [DEBUG] [shadow] ui_view: parampages slot=0 component=global_settings step_observe_want=true
16:48:42.862 [DEBUG] [shim] Screen reader: Queued "Base Pitch, 61, 9 of 12" (pending=1)
16:48:42.862 [DEBUG] [shim] Screen reader: "Base Pitch, 61, 9 of 12" (injected 148 bytes to FD 12, serial=651)
16:48:42.863 [DEBUG] [shim] D-Bus signal: com.ableton.move.ScreenReader.text path=/com/ableton/move/screenreader sender=:1.12 arg0="Base Pitch, 61, 9 of 12"
16:48:42.863 [DEBUG] [shim] D-Bus text: "Base Pitch, 61, 9 of 12" (held_track=-1)
16:48:42.880 [DEBUG] [shim] Screen reader: Queued "Inflection, 44, 10 of 12" (pending=1)
16:48:42.880 [DEBUG] [shim] Screen reader: "Inflection, 44, 10 of 12" (injected 149 bytes to FD 12, serial=652)
16:48:42.880 [DEBUG] [shim] D-Bus signal: com.ableton.move.ScreenReader.text path=/com/ableton/move/screenreader sender=:1.12 arg0="Inflection, 44, 10 of 12"
16:48:42.880 [DEBUG] [shim] D-Bus text: "Inflection, 44, 10 of 12" (held_track=-1)
16:48:42.893 [DEBUG] [spi_timing] Frame(us): total avg=2683 max=2796 | pre avg=112 max=298 | ioctl avg=2554 max=2690 | post avg=15 max=36 | overruns=21
16:48:42.893 [DEBUG] [spi_timing] Pre(us): midi_mon=1/9 fwd_midi=2/87 mix_audio=7/37 ui_req=1/23 param=7/71 fwd_cc=0/0 proc_midi=1/20 jack_stash=1/18 drain_dsp=0/0 jack_wake=0/20 mix_buf=45/74 tts=8/29 display=6/182
16:48:42.893 [DEBUG] [spi_timing] Post(us): clear_leds=2/9 jack_midi=0/1 ui_midi=0/6 flush_leds=6/29 screenreader=1/228 jack_pre=0/0 jack_disp=0/7 pin=0/1 midi_scan=8/27 drain_dsp2=0/6 render=4/23
16:48:42.893 [DEBUG] [spi_timing] Slot render max(us): s0=0 s1=0 s2=0 s3=0 probe_burst_max=0
16:48:42.893 [DEBUG] [spi_timing] Slot synth max(us): s0=0 s1=0 s2=0 s3=0 | Slot fx max(us): s0=0 s1=0 s2=0 s3=0
16:48:42.894 [DEBUG] [shim] Screen reader: Queued "Roughness, 18, 11 of 12" (pending=1)
16:48:42.894 [DEBUG] [shim] Screen reader: "Roughness, 18, 11 of 12" (injected 148 bytes to FD 12, serial=653)
16:48:42.895 [DEBUG] [shim] D-Bus signal: com.ableton.move.ScreenReader.text path=/com/ableton/move/screenreader sender=:1.12 arg0="Roughness, 18, 11 of 12"
16:48:42.895 [DEBUG] [shim] D-Bus text: "Roughness, 18, 11 of 12" (held_track=-1)
16:48:42.912 [DEBUG] [shim] Screen reader: Queued "Breathiness, 20, 12 of 12" (pending=1)
16:48:42.912 [DEBUG] [shim] Screen reader: "Breathiness, 20, 12 of 12" (injected 150 bytes to FD 12, serial=654)
16:48:42.912 [DEBUG] [shim] D-Bus signal: com.ableton.move.ScreenReader.text path=/com/ableton/move/screenreader sender=:1.12 arg0="Breathiness, 20, 12 of 12"
16:48:42.912 [DEBUG] [shim] D-Bus text: "Breathiness, 20, 12 of 12" (held_track=-1)
16:48:43.014 [DEBUG] [shadow_ui] param_giveup: claim=0 response=0 error=61 last_key=global_settings_module | claimwedge: rt=0 rr=0 blocked=0ms | slow>=90ms: n=0 worst=0ms key=- where=-
16:48:43.081 [DEBUG] [shadow] widgets: id="" params=0 vizKinds=[]
16:48:43.113 [DEBUG] [shadow] param_pages fps: 58 draws / 58 ticks / 1014ms
16:48:43.360 [DEBUG] [shadow] widgets: id="" params=0 vizKinds=[]
16:48:43.612 [DEBUG] [shadow] widgets: id="" params=0 vizKinds=[]
16:48:43.889 [DEBUG] [shadow] param_pages midi: 12 events (0 knob turns) / 1062ms
16:48:43.894 [DEBUG] [shadow] widgets: id="" params=0 vizKinds=[]
16:48:43.907 [DEBUG] [shadow] ui_view: parampages slot=0 component=global_settings step_observe_want=true
16:48:44.009 [DEBUG] [shadow_ui] param_giveup: claim=0 response=0 error=60 last_key=global_settings_module | claimwedge: rt=0 rr=0 blocked=0ms | slow>=90ms: n=0 worst=0ms key=- where=-
16:48:44.137 [DEBUG] [shadow] param_pages fps: 57 draws / 57 ticks / 1024ms
16:48:44.145 [DEBUG] [shadow] widgets: id="" params=0 vizKinds=[]
16:48:44.421 [DEBUG] [shadow] widgets: id="" params=0 vizKinds=[]
16:48:44.674 [DEBUG] [shadow] widgets: id="" params=0 vizKinds=[]
16:48:44.885 [DEBUG] [shim] Screen reader: Queued "Roughness, 18, 11 of 12" (pending=1)
16:48:44.886 [DEBUG] [shim] Screen reader: "Roughness, 18, 11 of 12" (injected 148 bytes to FD 12, serial=655)
16:48:44.886 [DEBUG] [shim] D-Bus signal: com.ableton.move.ScreenReader.text path=/com/ableton/move/screenreader sender=:1.12 arg0="Roughness, 18, 11 of 12"
16:48:44.886 [DEBUG] [shim] D-Bus text: "Roughness, 18, 11 of 12" (held_track=-1)
16:48:44.951 [DEBUG] [shadow] widgets: id="" params=0 vizKinds=[]
16:48:44.963 [DEBUG] [shadow] param_pages midi: 7 events (0 knob turns) / 1074ms
16:48:44.964 [DEBUG] [shim] Screen reader: Queued "Inflection, 44, 10 of 12" (pending=1)
16:48:44.964 [DEBUG] [shim] Screen reader: "Inflection, 44, 10 of 12" (injected 149 bytes to FD 12, serial=656)
16:48:44.964 [DEBUG] [shadow] ui_view: parampages slot=0 component=global_settings step_observe_want=true
16:48:44.964 [DEBUG] [shim] D-Bus signal: com.ableton.move.ScreenReader.text path=/com/ableton/move/screenreader sender=:1.12 arg0="Inflection, 44, 10 of 12"
16:48:44.964 [DEBUG] [shim] D-Bus text: "Inflection, 44, 10 of 12" (held_track=-1)
16:48:44.999 [DEBUG] [shim] Screen reader: Queued "Base Pitch, 61, 9 of 12" (pending=1)
16:48:44.999 [DEBUG] [shim] Screen reader: "Base Pitch, 61, 9 of 12" (injected 148 bytes to FD 12, serial=657)
16:48:44.999 [DEBUG] [shim] D-Bus signal: com.ableton.move.ScreenReader.text path=/com/ableton/move/screenreader sender=:1.12 arg0="Base Pitch, 61, 9 of 12"
16:48:44.999 [DEBUG] [shim] D-Bus text: "Base Pitch, 61, 9 of 12" (held_track=-1)
16:48:45.013 [DEBUG] [shim] Screen reader: Queued "Head Size, 30, 8 of 12" (pending=1)
16:48:45.013 [DEBUG] [shim] Screen reader: "Head Size, 30, 8 of 12" (injected 147 bytes to FD 12, serial=658)
16:48:45.014 [DEBUG] [shim] D-Bus signal: com.ableton.move.ScreenReader.text path=/com/ableton/move/screenreader sender=:1.12 arg0="Head Size, 30, 8 of 12"
16:48:45.014 [DEBUG] [shim] D-Bus text: "Head Size, 30, 8 of 12" (held_track=-1)
16:48:45.017 [DEBUG] [shadow_ui] param_giveup: claim=0 response=0 error=61 last_key=global_settings_module | claimwedge: rt=0 rr=0 blocked=0ms | slow>=90ms: n=0 worst=0ms key=- where=-
16:48:45.048 [DEBUG] [shim] Screen reader: Queued "Gender, Male, 7 of 12" (pending=1)
16:48:45.048 [DEBUG] [shim] Screen reader: "Gender, Male, 7 of 12" (injected 146 bytes to FD 12, serial=659)
16:48:45.049 [DEBUG] [shim] D-Bus signal: com.ableton.move.ScreenReader.text path=/com/ableton/move/screenreader sender=:1.12 arg0="Gender, Male, 7 of 12"
16:48:45.049 [DEBUG] [shim] D-Bus text: "Gender, Male, 7 of 12" (held_track=-1)
16:48:45.080 [DEBUG] [shim] Screen reader: Queued "Voice, Old Male, 6 of 12" (pending=1)
16:48:45.080 [DEBUG] [shim] Screen reader: "Voice, Old Male, 6 of 12" (injected 149 bytes to FD 12, serial=660)
16:48:45.080 [DEBUG] [shim] D-Bus signal: com.ableton.move.ScreenReader.text path=/com/ableton/move/screenreader sender=:1.12 arg0="Voice, Old Male, 6 of 12"
16:48:45.081 [DEBUG] [shim] D-Bus text: "Voice, Old Male, 6 of 12" (held_track=-1)
16:48:45.115 [DEBUG] [shim] Screen reader: Queued "Speak Delay, 50 ms, 5 of 12" (pending=1)
16:48:45.115 [DEBUG] [shim] Screen reader: "Speak Delay, 50 ms, 5 of 12" (injected 152 bytes to FD 12, serial=661)
16:48:45.115 [DEBUG] [shim] D-Bus signal: com.ableton.move.ScreenReader.text path=/com/ableton/move/screenreader sender=:1.12 arg0="Speak Delay, 50 ms, 5 of 12"
16:48:45.115 [DEBUG] [shim] D-Bus text: "Speak Delay, 50 ms, 5 of 12" (held_track=-1)
16:48:45.132 [DEBUG] [shim] Screen reader: Queued "Volume, 50%, 4 of 12" (pending=1)
16:48:45.132 [DEBUG] [shim] Screen reader: "Volume, 50%, 4 of 12" (injected 145 bytes to FD 12, serial=662)
16:48:45.133 [DEBUG] [shim] D-Bus signal: com.ableton.move.ScreenReader.text path=/com/ableton/move/screenreader sender=:1.12 arg0="Volume, 50%, 4 of 12"
16:48:45.133 [DEBUG] [shim] D-Bus text: "Volume, 50%, 4 of 12" (held_track=-1)
16:48:45.147 [DEBUG] [shadow] param_pages fps: 58 draws / 58 ticks / 1010ms
16:48:45.182 [DEBUG] [shim] Screen reader: Queued "Speed, 2.1 x, 3 of 12" (pending=1)
16:48:45.182 [DEBUG] [shim] Screen reader: "Speed, 2.1 x, 3 of 12" (injected 146 bytes to FD 12, serial=663)
16:48:45.182 [DEBUG] [shim] D-Bus signal: com.ableton.move.ScreenReader.text path=/com/ableton/move/screenreader sender=:1.12 arg0="Speed, 2.1 x, 3 of 12"
16:48:45.182 [DEBUG] [shim] D-Bus text: "Speed, 2.1 x, 3 of 12" (held_track=-1)
16:48:45.202 [DEBUG] [shadow] widgets: id="" params=0 vizKinds=[]
16:48:45.213 [DEBUG] [shim] Screen reader: Queued "Engine, Eloquence, 2 of 12" (pending=1)
16:48:45.214 [DEBUG] [shim] Screen reader: "Engine, Eloquence, 2 of 12" (injected 151 bytes to FD 12, serial=664)
16:48:45.214 [DEBUG] [shim] D-Bus signal: com.ableton.move.ScreenReader.text path=/com/ableton/move/screenreader sender=:1.12 arg0="Engine, Eloquence, 2 of 12"
16:48:45.214 [DEBUG] [shim] D-Bus text: "Engine, Eloquence, 2 of 12" (held_track=-1)
16:48:45.248 [DEBUG] [shim] Screen reader: Queued "Screen Reader, On, 1 of 12" (pending=1)
16:48:45.248 [DEBUG] [shim] Screen reader: "Screen Reader, On, 1 of 12" (injected 151 bytes to FD 12, serial=665)
16:48:45.249 [DEBUG] [shim] D-Bus signal: com.ableton.move.ScreenReader.text path=/com/ableton/move/screenreader sender=:1.12 arg0="Screen Reader, On, 1 of 12"
16:48:45.249 [DEBUG] [shim] D-Bus text: "Screen Reader, On, 1 of 12" (held_track=-1)
16:48:45.478 [DEBUG] [shadow] widgets: id="" params=0 vizKinds=[]
16:48:45.731 [DEBUG] [shadow] widgets: id="" params=0 vizKinds=[]
16:48:46.007 [DEBUG] [shadow_ui] param_giveup: claim=0 response=0 error=60 last_key=global_settings_module | claimwedge: rt=0 rr=0 blocked=0ms | slow>=90ms: n=0 worst=0ms key=- where=-
16:48:46.009 [DEBUG] [shadow] widgets: id="" params=0 vizKinds=[]
16:48:46.020 [DEBUG] [shadow] ui_view: parampages slot=0 component=global_settings step_observe_want=true
16:48:46.166 [DEBUG] [shadow] param_pages fps: 57 draws / 57 ticks / 1019ms
16:48:46.259 [DEBUG] [shadow] widgets: id="" params=0 vizKinds=[]
16:48:46.531 [DEBUG] [shadow] param_pages midi: 15 events (0 knob turns) / 1568ms
16:48:46.534 [DEBUG] [shim] Screen reader: Queued "Engine, Eloquence, 2 of 12" (pending=1)
16:48:46.534 [DEBUG] [shim] Screen reader: "Engine, Eloquence, 2 of 12" (injected 151 bytes to FD 12, serial=666)
16:48:46.535 [DEBUG] [shim] D-Bus signal: com.ableton.move.ScreenReader.text path=/com/ableton/move/screenreader sender=:1.12 arg0="Engine, Eloquence, 2 of 12"
16:48:46.535 [DEBUG] [shim] D-Bus text: "Engine, Eloquence, 2 of 12" (held_track=-1)
16:48:46.538 [DEBUG] [shadow] widgets: id="" params=0 vizKinds=[]
16:48:46.787 [DEBUG] [shadow] widgets: id="" params=0 vizKinds=[]
16:48:47.017 [DEBUG] [shadow_ui] param_giveup: claim=0 response=0 error=63 last_key=global_settings_module | claimwedge: rt=0 rr=0 blocked=0ms | slow>=90ms: n=0 worst=0ms key=- where=-
16:48:47.063 [DEBUG] [shadow] widgets: id="" params=0 vizKinds=[]
16:48:47.078 [DEBUG] [shadow] ui_view: parampages slot=0 component=global_settings step_observe_want=true
16:48:47.176 [DEBUG] [shadow] param_pages fps: 58 draws / 58 ticks / 1010ms
16:48:47.310 [DEBUG] [shadow_ui] shadow_ui: step_observe OFF
16:48:47.312 [DEBUG] [shim] Screen reader: Queued "Engine, Eloquence, 3 of 3" (pending=1)
16:48:47.312 [DEBUG] [shim] Screen reader: "Engine, Eloquence, 3 of 3" (injected 150 bytes to FD 12, serial=667)
16:48:47.313 [DEBUG] [shim] D-Bus signal: com.ableton.move.ScreenReader.text path=/com/ableton/move/screenreader sender=:1.12 arg0="Engine, Eloquence, 3 of 3"
16:48:47.313 [DEBUG] [shim] D-Bus text: "Engine, Eloquence, 3 of 3" (held_track=-1)
16:48:47.620 [DEBUG] [shim] Screen reader: Queued "Eloquence, 3 of 3" (pending=1)
16:48:47.620 [DEBUG] [shim] Screen reader: "Eloquence, 3 of 3" (injected 142 bytes to FD 12, serial=668)
16:48:47.620 [DEBUG] [shim] D-Bus signal: com.ableton.move.ScreenReader.text path=/com/ableton/move/screenreader sender=:1.12 arg0="Eloquence, 3 of 3"
16:48:47.620 [DEBUG] [shim] D-Bus text: "Eloquence, 3 of 3" (held_track=-1)
16:48:47.669 [DEBUG] [shim] Screen reader: Queued "Eloquence, 3 of 3" (pending=1)
16:48:47.669 [DEBUG] [shim] Screen reader: "Eloquence, 3 of 3" (injected 142 bytes to FD 12, serial=669)
16:48:47.670 [DEBUG] [shim] D-Bus signal: com.ableton.move.ScreenReader.text path=/com/ableton/move/screenreader sender=:1.12 arg0="Eloquence, 3 of 3"
16:48:47.670 [DEBUG] [shim] D-Bus text: "Eloquence, 3 of 3" (held_track=-1)
16:48:47.736 [DEBUG] [shim] Screen reader: Queued "Eloquence, 3 of 3" (pending=1)
16:48:47.736 [DEBUG] [shim] Screen reader: "Eloquence, 3 of 3" (injected 142 bytes to FD 12, serial=670)
16:48:47.736 [DEBUG] [shim] D-Bus signal: com.ableton.move.ScreenReader.text path=/com/ableton/move/screenreader sender=:1.12 arg0="Eloquence, 3 of 3"
16:48:47.737 [DEBUG] [shim] D-Bus text: "Eloquence, 3 of 3" (held_track=-1)
16:48:47.785 [DEBUG] [shim] Screen reader: Queued "Eloquence, 3 of 3" (pending=1)
16:48:47.785 [DEBUG] [shim] Screen reader: "Eloquence, 3 of 3" (injected 142 bytes to FD 12, serial=671)
16:48:47.786 [DEBUG] [shim] D-Bus signal: com.ableton.move.ScreenReader.text path=/com/ableton/move/screenreader sender=:1.12 arg0="Eloquence, 3 of 3"
16:48:47.786 [DEBUG] [shim] D-Bus text: "Eloquence, 3 of 3" (held_track=-1)
16:48:47.820 [DEBUG] [shim] Screen reader: Queued "Eloquence, 3 of 3" (pending=1)
16:48:47.820 [DEBUG] [shim] Screen reader: "Eloquence, 3 of 3" (injected 142 bytes to FD 12, serial=672)
16:48:47.821 [DEBUG] [shim] D-Bus signal: com.ableton.move.ScreenReader.text path=/com/ableton/move/screenreader sender=:1.12 arg0="Eloquence, 3 of 3"
16:48:47.821 [DEBUG] [shim] D-Bus text: "Eloquence, 3 of 3" (held_track=-1)
16:48:47.887 [DEBUG] [shim] Screen reader: Queued "Eloquence, 3 of 3" (pending=1)
16:48:47.887 [DEBUG] [shim] Screen reader: "Eloquence, 3 of 3" (injected 142 bytes to FD 12, serial=673)
16:48:47.887 [DEBUG] [shim] D-Bus signal: com.ableton.move.ScreenReader.text path=/com/ableton/move/screenreader sender=:1.12 arg0="Eloquence, 3 of 3"
16:48:47.887 [DEBUG] [shim] D-Bus text: "Eloquence, 3 of 3" (held_track=-1)
16:48:47.894 [DEBUG] [spi_timing] Frame(us): total avg=2682 max=2791 | pre avg=111 max=305 | ioctl avg=2554 max=2694 | post avg=15 max=40 | overruns=21
16:48:47.894 [DEBUG] [spi_timing] Pre(us): midi_mon=1/20 fwd_midi=2/67 mix_audio=7/34 ui_req=1/10 param=7/77 fwd_cc=0/1 proc_midi=1/20 jack_stash=1/20 drain_dsp=0/15 jack_wake=0/1 mix_buf=45/77 tts=8/21 display=6/210
16:48:47.894 [DEBUG] [spi_timing] Post(us): clear_leds=2/23 jack_midi=0/0 ui_midi=0/5 flush_leds=6/29 screenreader=2/215 jack_pre=0/0 jack_disp=0/3 pin=0/8 midi_scan=8/27 drain_dsp2=0/1 render=4/29
16:48:47.894 [DEBUG] [spi_timing] Slot render max(us): s0=0 s1=0 s2=0 s3=0 probe_burst_max=0
16:48:47.894 [DEBUG] [spi_timing] Slot synth max(us): s0=0 s1=0 s2=0 s3=0 | Slot fx max(us): s0=0 s1=0 s2=0 s3=0
16:48:48.125 [DEBUG] [shadow] ui_view: enumpick slot=0 component=global_settings step_observe_want=false
16:48:48.528 [DEBUG] [shim] Screen reader: Queued "Flite, 2 of 3" (pending=1)
16:48:48.528 [DEBUG] [shim] Screen reader: "Flite, 2 of 3" (injected 138 bytes to FD 12, serial=674)
16:48:48.529 [DEBUG] [shim] D-Bus signal: com.ableton.move.ScreenReader.text path=/com/ableton/move/screenreader sender=:1.12 arg0="Flite, 2 of 3"
16:48:48.529 [DEBUG] [shim] D-Bus text: "Flite, 2 of 3" (held_track=-1)
16:48:48.595 [DEBUG] [shim] Screen reader: Queued "eSpeak, 1 of 3" (pending=1)
16:48:48.595 [DEBUG] [shim] Screen reader: "eSpeak, 1 of 3" (injected 139 bytes to FD 12, serial=675)
16:48:48.596 [DEBUG] [shim] D-Bus signal: com.ableton.move.ScreenReader.text path=/com/ableton/move/screenreader sender=:1.12 arg0="eSpeak, 1 of 3"
16:48:48.596 [DEBUG] [shim] D-Bus text: "eSpeak, 1 of 3" (held_track=-1)
16:48:49.179 [DEBUG] [shadow] ui_view: enumpick slot=0 component=global_settings step_observe_want=false
16:48:49.248 [DEBUG] [shim] Screen reader: Queued "Flite, 2 of 3" (pending=1)
16:48:49.248 [DEBUG] [shim] Screen reader: "Flite, 2 of 3" (injected 138 bytes to FD 12, serial=676)
16:48:49.249 [DEBUG] [shim] D-Bus signal: com.ableton.move.ScreenReader.text path=/com/ableton/move/screenreader sender=:1.12 arg0="Flite, 2 of 3"
16:48:49.249 [DEBUG] [shim] D-Bus text: "Flite, 2 of 3" (held_track=-1)
16:48:49.629 [DEBUG] [shadow] handleSelect called, view=enumpick
16:48:49.631 [DEBUG] [shim] Screen reader: Queued "Engine: Flite" (pending=1)
16:48:49.632 [DEBUG] [shim] Screen reader: "Engine: Flite" (injected 138 bytes to FD 12, serial=677)
16:48:49.632 [DEBUG] [shim] D-Bus signal: com.ableton.move.ScreenReader.text path=/com/ableton/move/screenreader sender=:1.12 arg0="Engine: Flite"
16:48:49.632 [DEBUG] [shim] D-Bus text: "Engine: Flite" (held_track=-1)
16:48:49.632 [DEBUG] [shadow_ui] param_giveup: claim=0 response=0 error=17 last_key=global_settings_module | claimwedge: rt=0 rr=0 blocked=0ms | slow>=90ms: n=0 worst=0ms key=- where=-
16:48:49.632 [DEBUG] [shadow_ui] shadow_ui: step_observe ON
16:48:49.635 [DEBUG] [shadow] widgets: id="" params=0 vizKinds=[]
16:48:49.657 [DEBUG] [shadow] param_pages fps: 8 draws / 8 ticks / 2481ms
16:48:49.683 [INFO ] [tts_dispatch] Switching TTS engine: openevv -> Flite
16:48:49.684 [INFO ] [tts_engine] Screen reader state loaded: ON
16:48:49.684 [INFO ] [tts_engine] Loaded TTS config: speed=2.06, pitch=120.0 Hz, volume=50
16:48:49.684 [INFO ] [tts_engine] TTS engine (Flite) initialized with background thread
16:48:49.685 [INFO ] [tts_dispatch] Engine choice saved: flite
16:48:49.685 [INFO ] [tts_engine] Setting TTS speed to 2.06 (was 2.06)
16:48:49.685 [INFO ] [tts_engine] Setting TTS pitch to 120.0 Hz (was 120.0 Hz)
16:48:49.685 [INFO ] [tts_dispatch] TTS engine switch complete: Flite
16:48:49.685 [INFO ] [tts_engine] Setting TTS speed to 2.06 (was 2.06)
16:48:49.685 [INFO ] [tts_engine] Setting TTS pitch to 120.0 Hz (was 120.0 Hz)
16:48:49.687 [INFO ] [tts_openevv] openevv instance released
16:48:49.691 [DEBUG] [tts_engine] Synthesized 63000 samples for: 'Engine: Flite'
16:48:49.709 [DEBUG] [shadow] param_pages midi: 2 events (0 knob turns) / 3178ms
16:48:49.931 [DEBUG] [shadow] widgets: id="" params=0 vizKinds=[]
16:48:50.012 [DEBUG] [shadow_ui] param_giveup: claim=0 response=0 error=22 last_key=global_settings_module | claimwedge: rt=0 rr=0 blocked=0ms | slow>=90ms: n=0 worst=0ms key=- where=-
16:48:50.181 [DEBUG] [shadow] widgets: id="" params=0 vizKinds=[]
16:48:50.255 [DEBUG] [shadow] ui_view: parampages slot=0 component=global_settings step_observe_want=true
16:48:50.459 [DEBUG] [shadow] widgets: id="" params=0 vizKinds=[]
16:48:50.658 [DEBUG] [shadow] param_pages fps: 57 draws / 57 ticks / 1001ms
16:48:50.709 [DEBUG] [shadow] widgets: id="" params=0 vizKinds=[]
16:48:50.899 [DEBUG] [shadow] param_pages midi: 1 events (0 knob turns) / 1190ms
16:48:50.903 [DEBUG] [shim] Screen reader: Queued "Speed, 2.1 x, 3 of 6" (pending=1)
16:48:50.903 [DEBUG] [shim] Screen reader: "Speed, 2.1 x, 3 of 6" (injected 145 bytes to FD 12, serial=678)
16:48:50.903 [DEBUG] [shim] D-Bus signal: com.ableton.move.ScreenReader.text path=/com/ableton/move/screenreader sender=:1.12 arg0="Speed, 2.1 x, 3 of 6"
16:48:50.903 [DEBUG] [shim] D-Bus text: "Speed, 2.1 x, 3 of 6" (held_track=-1)
16:48:50.955 [INFO ] [tts_engine] Setting TTS speed to 2.06 (was 2.06)
16:48:50.955 [INFO ] [tts_engine] Setting TTS pitch to 120.0 Hz (was 120.0 Hz)
16:48:50.970 [DEBUG] [tts_engine] Synthesized 160824 samples for: 'Speed, 2.1 x, 3 of 6'
16:48:50.987 [DEBUG] [shadow] widgets: id="" params=0 vizKinds=[]
16:48:51.002 [DEBUG] [shadow_ui] param_giveup: claim=0 response=0 error=60 last_key=global_settings_module | claimwedge: rt=0 rr=0 blocked=0ms | slow>=90ms: n=0 worst=0ms key=- where=-
16:48:51.237 [DEBUG] [shadow] widgets: id="" params=0 vizKinds=[]
16:48:51.313 [DEBUG] [shadow] ui_view: parampages slot=0 component=global_settings step_observe_want=true
16:48:51.515 [DEBUG] [shadow] widgets: id="" params=0 vizKinds=[]
16:48:51.664 [DEBUG] [shadow] param_pages fps: 57 draws / 57 ticks / 1006ms
16:48:51.766 [DEBUG] [shadow] widgets: id="" params=0 vizKinds=[]
16:48:52.009 [DEBUG] [shadow_ui] param_giveup: claim=0 response=0 error=60 last_key=global_settings_module | claimwedge: rt=0 rr=0 blocked=0ms | slow>=90ms: n=0 worst=0ms key=- where=-
16:48:52.044 [DEBUG] [shadow] widgets: id="" params=0 vizKinds=[]
16:48:52.293 [DEBUG] [shadow] widgets: id="" params=0 vizKinds=[]
16:48:52.369 [DEBUG] [shadow] ui_view: parampages slot=0 component=global_settings step_observe_want=true
16:48:52.434 [DEBUG] [shadow] param_pages midi: 1 events (0 knob turns) / 1535ms
16:48:52.435 [DEBUG] [shim] Screen reader: Queued "Pitch, 120 Hz, 4 of 6" (pending=1)
16:48:52.435 [DEBUG] [shim] Screen reader: "Pitch, 120 Hz, 4 of 6" (injected 146 bytes to FD 12, serial=679)
16:48:52.436 [DEBUG] [shim] D-Bus signal: com.ableton.move.ScreenReader.text path=/com/ableton/move/screenreader sender=:1.12 arg0="Pitch, 120 Hz, 4 of 6"
16:48:52.436 [DEBUG] [shim] D-Bus text: "Pitch, 120 Hz, 4 of 6" (held_track=-1)
16:48:52.485 [INFO ] [tts_engine] Setting TTS speed to 2.06 (was 2.06)
16:48:52.485 [INFO ] [tts_engine] Setting TTS pitch to 120.0 Hz (was 120.0 Hz)
16:48:52.500 [DEBUG] [tts_engine] Synthesized 169368 samples for: 'Pitch, 120 Hz, 4 of 6'
16:48:52.572 [DEBUG] [shadow] widgets: id="" params=0 vizKinds=[]
16:48:52.679 [DEBUG] [shadow] param_pages fps: 57 draws / 57 ticks / 1015ms
16:48:52.822 [DEBUG] [shadow] widgets: id="" params=0 vizKinds=[]
16:48:52.894 [DEBUG] [spi_timing] Frame(us): total avg=2689 max=2803 | pre avg=114 max=1581 | ioctl avg=2559 max=2699 | post avg=14 max=34 | overruns=21
16:48:52.894 [DEBUG] [spi_timing] Pre(us): midi_mon=1/23 fwd_midi=2/63 mix_audio=9/1478 ui_req=1/20 param=6/88 fwd_cc=0/2 proc_midi=1/8 jack_stash=1/10 drain_dsp=0/1 jack_wake=0/3 mix_buf=45/83 tts=10/36 display=6/194
16:48:52.894 [DEBUG] [spi_timing] Post(us): clear_leds=2/14 jack_midi=0/0 ui_midi=0/17 flush_leds=6/30 screenreader=0/177 jack_pre=0/10 jack_disp=0/0 pin=0/20 midi_scan=8/27 drain_dsp2=0/1 render=4/18
16:48:52.894 [DEBUG] [spi_timing] Slot render max(us): s0=0 s1=0 s2=0 s3=0 probe_burst_max=0
16:48:52.894 [DEBUG] [spi_timing] Slot synth max(us): s0=0 s1=0 s2=0 s3=0 | Slot fx max(us): s0=0 s1=0 s2=0 s3=0
16:48:53.013 [DEBUG] [shadow_ui] param_giveup: claim=0 response=0 error=62 last_key=global_settings_module | claimwedge: rt=0 rr=0 blocked=0ms | slow>=90ms: n=0 worst=0ms key=- where=-
16:48:53.101 [DEBUG] [shadow] widgets: id="" params=0 vizKinds=[]
16:48:53.351 [DEBUG] [shadow] widgets: id="" params=0 vizKinds=[]
16:48:53.426 [DEBUG] [shadow] ui_view: parampages slot=0 component=global_settings step_observe_want=true
16:48:53.524 [DEBUG] [shadow] param_pages midi: 1 events (0 knob turns) / 1089ms
16:48:53.527 [DEBUG] [shim] Screen reader: Queued "Volume, 50%, 5 of 6" (pending=1)
16:48:53.527 [DEBUG] [shim] Screen reader: "Volume, 50%, 5 of 6" (injected 144 bytes to FD 12, serial=680)
16:48:53.527 [DEBUG] [shim] D-Bus signal: com.ableton.move.ScreenReader.text path=/com/ableton/move/screenreader sender=:1.12 arg0="Volume, 50%, 5 of 6"
16:48:53.527 [DEBUG] [shim] D-Bus text: "Volume, 50%, 5 of 6" (held_track=-1)
16:48:53.576 [DEBUG] [shim] Screen reader: Queued "Speak Delay, 50 ms, 6 of 6" (pending=1)
16:48:53.576 [DEBUG] [shim] Screen reader: "Speak Delay, 50 ms, 6 of 6" (injected 151 bytes to FD 12, serial=681)
16:48:53.577 [DEBUG] [shim] D-Bus signal: com.ableton.move.ScreenReader.text path=/com/ableton/move/screenreader sender=:1.12 arg0="Speak Delay, 50 ms, 6 of 6"
16:48:53.577 [DEBUG] [shim] D-Bus text: "Speak Delay, 50 ms, 6 of 6" (held_track=-1)
16:48:53.625 [INFO ] [tts_engine] Setting TTS speed to 2.06 (was 2.06)
16:48:53.625 [INFO ] [tts_engine] Setting TTS pitch to 120.0 Hz (was 120.0 Hz)
16:48:53.629 [DEBUG] [shadow] widgets: id="" params=0 vizKinds=[]
16:48:53.640 [DEBUG] [tts_engine] Synthesized 158244 samples for: 'Speak Delay, 50 ms, 6 of 6'
16:48:53.693 [DEBUG] [shadow] param_pages fps: 58 draws / 58 ticks / 1014ms
16:48:53.879 [DEBUG] [shadow] widgets: id="" params=0 vizKinds=[]
16:48:54.021 [DEBUG] [shadow_ui] param_giveup: claim=0 response=0 error=61 last_key=global_settings_module | claimwedge: rt=0 rr=0 blocked=0ms | slow>=90ms: n=0 worst=0ms key=- where=-
16:48:54.157 [DEBUG] [shadow] widgets: id="" params=0 vizKinds=[]
16:48:54.413 [DEBUG] [shadow] widgets: id="" params=0 vizKinds=[]
16:48:54.488 [DEBUG] [shadow] ui_view: parampages slot=0 component=global_settings step_observe_want=true
16:48:54.691 [DEBUG] [shadow] widgets: id="" params=0 vizKinds=[]
16:48:54.718 [DEBUG] [shadow] param_pages fps: 57 draws / 57 ticks / 1025ms
16:48:54.944 [DEBUG] [shadow] widgets: id="" params=0 vizKinds=[]
16:48:55.016 [DEBUG] [shadow_ui] param_giveup: claim=0 response=0 error=60 last_key=global_settings_module | claimwedge: rt=0 rr=0 blocked=0ms | slow>=90ms: n=0 worst=0ms key=- where=-
16:48:55.220 [DEBUG] [shadow] widgets: id="" params=0 vizKinds=[]
16:48:55.469 [DEBUG] [shadow] widgets: id="" params=0 vizKinds=[]
16:48:55.544 [DEBUG] [shadow] ui_view: parampages slot=0 component=global_settings step_observe_want=true
16:48:55.727 [DEBUG] [shadow] param_pages fps: 58 draws / 58 ticks / 1009ms
16:48:55.748 [DEBUG] [shadow] widgets: id="" params=0 vizKinds=[]
16:48:55.826 [DEBUG] [shadow] param_pages midi: 3 events (0 knob turns) / 2303ms
16:48:55.829 [DEBUG] [shim] Screen reader: Queued "Volume, 50%, 5 of 6" (pending=1)
16:48:55.829 [DEBUG] [shim] Screen reader: "Volume, 50%, 5 of 6" (injected 144 bytes to FD 12, serial=682)
16:48:55.829 [DEBUG] [shim] D-Bus signal: com.ableton.move.ScreenReader.text path=/com/ableton/move/screenreader sender=:1.12 arg0="Volume, 50%, 5 of 6"
16:48:55.829 [DEBUG] [shim] D-Bus text: "Volume, 50%, 5 of 6" (held_track=-1)
16:48:55.861 [DEBUG] [shim] Screen reader: Queued "Pitch, 120 Hz, 4 of 6" (pending=1)
16:48:55.861 [DEBUG] [shim] Screen reader: "Pitch, 120 Hz, 4 of 6" (injected 146 bytes to FD 12, serial=683)
16:48:55.861 [DEBUG] [shim] D-Bus signal: com.ableton.move.ScreenReader.text path=/com/ableton/move/screenreader sender=:1.12 arg0="Pitch, 120 Hz, 4 of 6"
16:48:55.861 [DEBUG] [shim] D-Bus text: "Pitch, 120 Hz, 4 of 6" (held_track=-1)
16:48:55.895 [DEBUG] [shim] Screen reader: Queued "Speed, 2.1 x, 3 of 6" (pending=1)
16:48:55.896 [DEBUG] [shim] Screen reader: "Speed, 2.1 x, 3 of 6" (injected 145 bytes to FD 12, serial=684)
16:48:55.896 [DEBUG] [shim] D-Bus signal: com.ableton.move.ScreenReader.text path=/com/ableton/move/screenreader sender=:1.12 arg0="Speed, 2.1 x, 3 of 6"
16:48:55.896 [DEBUG] [shim] D-Bus text: "Speed, 2.1 x, 3 of 6" (held_track=-1)
16:48:55.910 [DEBUG] [shim] Screen reader: Queued "Engine, Flite, 2 of 6" (pending=1)
16:48:55.910 [DEBUG] [shim] Screen reader: "Engine, Flite, 2 of 6" (injected 146 bytes to FD 12, serial=685)
16:48:55.910 [DEBUG] [shim] D-Bus signal: com.ableton.move.ScreenReader.text path=/com/ableton/move/screenreader sender=:1.12 arg0="Engine, Flite, 2 of 6"
16:48:55.911 [DEBUG] [shim] D-Bus text: "Engine, Flite, 2 of 6" (held_track=-1)
16:48:55.962 [INFO ] [tts_engine] Setting TTS speed to 2.06 (was 2.06)
16:48:55.962 [INFO ] [tts_engine] Setting TTS pitch to 120.0 Hz (was 120.0 Hz)
16:48:55.973 [DEBUG] [tts_engine] Synthesized 113664 samples for: 'Engine, Flite, 2 of 6'
16:48:55.998 [DEBUG] [shadow] widgets: id="" params=0 vizKinds=[]
16:48:56.012 [DEBUG] [shadow_ui] param_giveup: claim=0 response=0 error=62 last_key=global_settings_module | claimwedge: rt=0 rr=0 blocked=0ms | slow>=90ms: n=0 worst=0ms key=- where=-
16:48:56.276 [DEBUG] [shadow] widgets: id="" params=0 vizKinds=[]
16:48:56.526 [DEBUG] [shadow] widgets: id="" params=0 vizKinds=[]
16:48:56.601 [DEBUG] [shadow] ui_view: parampages slot=0 component=global_settings step_observe_want=true
16:48:56.746 [DEBUG] [shadow] param_pages fps: 57 draws / 57 ticks / 1019ms
16:48:56.805 [DEBUG] [shadow] widgets: id="" params=0 vizKinds=[]
16:48:57.019 [DEBUG] [shadow_ui] param_giveup: claim=0 response=0 error=61 last_key=global_settings_module | claimwedge: rt=0 rr=0 blocked=0ms | slow>=90ms: n=0 worst=0ms key=- where=-
16:48:57.057 [DEBUG] [shadow] widgets: id="" params=0 vizKinds=[]
16:48:57.277 [DEBUG] [shadow] param_pages midi: 4 events (0 knob turns) / 1451ms
16:48:57.277 [DEBUG] [shadow_ui] shadow_ui: step_observe OFF
16:48:57.280 [DEBUG] [shim] Screen reader: Queued "Engine, Flite, 2 of 3" (pending=1)
16:48:57.280 [DEBUG] [shim] Screen reader: "Engine, Flite, 2 of 3" (injected 146 bytes to FD 12, serial=686)
16:48:57.280 [DEBUG] [shim] D-Bus signal: com.ableton.move.ScreenReader.text path=/com/ableton/move/screenreader sender=:1.12 arg0="Engine, Flite, 2 of 3"
16:48:57.280 [DEBUG] [shim] D-Bus text: "Engine, Flite, 2 of 3" (held_track=-1)
16:48:57.332 [INFO ] [tts_engine] Setting TTS speed to 2.06 (was 2.06)
16:48:57.332 [INFO ] [tts_engine] Setting TTS pitch to 120.0 Hz (was 120.0 Hz)
16:48:57.342 [DEBUG] [tts_engine] Synthesized 105444 samples for: 'Engine, Flite, 2 of 3'
16:48:57.652 [DEBUG] [shadow] ui_view: enumpick slot=0 component=global_settings step_observe_want=false
16:48:57.654 [DEBUG] [shim] Screen reader: Queued "eSpeak, 1 of 3" (pending=1)
16:48:57.654 [DEBUG] [shim] Screen reader: "eSpeak, 1 of 3" (injected 139 bytes to FD 12, serial=687)
16:48:57.655 [DEBUG] [shim] D-Bus signal: com.ableton.move.ScreenReader.text path=/com/ableton/move/screenreader sender=:1.12 arg0="eSpeak, 1 of 3"
16:48:57.655 [DEBUG] [shim] D-Bus text: "eSpeak, 1 of 3" (held_track=-1)
16:48:57.706 [INFO ] [tts_engine] Setting TTS speed to 2.06 (was 2.06)
16:48:57.707 [INFO ] [tts_engine] Setting TTS pitch to 120.0 Hz (was 120.0 Hz)
16:48:57.715 [DEBUG] [tts_engine] Synthesized 87600 samples for: 'eSpeak, 1 of 3'
16:48:57.894 [DEBUG] [spi_timing] Frame(us): total avg=2689 max=2811 | pre avg=112 max=295 | ioctl avg=2561 max=2698 | post avg=14 max=36 | overruns=21
16:48:57.894 [DEBUG] [spi_timing] Pre(us): midi_mon=1/13 fwd_midi=2/67 mix_audio=7/151 ui_req=1/10 param=6/46 fwd_cc=0/0 proc_midi=1/8 jack_stash=1/23 drain_dsp=0/1 jack_wake=0/5 mix_buf=45/73 tts=11/32 display=6/183
16:48:57.894 [DEBUG] [spi_timing] Post(us): clear_leds=2/24 jack_midi=0/2 ui_midi=0/2 flush_leds=6/27 screenreader=0/227 jack_pre=0/0 jack_disp=0/0 pin=0/7 midi_scan=8/19 drain_dsp2=0/6 render=4/26
16:48:57.894 [DEBUG] [spi_timing] Slot render max(us): s0=0 s1=0 s2=0 s3=0 probe_burst_max=0
16:48:57.894 [DEBUG] [spi_timing] Slot synth max(us): s0=0 s1=0 s2=0 s3=0 | Slot fx max(us): s0=0 s1=0 s2=0 s3=0
16:48:58.703 [DEBUG] [shadow] ui_view: enumpick slot=0 component=global_settings step_observe_want=false
16:48:58.789 [DEBUG] [shim] Screen reader: Queued "eSpeak, 1 of 3" (pending=1)
16:48:58.789 [DEBUG] [shim] Screen reader: "eSpeak, 1 of 3" (injected 139 bytes to FD 12, serial=688)
16:48:58.790 [DEBUG] [shim] D-Bus signal: com.ableton.move.ScreenReader.text path=/com/ableton/move/screenreader sender=:1.12 arg0="eSpeak, 1 of 3"
16:48:58.790 [DEBUG] [shim] D-Bus text: "eSpeak, 1 of 3" (held_track=-1)
16:48:58.839 [INFO ] [tts_engine] Setting TTS speed to 2.06 (was 2.06)
16:48:58.839 [INFO ] [tts_engine] Setting TTS pitch to 120.0 Hz (was 120.0 Hz)
16:48:58.847 [DEBUG] [tts_engine] Synthesized 87600 samples for: 'eSpeak, 1 of 3'
16:48:58.871 [DEBUG] [shim] Screen reader: Queued "eSpeak, 1 of 3" (pending=1)
16:48:58.871 [DEBUG] [shim] Screen reader: "eSpeak, 1 of 3" (injected 139 bytes to FD 12, serial=689)
16:48:58.871 [DEBUG] [shim] D-Bus signal: com.ableton.move.ScreenReader.text path=/com/ableton/move/screenreader sender=:1.12 arg0="eSpeak, 1 of 3"
16:48:58.871 [DEBUG] [shim] D-Bus text: "eSpeak, 1 of 3" (held_track=-1)
16:48:58.923 [INFO ] [tts_engine] Setting TTS speed to 2.06 (was 2.06)
16:48:58.923 [INFO ] [tts_engine] Setting TTS pitch to 120.0 Hz (was 120.0 Hz)
16:48:58.931 [DEBUG] [tts_engine] Synthesized 87600 samples for: 'eSpeak, 1 of 3'
16:48:59.757 [DEBUG] [shadow] ui_view: enumpick slot=0 component=global_settings step_observe_want=false
16:49:00.807 [DEBUG] [shadow] ui_view: enumpick slot=0 component=global_settings step_observe_want=false
16:49:01.858 [DEBUG] [shadow] ui_view: enumpick slot=0 component=global_settings step_observe_want=false
16:49:02.894 [DEBUG] [spi_timing] Frame(us): total avg=2702 max=2792 | pre avg=107 max=308 | ioctl avg=2579 max=2696 | post avg=14 max=34 | overruns=21
16:49:02.895 [DEBUG] [spi_timing] Pre(us): midi_mon=1/11 fwd_midi=2/67 mix_audio=7/130 ui_req=1/8 param=4/72 fwd_cc=0/0 proc_midi=1/7 jack_stash=1/11 drain_dsp=0/1 jack_wake=0/8 mix_buf=44/79 tts=11/44 display=6/197
16:49:02.895 [DEBUG] [spi_timing] Post(us): clear_leds=2/8 jack_midi=0/1 ui_midi=0/2 flush_leds=6/31 screenreader=0/178 jack_pre=0/0 jack_disp=0/2 pin=0/1 midi_scan=7/27 drain_dsp2=0/17 render=4/12
16:49:02.895 [DEBUG] [spi_timing] Slot render max(us): s0=0 s1=0 s2=0 s3=0 probe_burst_max=0
16:49:02.895 [DEBUG] [spi_timing] Slot synth max(us): s0=0 s1=0 s2=0 s3=0 | Slot fx max(us): s0=0 s1=0 s2=0 s3=0
16:49:02.909 [DEBUG] [shadow] ui_view: enumpick slot=0 component=global_settings step_observe_want=false
16:49:03.960 [DEBUG] [shadow] ui_view: enumpick slot=0 component=global_settings step_observe_want=false
16:49:05.013 [DEBUG] [shadow] ui_view: enumpick slot=0 component=global_settings step_observe_want=false
16:49:06.064 [DEBUG] [shadow] ui_view: enumpick slot=0 component=global_settings step_observe_want=false
16:49:07.112 [DEBUG] [shadow] ui_view: enumpick slot=0 component=global_settings step_observe_want=false
16:49:07.895 [DEBUG] [spi_timing] Frame(us): total avg=2703 max=2815 | pre avg=96 max=288 | ioctl avg=2591 max=2709 | post avg=13 max=37 | overruns=21
16:49:07.895 [DEBUG] [spi_timing] Pre(us): midi_mon=1/23 fwd_midi=2/61 mix_audio=7/28 ui_req=1/3 param=4/79 fwd_cc=0/0 proc_midi=1/8 jack_stash=1/18 drain_dsp=0/1 jack_wake=0/1 mix_buf=43/70 tts=0/5 display=6/211
16:49:07.895 [DEBUG] [spi_timing] Post(us): clear_leds=2/10 jack_midi=0/0 ui_midi=0/11 flush_leds=6/31 screenreader=0/0 jack_pre=0/0 jack_disp=0/0 pin=0/23 midi_scan=7/25 drain_dsp2=0/1 render=4/26
16:49:07.895 [DEBUG] [spi_timing] Slot render max(us): s0=0 s1=0 s2=0 s3=0 probe_burst_max=0
16:49:07.895 [DEBUG] [spi_timing] Slot synth max(us): s0=0 s1=0 s2=0 s3=0 | Slot fx max(us): s0=0 s1=0 s2=0 s3=0
16:49:08.163 [DEBUG] [shadow] ui_view: enumpick slot=0 component=global_settings step_observe_want=false
16:49:09.213 [DEBUG] [shadow] ui_view: enumpick slot=0 component=global_settings step_observe_want=false
16:49:10.264 [DEBUG] [shadow] ui_view: enumpick slot=0 component=global_settings step_observe_want=false
16:49:11.312 [DEBUG] [shadow] ui_view: enumpick slot=0 component=global_settings step_observe_want=false
16:49:12.363 [DEBUG] [shadow] ui_view: enumpick slot=0 component=global_settings step_observe_want=false
16:49:12.895 [DEBUG] [spi_timing] Frame(us): total avg=2702 max=2810 | pre avg=96 max=282 | ioctl avg=2590 max=2705 | post avg=14 max=34 | overruns=21
16:49:12.895 [DEBUG] [spi_timing] Pre(us): midi_mon=1/8 fwd_midi=2/61 mix_audio=7/27 ui_req=1/9 param=4/71 fwd_cc=0/0 proc_midi=1/7 jack_stash=1/6 drain_dsp=0/0 jack_wake=0/12 mix_buf=43/84 tts=0/8 display=6/201
16:49:12.895 [DEBUG] [spi_timing] Post(us): clear_leds=2/13 jack_midi=0/0 ui_midi=0/17 flush_leds=6/25 screenreader=0/0 jack_pre=0/1 jack_disp=0/2 pin=0/3 midi_scan=7/25 drain_dsp2=0/1 render=4/12
16:49:12.895 [DEBUG] [spi_timing] Slot render max(us): s0=0 s1=0 s2=0 s3=0 probe_burst_max=0
16:49:12.895 [DEBUG] [spi_timing] Slot synth max(us): s0=0 s1=0 s2=0 s3=0 | Slot fx max(us): s0=0 s1=0 s2=0 s3=0
16:49:13.413 [DEBUG] [shadow] ui_view: enumpick slot=0 component=global_settings step_observe_want=false
16:49:14.465 [DEBUG] [shadow] ui_view: enumpick slot=0 component=global_settings step_observe_want=false
16:49:15.135 [DEBUG] [shim] D-Bus signal: org.freedesktop.DBus.ObjectManager.InterfacesRemoved path=/ sender=:1.0
16:49:15.236 [DEBUG] [shim] D-Bus signal: net.connman.Manager.ServicesChanged path=/ sender=:1.0
16:49:15.521 [DEBUG] [shadow] ui_view: enumpick slot=0 component=global_settings step_observe_want=false
16:49:16.569 [DEBUG] [shadow] ui_view: enumpick slot=0 component=global_settings step_observe_want=false
16:49:17.620 [DEBUG] [shadow] ui_view: enumpick slot=0 component=global_settings step_observe_want=false
16:49:17.895 [DEBUG] [spi_timing] Frame(us): total avg=2701 max=2800 | pre avg=95 max=278 | ioctl avg=2590 max=2710 | post avg=13 max=40 | overruns=21
16:49:17.895 [DEBUG] [spi_timing] Pre(us): midi_mon=1/20 fwd_midi=2/67 mix_audio=7/35 ui_req=1/21 param=4/77 fwd_cc=0/0 proc_midi=1/10 jack_stash=1/5 drain_dsp=0/14 jack_wake=0/1 mix_buf=43/75 tts=0/3 display=5/184
16:49:17.895 [DEBUG] [spi_timing] Post(us): clear_leds=2/16 jack_midi=0/0 ui_midi=0/2 flush_leds=6/28 screenreader=0/0 jack_pre=0/0 jack_disp=0/0 pin=0/3 midi_scan=7/32 drain_dsp2=0/1 render=4/25
16:49:17.896 [DEBUG] [spi_timing] Slot render max(us): s0=0 s1=0 s2=0 s3=0 probe_burst_max=0
16:49:17.896 [DEBUG] [spi_timing] Slot synth max(us): s0=0 s1=0 s2=0 s3=0 | Slot fx max(us): s0=0 s1=0 s2=0 s3=0
16:49:18.670 [DEBUG] [shadow] ui_view: enumpick slot=0 component=global_settings step_observe_want=false
16:49:19.721 [DEBUG] [shadow] ui_view: enumpick slot=0 component=global_settings step_observe_want=false
16:49:20.778 [DEBUG] [shadow] ui_view: enumpick slot=0 component=global_settings step_observe_want=false
16:49:21.828 [DEBUG] [shadow] ui_view: enumpick slot=0 component=global_settings step_observe_want=false
16:49:22.879 [DEBUG] [shadow] ui_view: enumpick slot=0 component=global_settings step_observe_want=false
16:49:22.896 [DEBUG] [spi_timing] Frame(us): total avg=2698 max=2812 | pre avg=96 max=280 | ioctl avg=2586 max=2714 | post avg=14 max=34 | overruns=21
16:49:22.896 [DEBUG] [spi_timing] Pre(us): midi_mon=1/17 fwd_midi=2/64 mix_audio=7/26 ui_req=1/3 param=4/71 fwd_cc=0/0 proc_midi=1/9 jack_stash=1/24 drain_dsp=0/1 jack_wake=0/1 mix_buf=43/79 tts=0/9 display=6/178
16:49:22.896 [DEBUG] [spi_timing] Post(us): clear_leds=2/23 jack_midi=0/0 ui_midi=0/4 flush_leds=6/33 screenreader=0/0 jack_pre=0/3 jack_disp=0/0 pin=0/1 midi_scan=7/20 drain_dsp2=0/1 render=4/25
16:49:22.896 [DEBUG] [spi_timing] Slot render max(us): s0=0 s1=0 s2=0 s3=0 probe_burst_max=0
16:49:22.896 [DEBUG] [spi_timing] Slot synth max(us): s0=0 s1=0 s2=0 s3=0 | Slot fx max(us): s0=0 s1=0 s2=0 s3=0
16:49:23.930 [DEBUG] [shadow] ui_view: enumpick slot=0 component=global_settings step_observe_want=false
16:49:24.984 [DEBUG] [shadow] ui_view: enumpick slot=0 component=global_settings step_observe_want=false
16:49:26.038 [DEBUG] [shadow] ui_view: enumpick slot=0 component=global_settings step_observe_want=false
16:49:27.088 [DEBUG] [shadow] ui_view: enumpick slot=0 component=global_settings step_observe_want=false
16:49:27.896 [DEBUG] [spi_timing] Frame(us): total avg=2698 max=2798 | pre avg=97 max=299 | ioctl avg=2586 max=2701 | post avg=14 max=35 | overruns=21
16:49:27.896 [DEBUG] [spi_timing] Pre(us): midi_mon=1/8 fwd_midi=2/63 mix_audio=7/27 ui_req=1/22 param=4/79 fwd_cc=0/0 proc_midi=1/11 jack_stash=1/2 drain_dsp=0/1 jack_wake=0/11 mix_buf=43/66 tts=0/2 display=6/194
16:49:27.896 [DEBUG] [spi_timing] Post(us): clear_leds=2/29 jack_midi=0/0 ui_midi=0/2 flush_leds=6/25 screenreader=0/0 jack_pre=0/0 jack_disp=0/0 pin=0/25 midi_scan=7/28 drain_dsp2=0/1 render=4/24
16:49:27.896 [DEBUG] [spi_timing] Slot render max(us): s0=0 s1=0 s2=0 s3=0 probe_burst_max=0
16:49:27.896 [DEBUG] [spi_timing] Slot synth max(us): s0=0 s1=0 s2=0 s3=0 | Slot fx max(us): s0=0 s1=0 s2=0 s3=0
16:49:28.139 [DEBUG] [shadow] ui_view: enumpick slot=0 component=global_settings step_observe_want=false
16:49:29.189 [DEBUG] [shadow] ui_view: enumpick slot=0 component=global_settings step_observe_want=false
16:49:30.240 [DEBUG] [shadow] ui_view: enumpick slot=0 component=global_settings step_observe_want=false
16:49:31.297 [DEBUG] [shadow] ui_view: enumpick slot=0 component=global_settings step_observe_want=false
16:49:32.348 [DEBUG] [shadow] ui_view: enumpick slot=0 component=global_settings step_observe_want=false
16:49:32.897 [DEBUG] [spi_timing] Frame(us): total avg=2697 max=2808 | pre avg=97 max=303 | ioctl avg=2585 max=2709 | post avg=14 max=34 | overruns=21
16:49:32.897 [DEBUG] [spi_timing] Pre(us): midi_mon=1/23 fwd_midi=2/65 mix_audio=7/30 ui_req=1/21 param=4/71 fwd_cc=0/0 proc_midi=1/24 jack_stash=1/12 drain_dsp=0/1 jack_wake=0/18 mix_buf=43/70 tts=0/30 display=6/202
16:49:32.897 [DEBUG] [spi_timing] Post(us): clear_leds=2/24 jack_midi=0/1 ui_midi=0/24 flush_leds=6/15 screenreader=0/0 jack_pre=0/4 jack_disp=0/0 pin=0/2 midi_scan=8/26 drain_dsp2=0/1 render=4/20
16:49:32.897 [DEBUG] [spi_timing] Slot render max(us): s0=0 s1=0 s2=0 s3=0 probe_burst_max=0
16:49:32.897 [DEBUG] [spi_timing] Slot synth max(us): s0=0 s1=0 s2=0 s3=0 | Slot fx max(us): s0=0 s1=0 s2=0 s3=0
16:49:33.399 [DEBUG] [shadow] ui_view: enumpick slot=0 component=global_settings step_observe_want=false
16:49:34.450 [DEBUG] [shadow] ui_view: enumpick slot=0 component=global_settings step_observe_want=false
16:49:35.500 [DEBUG] [shadow] ui_view: enumpick slot=0 component=global_settings step_observe_want=false
16:49:36.554 [DEBUG] [shadow] ui_view: enumpick slot=0 component=global_settings step_observe_want=false
16:49:37.604 [DEBUG] [shadow] ui_view: enumpick slot=0 component=global_settings step_observe_want=false
16:49:37.897 [DEBUG] [spi_timing] Frame(us): total avg=2703 max=2814 | pre avg=95 max=288 | ioctl avg=2592 max=2707 | post avg=14 max=31 | overruns=21
16:49:37.897 [DEBUG] [spi_timing] Pre(us): midi_mon=1/4 fwd_midi=2/63 mix_audio=7/27 ui_req=1/4 param=4/24 fwd_cc=0/0 proc_midi=1/7 jack_stash=1/4 drain_dsp=0/0 jack_wake=0/1 mix_buf=43/70 tts=0/3 display=6/189
16:49:37.897 [DEBUG] [spi_timing] Post(us): clear_leds=2/28 jack_midi=0/0 ui_midi=0/3 flush_leds=6/31 screenreader=0/0 jack_pre=0/0 jack_disp=0/0 pin=0/1 midi_scan=7/14 drain_dsp2=0/1 render=4/20
16:49:37.897 [DEBUG] [spi_timing] Slot render max(us): s0=0 s1=0 s2=0 s3=0 probe_burst_max=0
16:49:37.897 [DEBUG] [spi_timing] Slot synth max(us): s0=0 s1=0 s2=0 s3=0 | Slot fx max(us): s0=0 s1=0 s2=0 s3=0
16:49:38.656 [DEBUG] [shadow] ui_view: enumpick slot=0 component=global_settings step_observe_want=false
16:49:39.706 [DEBUG] [shadow] ui_view: enumpick slot=0 component=global_settings step_observe_want=false
16:49:40.757 [DEBUG] [shadow] ui_view: enumpick slot=0 component=global_settings step_observe_want=false
16:49:41.814 [DEBUG] [shadow] ui_view: enumpick slot=0 component=global_settings step_observe_want=false
16:49:42.864 [DEBUG] [shadow] ui_view: enumpick slot=0 component=global_settings step_observe_want=false
16:49:42.897 [DEBUG] [spi_timing] Frame(us): total avg=2704 max=2798 | pre avg=96 max=291 | ioctl avg=2593 max=2706 | post avg=13 max=35 | overruns=21
16:49:42.897 [DEBUG] [spi_timing] Pre(us): midi_mon=1/15 fwd_midi=2/65 mix_audio=7/26 ui_req=1/20 param=3/22 fwd_cc=0/2 proc_midi=1/8 jack_stash=1/12 drain_dsp=0/0 jack_wake=0/7 mix_buf=43/70 tts=0/20 display=6/193
16:49:42.897 [DEBUG] [spi_timing] Post(us): clear_leds=2/20 jack_midi=0/0 ui_midi=0/4 flush_leds=6/16 screenreader=0/0 jack_pre=0/2 jack_disp=0/0 pin=0/20 midi_scan=7/28 drain_dsp2=0/1 render=4/11
16:49:42.897 [DEBUG] [spi_timing] Slot render max(us): s0=0 s1=0 s2=0 s3=0 probe_burst_max=0
16:49:42.897 [DEBUG] [spi_timing] Slot synth max(us): s0=0 s1=0 s2=0 s3=0 | Slot fx max(us): s0=0 s1=0 s2=0 s3=0
16:49:43.915 [DEBUG] [shadow] ui_view: enumpick slot=0 component=global_settings step_observe_want=false
16:49:44.965 [DEBUG] [shadow] ui_view: enumpick slot=0 component=global_settings step_observe_want=false
16:49:46.016 [DEBUG] [shadow] ui_view: enumpick slot=0 component=global_settings step_observe_want=false
16:49:47.073 [DEBUG] [shadow] ui_view: enumpick slot=0 component=global_settings step_observe_want=false
16:49:47.897 [DEBUG] [spi_timing] Frame(us): total avg=2704 max=2802 | pre avg=95 max=285 | ioctl avg=2593 max=2705 | post avg=13 max=36 | overruns=21
16:49:47.898 [DEBUG] [spi_timing] Pre(us): midi_mon=1/19 fwd_midi=2/62 mix_audio=7/25 ui_req=1/22 param=4/29 fwd_cc=0/0 proc_midi=1/21 jack_stash=1/5 drain_dsp=0/1 jack_wake=0/19 mix_buf=43/71 tts=0/3 display=6/194
16:49:47.898 [DEBUG] [spi_timing] Post(us): clear_leds=2/5 jack_midi=0/0 ui_midi=0/2 flush_leds=6/34 screenreader=0/0 jack_pre=0/0 jack_disp=0/10 pin=0/4 midi_scan=7/29 drain_dsp2=0/1 render=4/23
16:49:47.898 [DEBUG] [spi_timing] Slot render max(us): s0=0 s1=0 s2=0 s3=0 probe_burst_max=0
16:49:47.898 [DEBUG] [spi_timing] Slot synth max(us): s0=0 s1=0 s2=0 s3=0 | Slot fx max(us): s0=0 s1=0 s2=0 s3=0
16:49:48.123 [DEBUG] [shadow] ui_view: enumpick slot=0 component=global_settings step_observe_want=false
16:49:49.172 [DEBUG] [shadow] ui_view: enumpick slot=0 component=global_settings step_observe_want=false
16:49:50.222 [DEBUG] [shadow] ui_view: enumpick slot=0 component=global_settings step_observe_want=false
16:49:51.273 [DEBUG] [shadow] ui_view: enumpick slot=0 component=global_settings step_observe_want=false
16:49:52.324 [DEBUG] [shadow] ui_view: enumpick slot=0 component=global_settings step_observe_want=false
16:49:52.898 [DEBUG] [spi_timing] Frame(us): total avg=2702 max=2797 | pre avg=96 max=278 | ioctl avg=2591 max=2707 | post avg=14 max=38 | overruns=21
16:49:52.898 [DEBUG] [spi_timing] Pre(us): midi_mon=1/21 fwd_midi=2/64 mix_audio=7/17 ui_req=1/16 param=4/67 fwd_cc=0/0 proc_midi=1/22 jack_stash=1/20 drain_dsp=0/0 jack_wake=0/4 mix_buf=43/74 tts=0/2 display=6/183
16:49:52.898 [DEBUG] [spi_timing] Post(us): clear_leds=2/26 jack_midi=0/0 ui_midi=0/23 flush_leds=6/21 screenreader=0/0 jack_pre=0/0 jack_disp=0/24 pin=0/2 midi_scan=7/27 drain_dsp2=0/5 render=4/18
16:49:52.898 [DEBUG] [spi_timing] Slot render max(us): s0=0 s1=0 s2=0 s3=0 probe_burst_max=0
16:49:52.898 [DEBUG] [spi_timing] Slot synth max(us): s0=0 s1=0 s2=0 s3=0 | Slot fx max(us): s0=0 s1=0 s2=0 s3=0
16:49:53.374 [DEBUG] [shadow] ui_view: enumpick slot=0 component=global_settings step_observe_want=false
16:49:53.569 [DEBUG] [shim] D-Bus signal: net.connman.Service.PropertyChanged path=/net/connman/service/wifi_b047e9589495_47696c6c65747465_managed_psk sender=:1.0 arg0="Strength"
16:49:53.569 [DEBUG] [shim] D-Bus signal: net.connman.Service.PropertyChanged path=/net/connman/service/wifi_b047e9589495_5866696e697479204d6f62696c65_managed_ieee8021x sender=:1.0 arg0="Strength"
16:49:53.569 [DEBUG] [shim] D-Bus signal: net.connman.Service.PropertyChanged path=/net/connman/service/wifi_b047e9589495_7866696e69747977696669_managed_none sender=:1.0 arg0="Strength"
16:49:53.670 [DEBUG] [shim] D-Bus signal: net.connman.Manager.ServicesChanged path=/ sender=:1.0
16:49:54.423 [DEBUG] [shadow] ui_view: enumpick slot=0 component=global_settings step_observe_want=false
16:49:55.473 [DEBUG] [shadow] ui_view: enumpick slot=0 component=global_settings step_observe_want=false
16:49:56.524 [DEBUG] [shadow] ui_view: enumpick slot=0 component=global_settings step_observe_want=false
16:49:57.578 [DEBUG] [shadow] ui_view: enumpick slot=0 component=global_settings step_observe_want=false
16:49:57.898 [DEBUG] [spi_timing] Frame(us): total avg=2699 max=2804 | pre avg=97 max=276 | ioctl avg=2586 max=2708 | post avg=14 max=38 | overruns=21
16:49:57.898 [DEBUG] [spi_timing] Pre(us): midi_mon=1/24 fwd_midi=2/63 mix_audio=7/28 ui_req=1/21 param=4/27 fwd_cc=0/0 proc_midi=1/8 jack_stash=1/17 drain_dsp=0/7 jack_wake=0/3 mix_buf=44/86 tts=0/22 display=6/188
16:49:57.898 [DEBUG] [spi_timing] Post(us): clear_leds=2/29 jack_midi=0/2 ui_midi=0/4 flush_leds=6/29 screenreader=0/5 jack_pre=0/0 jack_disp=0/0 pin=0/11 midi_scan=7/32 drain_dsp2=0/1 render=4/11
16:49:57.898 [DEBUG] [spi_timing] Slot render max(us): s0=0 s1=0 s2=0 s3=0 probe_burst_max=0
16:49:57.898 [DEBUG] [spi_timing] Slot synth max(us): s0=0 s1=0 s2=0 s3=0 | Slot fx max(us): s0=0 s1=0 s2=0 s3=0
16:49:58.628 [DEBUG] [shadow] ui_view: enumpick slot=0 component=global_settings step_observe_want=false
16:49:59.680 [DEBUG] [shadow] ui_view: enumpick slot=0 component=global_settings step_observe_want=false
16:50:00.730 [DEBUG] [shadow] ui_view: enumpick slot=0 component=global_settings step_observe_want=false
16:50:01.781 [DEBUG] [shadow] ui_view: enumpick slot=0 component=global_settings step_observe_want=false
16:50:02.838 [DEBUG] [shadow] ui_view: enumpick slot=0 component=global_settings step_observe_want=false
16:50:02.898 [DEBUG] [spi_timing] Frame(us): total avg=2700 max=2809 | pre avg=97 max=276 | ioctl avg=2587 max=2708 | post avg=14 max=34 | overruns=21
16:50:02.899 [DEBUG] [spi_timing] Pre(us): midi_mon=1/24 fwd_midi=2/64 mix_audio=7/32 ui_req=1/21 param=4/27 fwd_cc=0/0 proc_midi=1/21 jack_stash=1/22 drain_dsp=0/0 jack_wake=0/24 mix_buf=43/78 tts=0/4 display=6/180
16:50:02.899 [DEBUG] [spi_timing] Post(us): clear_leds=2/7 jack_midi=0/0 ui_midi=0/3 flush_leds=6/13 screenreader=0/0 jack_pre=0/0 jack_disp=0/3 pin=0/4 midi_scan=8/28 drain_dsp2=0/1 render=4/11
16:50:02.899 [DEBUG] [spi_timing] Slot render max(us): s0=0 s1=0 s2=0 s3=0 probe_burst_max=0
16:50:02.899 [DEBUG] [spi_timing] Slot synth max(us): s0=0 s1=0 s2=0 s3=0 | Slot fx max(us): s0=0 s1=0 s2=0 s3=0
16:50:03.888 [DEBUG] [shadow] ui_view: enumpick slot=0 component=global_settings step_observe_want=false
16:50:04.939 [DEBUG] [shadow] ui_view: enumpick slot=0 component=global_settings step_observe_want=false
16:50:05.987 [DEBUG] [shadow] ui_view: enumpick slot=0 component=global_settings step_observe_want=false
16:50:07.037 [DEBUG] [shadow] ui_view: enumpick slot=0 component=global_settings step_observe_want=false
16:50:07.899 [DEBUG] [spi_timing] Frame(us): total avg=2700 max=2811 | pre avg=97 max=295 | ioctl avg=2587 max=2717 | post avg=14 max=44 | overruns=21
16:50:07.899 [DEBUG] [spi_timing] Pre(us): midi_mon=1/13 fwd_midi=2/64 mix_audio=7/32 ui_req=1/9 param=4/24 fwd_cc=0/0 proc_midi=1/16 jack_stash=1/11 drain_dsp=0/1 jack_wake=0/1 mix_buf=44/77 tts=0/8 display=6/178
16:50:07.899 [DEBUG] [spi_timing] Post(us): clear_leds=2/13 jack_midi=0/0 ui_midi=0/24 flush_leds=6/32 screenreader=0/0 jack_pre=0/19 jack_disp=0/0 pin=0/22 midi_scan=7/30 drain_dsp2=0/1 render=4/22
16:50:07.899 [DEBUG] [spi_timing] Slot render max(us): s0=0 s1=0 s2=0 s3=0 probe_burst_max=0
16:50:07.899 [DEBUG] [spi_timing] Slot synth max(us): s0=0 s1=0 s2=0 s3=0 | Slot fx max(us): s0=0 s1=0 s2=0 s3=0
16:50:08.094 [DEBUG] [shadow] ui_view: enumpick slot=0 component=global_settings step_observe_want=false
16:50:09.145 [DEBUG] [shadow] ui_view: enumpick slot=0 component=global_settings step_observe_want=false
16:50:10.195 [DEBUG] [shadow] ui_view: enumpick slot=0 component=global_settings step_observe_want=false
16:50:11.247 [DEBUG] [shadow] ui_view: enumpick slot=0 component=global_settings step_observe_want=false
16:50:12.297 [DEBUG] [shadow] ui_view: enumpick slot=0 component=global_settings step_observe_want=false
16:50:12.899 [DEBUG] [spi_timing] Frame(us): total avg=2703 max=2816 | pre avg=96 max=300 | ioctl avg=2592 max=2709 | post avg=13 max=31 | overruns=21
16:50:12.899 [DEBUG] [spi_timing] Pre(us): midi_mon=1/12 fwd_midi=2/63 mix_audio=7/28 ui_req=1/12 param=4/89 fwd_cc=0/9 proc_midi=1/21 jack_stash=1/4 drain_dsp=0/0 jack_wake=0/10 mix_buf=43/71 tts=0/3 display=6/198
16:50:12.899 [DEBUG] [spi_timing] Post(us): clear_leds=2/22 jack_midi=0/0 ui_midi=0/11 flush_leds=6/27 screenreader=0/0 jack_pre=0/3 jack_disp=0/0 pin=0/8 midi_scan=7/24 drain_dsp2=0/1 render=4/22
16:50:12.899 [DEBUG] [spi_timing] Slot render max(us): s0=0 s1=0 s2=0 s3=0 probe_burst_max=0
16:50:12.900 [DEBUG] [spi_timing] Slot synth max(us): s0=0 s1=0 s2=0 s3=0 | Slot fx max(us): s0=0 s1=0 s2=0 s3=0
16:50:13.354 [DEBUG] [shadow] ui_view: enumpick slot=0 component=global_settings step_observe_want=false
16:50:14.405 [DEBUG] [shadow] ui_view: enumpick slot=0 component=global_settings step_observe_want=false
16:50:15.456 [DEBUG] [shadow] ui_view: enumpick slot=0 component=global_settings step_observe_want=false
16:50:16.506 [DEBUG] [shadow] ui_view: enumpick slot=0 component=global_settings step_observe_want=false
16:50:17.557 [DEBUG] [shadow] ui_view: enumpick slot=0 component=global_settings step_observe_want=false
16:50:17.900 [DEBUG] [spi_timing] Frame(us): total avg=2702 max=2804 | pre avg=96 max=280 | ioctl avg=2590 max=2707 | post avg=13 max=36 | overruns=21
16:50:17.900 [DEBUG] [spi_timing] Pre(us): midi_mon=1/22 fwd_midi=2/62 mix_audio=7/15 ui_req=1/2 param=4/68 fwd_cc=0/0 proc_midi=1/20 jack_stash=1/11 drain_dsp=0/0 jack_wake=0/1 mix_buf=43/81 tts=0/21 display=6/187
16:50:17.900 [DEBUG] [spi_timing] Post(us): clear_leds=2/25 jack_midi=0/1 ui_midi=0/9 flush_leds=6/28 screenreader=0/0 jack_pre=0/0 jack_disp=0/0 pin=0/2 midi_scan=7/27 drain_dsp2=0/1 render=4/24
16:50:17.900 [DEBUG] [spi_timing] Slot render max(us): s0=0 s1=0 s2=0 s3=0 probe_burst_max=0
16:50:17.900 [DEBUG] [spi_timing] Slot synth max(us): s0=0 s1=0 s2=0 s3=0 | Slot fx max(us): s0=0 s1=0 s2=0 s3=0
16:50:18.614 [DEBUG] [shadow] ui_view: enumpick slot=0 component=global_settings step_observe_want=false
16:50:19.664 [DEBUG] [shadow] ui_view: enumpick slot=0 component=global_settings step_observe_want=false
16:50:20.715 [DEBUG] [shadow] ui_view: enumpick slot=0 component=global_settings step_observe_want=false
16:50:21.766 [DEBUG] [shadow] ui_view: enumpick slot=0 component=global_settings step_observe_want=false
16:50:22.816 [DEBUG] [shadow] ui_view: enumpick slot=0 component=global_settings step_observe_want=false
16:50:22.900 [DEBUG] [spi_timing] Frame(us): total avg=2703 max=2805 | pre avg=96 max=277 | ioctl avg=2591 max=2714 | post avg=14 max=37 | overruns=21
16:50:22.900 [DEBUG] [spi_timing] Pre(us): midi_mon=1/12 fwd_midi=2/63 mix_audio=7/26 ui_req=1/12 param=4/38 fwd_cc=0/0 proc_midi=1/23 jack_stash=1/11 drain_dsp=0/0 jack_wake=0/11 mix_buf=43/74 tts=0/12 display=6/186
16:50:22.900 [DEBUG] [spi_timing] Post(us): clear_leds=2/14 jack_midi=0/3 ui_midi=0/2 flush_leds=6/31 screenreader=0/0 jack_pre=0/0 jack_disp=0/0 pin=0/12 midi_scan=8/26 drain_dsp2=0/5 render=4/26
16:50:22.900 [DEBUG] [spi_timing] Slot render max(us): s0=0 s1=0 s2=0 s3=0 probe_burst_max=0
16:50:22.900 [DEBUG] [spi_timing] Slot synth max(us): s0=0 s1=0 s2=0 s3=0 | Slot fx max(us): s0=0 s1=0 s2=0 s3=0
16:50:23.867 [DEBUG] [shadow] ui_view: enumpick slot=0 component=global_settings step_observe_want=false
16:50:24.918 [DEBUG] [shadow] ui_view: enumpick slot=0 component=global_settings step_observe_want=false
16:50:25.969 [DEBUG] [shadow] ui_view: enumpick slot=0 component=global_settings step_observe_want=false
16:50:27.020 [DEBUG] [shadow] ui_view: enumpick slot=0 component=global_settings step_observe_want=false
16:50:27.900 [DEBUG] [spi_timing] Frame(us): total avg=2701 max=2808 | pre avg=97 max=274 | ioctl avg=2588 max=2710 | post avg=14 max=37 | overruns=21
16:50:27.901 [DEBUG] [spi_timing] Pre(us): midi_mon=1/24 fwd_midi=2/64 mix_audio=7/29 ui_req=1/20 param=4/33 fwd_cc=0/0 proc_midi=1/21 jack_stash=1/11 drain_dsp=0/1 jack_wake=0/18 mix_buf=43/71 tts=0/2 display=6/177
16:50:27.901 [DEBUG] [spi_timing] Post(us): clear_leds=2/19 jack_midi=0/2 ui_midi=0/3 flush_leds=6/33 screenreader=0/0 jack_pre=0/8 jack_disp=0/0 pin=0/21 midi_scan=7/32 drain_dsp2=0/6 render=4/25
16:50:27.901 [DEBUG] [spi_timing] Slot render max(us): s0=0 s1=0 s2=0 s3=0 probe_burst_max=0
16:50:27.901 [DEBUG] [spi_timing] Slot synth max(us): s0=0 s1=0 s2=0 s3=0 | Slot fx max(us): s0=0 s1=0 s2=0 s3=0
16:50:28.070 [DEBUG] [shadow] ui_view: enumpick slot=0 component=global_settings step_observe_want=false
16:50:29.124 [DEBUG] [shadow] ui_view: enumpick slot=0 component=global_settings step_observe_want=false
16:50:30.175 [DEBUG] [shadow] ui_view: enumpick slot=0 component=global_settings step_observe_want=false
16:50:31.225 [DEBUG] [shadow] ui_view: enumpick slot=0 component=global_settings step_observe_want=false
16:50:32.276 [DEBUG] [shadow] ui_view: enumpick slot=0 component=global_settings step_observe_want=false
16:50:32.901 [DEBUG] [spi_timing] Frame(us): total avg=2701 max=2838 | pre avg=97 max=277 | ioctl avg=2588 max=2734 | post avg=14 max=34 | overruns=21
16:50:32.901 [DEBUG] [spi_timing] Pre(us): midi_mon=1/19 fwd_midi=2/68 mix_audio=7/24 ui_req=1/10 param=4/79 fwd_cc=0/0 proc_midi=1/23 jack_stash=1/19 drain_dsp=0/0 jack_wake=0/7 mix_buf=43/84 tts=0/18 display=6/194
16:50:32.901 [DEBUG] [spi_timing] Post(us): clear_leds=2/21 jack_midi=0/0 ui_midi=0/17 flush_leds=6/26 screenreader=0/4 jack_pre=0/0 jack_disp=0/0 pin=0/18 midi_scan=7/28 drain_dsp2=0/1 render=4/11
16:50:32.901 [DEBUG] [spi_timing] Slot render max(us): s0=0 s1=0 s2=0 s3=0 probe_burst_max=0
16:50:32.901 [DEBUG] [spi_timing] Slot synth max(us): s0=0 s1=0 s2=0 s3=0 | Slot fx max(us): s0=0 s1=0 s2=0 s3=0
16:50:33.327 [DEBUG] [shadow] ui_view: enumpick slot=0 component=global_settings step_observe_want=false
16:50:34.384 [DEBUG] [shadow] ui_view: enumpick slot=0 component=global_settings step_observe_want=false
16:50:35.434 [DEBUG] [shadow] ui_view: enumpick slot=0 component=global_settings step_observe_want=false
16:50:36.485 [DEBUG] [shadow] ui_view: enumpick slot=0 component=global_settings step_observe_want=false
16:50:37.536 [DEBUG] [shadow] ui_view: enumpick slot=0 component=global_settings step_observe_want=false
16:50:37.901 [DEBUG] [spi_timing] Frame(us): total avg=2701 max=2800 | pre avg=97 max=278 | ioctl avg=2588 max=2703 | post avg=14 max=37 | overruns=21
16:50:37.901 [DEBUG] [spi_timing] Pre(us): midi_mon=1/9 fwd_midi=2/77 mix_audio=7/29 ui_req=1/4 param=4/77 fwd_cc=0/0 proc_midi=1/8 jack_stash=1/20 drain_dsp=0/17 jack_wake=0/2 mix_buf=44/69 tts=0/6 display=6/189
16:50:37.901 [DEBUG] [spi_timing] Post(us): clear_leds=2/10 jack_midi=0/0 ui_midi=0/3 flush_leds=6/30 screenreader=0/0 jack_pre=0/0 jack_disp=0/0 pin=0/4 midi_scan=7/30 drain_dsp2=0/1 render=4/20
16:50:37.901 [DEBUG] [spi_timing] Slot render max(us): s0=0 s1=0 s2=0 s3=0 probe_burst_max=0
16:50:37.901 [DEBUG] [spi_timing] Slot synth max(us): s0=0 s1=0 s2=0 s3=0 | Slot fx max(us): s0=0 s1=0 s2=0 s3=0
16:50:38.587 [DEBUG] [shadow] ui_view: enumpick slot=0 component=global_settings step_observe_want=false
16:50:39.643 [DEBUG] [shadow] ui_view: enumpick slot=0 component=global_settings step_observe_want=false
16:50:40.695 [DEBUG] [shadow] ui_view: enumpick slot=0 component=global_settings step_observe_want=false
16:50:41.745 [DEBUG] [shadow] ui_view: enumpick slot=0 component=global_settings step_observe_want=false
16:50:42.796 [DEBUG] [shadow] ui_view: enumpick slot=0 component=global_settings step_observe_want=false
16:50:42.901 [DEBUG] [spi_timing] Frame(us): total avg=2700 max=2798 | pre avg=96 max=277 | ioctl avg=2589 max=2701 | post avg=14 max=35 | overruns=21
16:50:42.901 [DEBUG] [spi_timing] Pre(us): midi_mon=1/9 fwd_midi=2/65 mix_audio=7/23 ui_req=1/21 param=4/75 fwd_cc=0/0 proc_midi=1/7 jack_stash=1/11 drain_dsp=0/3 jack_wake=0/3 mix_buf=43/76 tts=0/17 display=6/196
16:50:42.901 [DEBUG] [spi_timing] Post(us): clear_leds=2/24 jack_midi=0/0 ui_midi=0/4 flush_leds=6/12 screenreader=0/0 jack_pre=0/0 jack_disp=0/2 pin=0/20 midi_scan=7/27 drain_dsp2=0/1 render=4/11
16:50:42.901 [DEBUG] [spi_timing] Slot render max(us): s0=0 s1=0 s2=0 s3=0 probe_burst_max=0
16:50:42.901 [DEBUG] [spi_timing] Slot synth max(us): s0=0 s1=0 s2=0 s3=0 | Slot fx max(us): s0=0 s1=0 s2=0 s3=0
16:50:43.846 [DEBUG] [shadow] ui_view: enumpick slot=0 component=global_settings step_observe_want=false
16:50:44.903 [DEBUG] [shadow] ui_view: enumpick slot=0 component=global_settings step_observe_want=false
16:50:45.951 [DEBUG] [shadow] ui_view: enumpick slot=0 component=global_settings step_observe_want=false
16:50:47.002 [DEBUG] [shadow] ui_view: enumpick slot=0 component=global_settings step_observe_want=false
16:50:47.902 [DEBUG] [spi_timing] Frame(us): total avg=2702 max=2814 | pre avg=96 max=281 | ioctl avg=2591 max=2704 | post avg=13 max=35 | overruns=21
16:50:47.902 [DEBUG] [spi_timing] Pre(us): midi_mon=1/21 fwd_midi=2/64 mix_audio=7/17 ui_req=1/21 param=4/40 fwd_cc=0/0 proc_midi=1/8 jack_stash=1/11 drain_dsp=0/0 jack_wake=0/2 mix_buf=43/71 tts=0/2 display=6/190
16:50:47.902 [DEBUG] [spi_timing] Post(us): clear_leds=2/23 jack_midi=0/2 ui_midi=0/3 flush_leds=6/30 screenreader=0/0 jack_pre=0/0 jack_disp=0/0 pin=0/4 midi_scan=7/30 drain_dsp2=0/1 render=4/11
16:50:47.902 [DEBUG] [spi_timing] Slot render max(us): s0=0 s1=0 s2=0 s3=0 probe_burst_max=0
16:50:47.902 [DEBUG] [spi_timing] Slot synth max(us): s0=0 s1=0 s2=0 s3=0 | Slot fx max(us): s0=0 s1=0 s2=0 s3=0
16:50:48.053 [DEBUG] [shadow] ui_view: enumpick slot=0 component=global_settings step_observe_want=false
16:50:49.103 [DEBUG] [shadow] ui_view: enumpick slot=0 component=global_settings step_observe_want=false
16:50:50.160 [DEBUG] [shadow] ui_view: enumpick slot=0 component=global_settings step_observe_want=false
16:50:51.210 [DEBUG] [shadow] ui_view: enumpick slot=0 component=global_settings step_observe_want=false
16:50:52.262 [DEBUG] [shadow] ui_view: enumpick slot=0 component=global_settings step_observe_want=false
16:50:52.902 [DEBUG] [spi_timing] Frame(us): total avg=2698 max=2802 | pre avg=96 max=299 | ioctl avg=2586 max=2704 | post avg=14 max=35 | overruns=21
16:50:52.902 [DEBUG] [spi_timing] Pre(us): midi_mon=1/23 fwd_midi=2/67 mix_audio=7/28 ui_req=1/10 param=4/81 fwd_cc=0/1 proc_midi=1/7 jack_stash=1/10 drain_dsp=0/0 jack_wake=0/20 mix_buf=43/75 tts=0/4 display=6/192
16:50:52.902 [DEBUG] [spi_timing] Post(us): clear_leds=2/6 jack_midi=0/2 ui_midi=0/28 flush_leds=6/15 screenreader=0/0 jack_pre=0/0 jack_disp=0/0 pin=0/3 midi_scan=8/27 drain_dsp2=0/5 render=4/8
16:50:52.902 [DEBUG] [spi_timing] Slot render max(us): s0=0 s1=0 s2=0 s3=0 probe_burst_max=0
16:50:52.902 [DEBUG] [spi_timing] Slot synth max(us): s0=0 s1=0 s2=0 s3=0 | Slot fx max(us): s0=0 s1=0 s2=0 s3=0
16:50:53.312 [DEBUG] [shadow] ui_view: enumpick slot=0 component=global_settings step_observe_want=false
16:50:54.362 [DEBUG] [shadow] ui_view: enumpick slot=0 component=global_settings step_observe_want=false
16:50:55.420 [DEBUG] [shadow] ui_view: enumpick slot=0 component=global_settings step_observe_want=false
16:50:56.470 [DEBUG] [shadow] ui_view: enumpick slot=0 component=global_settings step_observe_want=false
16:50:57.521 [DEBUG] [shadow] ui_view: enumpick slot=0 component=global_settings step_observe_want=false
16:50:57.902 [DEBUG] [spi_timing] Frame(us): total avg=2698 max=2805 | pre avg=97 max=269 | ioctl avg=2585 max=2707 | post avg=14 max=38 | overruns=21
16:50:57.902 [DEBUG] [spi_timing] Pre(us): midi_mon=1/22 fwd_midi=2/60 mix_audio=7/31 ui_req=1/4 param=4/77 fwd_cc=0/0 proc_midi=1/7 jack_stash=1/21 drain_dsp=0/2 jack_wake=0/1 mix_buf=44/71 tts=0/3 display=6/185
16:50:57.902 [DEBUG] [spi_timing] Post(us): clear_leds=2/22 jack_midi=0/3 ui_midi=0/10 flush_leds=6/28 screenreader=0/0 jack_pre=0/0 jack_disp=0/0 pin=0/3 midi_scan=8/26 drain_dsp2=0/1 render=4/25
16:50:57.902 [DEBUG] [spi_timing] Slot render max(us): s0=0 s1=0 s2=0 s3=0 probe_burst_max=0
16:50:57.903 [DEBUG] [spi_timing] Slot synth max(us): s0=0 s1=0 s2=0 s3=0 | Slot fx max(us): s0=0 s1=0 s2=0 s3=0
16:50:58.572 [DEBUG] [shadow] ui_view: enumpick slot=0 component=global_settings step_observe_want=false
16:50:59.620 [DEBUG] [shadow] ui_view: enumpick slot=0 component=global_settings step_observe_want=false
16:51:00.671 [DEBUG] [shadow] ui_view: enumpick slot=0 component=global_settings step_observe_want=false
16:51:01.721 [DEBUG] [shadow] ui_view: enumpick slot=0 component=global_settings step_observe_want=false
16:51:02.772 [DEBUG] [shadow] ui_view: enumpick slot=0 component=global_settings step_observe_want=false
16:51:02.903 [DEBUG] [spi_timing] Frame(us): total avg=2697 max=2821 | pre avg=97 max=284 | ioctl avg=2584 max=2718 | post avg=14 max=39 | overruns=21
16:51:02.903 [DEBUG] [spi_timing] Pre(us): midi_mon=1/19 fwd_midi=2/69 mix_audio=7/27 ui_req=1/9 param=4/77 fwd_cc=0/0 proc_midi=1/21 jack_stash=1/8 drain_dsp=0/1 jack_wake=0/1 mix_buf=44/79 tts=0/9 display=6/200
16:51:02.903 [DEBUG] [spi_timing] Post(us): clear_leds=2/6 jack_midi=0/1 ui_midi=0/2 flush_leds=6/32 screenreader=0/0 jack_pre=0/2 jack_disp=0/0 pin=0/3 midi_scan=7/26 drain_dsp2=0/1 render=4/21
16:51:02.903 [DEBUG] [spi_timing] Slot render max(us): s0=0 s1=0 s2=0 s3=0 probe_burst_max=0
16:51:02.903 [DEBUG] [spi_timing] Slot synth max(us): s0=0 s1=0 s2=0 s3=0 | Slot fx max(us): s0=0 s1=0 s2=0 s3=0
16:51:03.822 [DEBUG] [shadow] ui_view: enumpick slot=0 component=global_settings step_observe_want=false
16:51:04.873 [DEBUG] [shadow] ui_view: enumpick slot=0 component=global_settings step_observe_want=false
16:51:05.930 [DEBUG] [shadow] ui_view: enumpick slot=0 component=global_settings step_observe_want=false
16:51:06.981 [DEBUG] [shadow] ui_view: enumpick slot=0 component=global_settings step_observe_want=false
16:51:07.903 [DEBUG] [spi_timing] Frame(us): total avg=2703 max=2801 | pre avg=95 max=271 | ioctl avg=2592 max=2711 | post avg=13 max=39 | overruns=21
16:51:07.903 [DEBUG] [spi_timing] Pre(us): midi_mon=1/17 fwd_midi=2/63 mix_audio=7/18 ui_req=1/10 param=4/40 fwd_cc=0/20 proc_midi=1/8 jack_stash=1/18 drain_dsp=0/3 jack_wake=0/1 mix_buf=43/79 tts=0/2 display=6/182
16:51:07.903 [DEBUG] [spi_timing] Post(us): clear_leds=2/26 jack_midi=0/0 ui_midi=0/1 flush_leds=6/28 screenreader=0/1 jack_pre=0/0 jack_disp=0/10 pin=0/11 midi_scan=7/29 drain_dsp2=0/1 render=4/26
16:51:07.903 [DEBUG] [spi_timing] Slot render max(us): s0=0 s1=0 s2=0 s3=0 probe_burst_max=0
16:51:07.903 [DEBUG] [spi_timing] Slot synth max(us): s0=0 s1=0 s2=0 s3=0 | Slot fx max(us): s0=0 s1=0 s2=0 s3=0
16:51:08.031 [DEBUG] [shadow] ui_view: enumpick slot=0 component=global_settings step_observe_want=false
16:51:09.082 [DEBUG] [shadow] ui_view: enumpick slot=0 component=global_settings step_observe_want=false
16:51:10.133 [DEBUG] [shadow] ui_view: enumpick slot=0 component=global_settings step_observe_want=false
16:51:11.189 [DEBUG] [shadow] ui_view: enumpick slot=0 component=global_settings step_observe_want=false
16:51:12.237 [DEBUG] [shadow] ui_view: enumpick slot=0 component=global_settings step_observe_want=false
16:51:12.903 [DEBUG] [spi_timing] Frame(us): total avg=2703 max=2803 | pre avg=96 max=259 | ioctl avg=2591 max=2706 | post avg=13 max=36 | overruns=21
16:51:12.903 [DEBUG] [spi_timing] Pre(us): midi_mon=1/15 fwd_midi=2/89 mix_audio=7/30 ui_req=1/9 param=4/39 fwd_cc=0/0 proc_midi=1/20 jack_stash=1/11 drain_dsp=0/3 jack_wake=0/22 mix_buf=43/73 tts=0/2 display=6/186
16:51:12.903 [DEBUG] [spi_timing] Post(us): clear_leds=2/25 jack_midi=0/1 ui_midi=0/29 flush_leds=6/25 screenreader=0/0 jack_pre=0/0 jack_disp=0/5 pin=0/10 midi_scan=7/28 drain_dsp2=0/1 render=4/24
16:51:12.903 [DEBUG] [spi_timing] Slot render max(us): s0=0 s1=0 s2=0 s3=0 probe_burst_max=0
16:51:12.903 [DEBUG] [spi_timing] Slot synth max(us): s0=0 s1=0 s2=0 s3=0 | Slot fx max(us): s0=0 s1=0 s2=0 s3=0
16:51:13.235 [DEBUG] [shim] D-Bus signal: org.freedesktop.DBus.ObjectManager.InterfacesAdded path=/ sender=:1.0
16:51:13.237 [DEBUG] [shim] D-Bus signal: net.connman.Service.PropertyChanged path=/net/connman/service/wifi_b047e9589495_47696c6c65747465_managed_psk sender=:1.0 arg0="Strength"
16:51:13.238 [DEBUG] [shim] D-Bus signal: net.connman.Service.PropertyChanged path=/net/connman/service/wifi_b047e9589495_5866696e697479204d6f62696c65_managed_ieee8021x sender=:1.0 arg0="Strength"
16:51:13.238 [DEBUG] [shim] D-Bus signal: net.connman.Service.PropertyChanged path=/net/connman/service/wifi_b047e9589495_576174636820596f757273656c66_managed_psk sender=:1.0 arg0="Strength"
16:51:13.238 [DEBUG] [shim] D-Bus signal: net.connman.Service.PropertyChanged path=/net/connman/service/wifi_b047e9589495_7866696e69747977696669_managed_none sender=:1.0 arg0="Strength"
16:51:13.288 [DEBUG] [shadow] ui_view: enumpick slot=0 component=global_settings step_observe_want=false
16:51:13.336 [DEBUG] [shim] D-Bus signal: net.connman.Manager.ServicesChanged path=/ sender=:1.0
16:51:14.339 [DEBUG] [shadow] ui_view: enumpick slot=0 component=global_settings step_observe_want=false
16:51:15.390 [DEBUG] [shadow] ui_view: enumpick slot=0 component=global_settings step_observe_want=false
16:51:16.440 [DEBUG] [shadow] ui_view: enumpick slot=0 component=global_settings step_observe_want=false
16:51:17.491 [DEBUG] [shadow] ui_view: enumpick slot=0 component=global_settings step_observe_want=false
16:51:17.903 [DEBUG] [spi_timing] Frame(us): total avg=2702 max=2790 | pre avg=96 max=294 | ioctl avg=2589 max=2694 | post avg=14 max=40 | overruns=21
16:51:17.904 [DEBUG] [spi_timing] Pre(us): midi_mon=1/18 fwd_midi=2/65 mix_audio=7/25 ui_req=1/22 param=4/77 fwd_cc=0/0 proc_midi=1/9 jack_stash=1/9 drain_dsp=0/0 jack_wake=0/10 mix_buf=43/77 tts=0/3 display=6/193
16:51:17.904 [DEBUG] [spi_timing] Post(us): clear_leds=2/19 jack_midi=0/2 ui_midi=0/22 flush_leds=6/25 screenreader=0/0 jack_pre=0/0 jack_disp=0/0 pin=0/11 midi_scan=7/33 drain_dsp2=0/6 render=4/21
16:51:17.904 [DEBUG] [spi_timing] Slot render max(us): s0=0 s1=0 s2=0 s3=0 probe_burst_max=0
16:51:17.904 [DEBUG] [spi_timing] Slot synth max(us): s0=0 s1=0 s2=0 s3=0 | Slot fx max(us): s0=0 s1=0 s2=0 s3=0
16:51:18.542 [DEBUG] [shadow] ui_view: enumpick slot=0 component=global_settings step_observe_want=false
16:51:19.593 [DEBUG] [shadow] ui_view: enumpick slot=0 component=global_settings step_observe_want=false
16:51:20.643 [DEBUG] [shadow] ui_view: enumpick slot=0 component=global_settings step_observe_want=false
16:51:21.697 [DEBUG] [shadow] ui_view: enumpick slot=0 component=global_settings step_observe_want=false
16:51:22.745 [DEBUG] [shadow] ui_view: enumpick slot=0 component=global_settings step_observe_want=false
16:51:22.904 [DEBUG] [spi_timing] Frame(us): total avg=2702 max=2808 | pre avg=96 max=277 | ioctl avg=2591 max=2705 | post avg=13 max=39 | overruns=21
16:51:22.904 [DEBUG] [spi_timing] Pre(us): midi_mon=1/21 fwd_midi=2/63 mix_audio=7/24 ui_req=1/10 param=4/82 fwd_cc=0/0 proc_midi=1/10 jack_stash=1/11 drain_dsp=0/1 jack_wake=0/11 mix_buf=43/77 tts=0/10 display=6/188
16:51:22.904 [DEBUG] [spi_timing] Post(us): clear_leds=2/20 jack_midi=0/0 ui_midi=0/3 flush_leds=6/31 screenreader=0/11 jack_pre=0/7 jack_disp=0/1 pin=0/1 midi_scan=7/31 drain_dsp2=0/1 render=4/10
16:51:22.904 [DEBUG] [spi_timing] Slot render max(us): s0=0 s1=0 s2=0 s3=0 probe_burst_max=0
16:51:22.904 [DEBUG] [spi_timing] Slot synth max(us): s0=0 s1=0 s2=0 s3=0 | Slot fx max(us): s0=0 s1=0 s2=0 s3=0
16:51:23.796 [DEBUG] [shadow] ui_view: enumpick slot=0 component=global_settings step_observe_want=false
16:51:24.846 [DEBUG] [shadow] ui_view: enumpick slot=0 component=global_settings step_observe_want=false
16:51:25.898 [DEBUG] [shadow] ui_view: enumpick slot=0 component=global_settings step_observe_want=false
16:51:26.951 [DEBUG] [shadow] ui_view: enumpick slot=0 component=global_settings step_observe_want=false
16:51:27.904 [DEBUG] [spi_timing] Frame(us): total avg=2699 max=2797 | pre avg=97 max=267 | ioctl avg=2586 max=2703 | post avg=14 max=36 | overruns=21
16:51:27.904 [DEBUG] [spi_timing] Pre(us): midi_mon=1/9 fwd_midi=2/71 mix_audio=7/21 ui_req=1/19 param=4/27 fwd_cc=0/0 proc_midi=1/19 jack_stash=1/12 drain_dsp=0/2 jack_wake=0/3 mix_buf=44/73 tts=0/2 display=6/174
16:51:27.904 [DEBUG] [spi_timing] Post(us): clear_leds=2/26 jack_midi=0/8 ui_midi=0/2 flush_leds=6/17 screenreader=0/0 jack_pre=0/8 jack_disp=0/0 pin=0/6 midi_scan=8/23 drain_dsp2=0/5 render=4/26
16:51:27.904 [DEBUG] [spi_timing] Slot render max(us): s0=0 s1=0 s2=0 s3=0 probe_burst_max=0
16:51:27.904 [DEBUG] [spi_timing] Slot synth max(us): s0=0 s1=0 s2=0 s3=0 | Slot fx max(us): s0=0 s1=0 s2=0 s3=0
16:51:28.003 [DEBUG] [shadow] ui_view: enumpick slot=0 component=global_settings step_observe_want=false
16:51:29.052 [DEBUG] [shadow] ui_view: enumpick slot=0 component=global_settings step_observe_want=false
16:51:30.104 [DEBUG] [shadow] ui_view: enumpick slot=0 component=global_settings step_observe_want=false
16:51:31.154 [DEBUG] [shadow] ui_view: enumpick slot=0 component=global_settings step_observe_want=false
16:51:32.208 [DEBUG] [shadow] ui_view: enumpick slot=0 component=global_settings step_observe_want=false
16:51:32.904 [DEBUG] [spi_timing] Frame(us): total avg=2698 max=2800 | pre avg=97 max=269 | ioctl avg=2585 max=2702 | post avg=14 max=41 | overruns=21
16:51:32.905 [DEBUG] [spi_timing] Pre(us): midi_mon=1/5 fwd_midi=2/65 mix_audio=7/25 ui_req=1/19 param=4/37 fwd_cc=0/0 proc_midi=1/8 jack_stash=1/4 drain_dsp=0/1 jack_wake=0/9 mix_buf=44/82 tts=0/9 display=6/186
16:51:32.905 [DEBUG] [spi_timing] Post(us): clear_leds=2/9 jack_midi=0/2 ui_midi=0/21 flush_leds=6/28 screenreader=0/0 jack_pre=0/3 jack_disp=0/0 pin=0/2 midi_scan=7/26 drain_dsp2=0/24 render=4/21
16:51:32.905 [DEBUG] [spi_timing] Slot render max(us): s0=0 s1=0 s2=0 s3=0 probe_burst_max=0
16:51:32.905 [DEBUG] [spi_timing] Slot synth max(us): s0=0 s1=0 s2=0 s3=0 | Slot fx max(us): s0=0 s1=0 s2=0 s3=0
16:51:33.258 [DEBUG] [shadow] ui_view: enumpick slot=0 component=global_settings step_observe_want=false
16:51:34.310 [DEBUG] [shadow] ui_view: enumpick slot=0 component=global_settings step_observe_want=false
16:51:35.360 [DEBUG] [shadow] ui_view: enumpick slot=0 component=global_settings step_observe_want=false
16:51:36.411 [DEBUG] [shadow] ui_view: enumpick slot=0 component=global_settings step_observe_want=false
16:51:37.465 [DEBUG] [shadow] ui_view: enumpick slot=0 component=global_settings step_observe_want=false
16:51:37.905 [DEBUG] [spi_timing] Frame(us): total avg=2698 max=2809 | pre avg=97 max=309 | ioctl avg=2585 max=2720 | post avg=14 max=31 | overruns=21
16:51:37.905 [DEBUG] [spi_timing] Pre(us): midi_mon=1/6 fwd_midi=2/61 mix_audio=7/28 ui_req=1/19 param=4/25 fwd_cc=0/17 proc_midi=1/7 jack_stash=1/23 drain_dsp=0/17 jack_wake=0/19 mix_buf=44/76 tts=0/21 display=6/207
16:51:37.905 [DEBUG] [spi_timing] Post(us): clear_leds=2/6 jack_midi=0/0 ui_midi=0/11 flush_leds=6/17 screenreader=0/11 jack_pre=0/0 jack_disp=0/0 pin=0/11 midi_scan=8/23 drain_dsp2=0/1 render=4/21
16:51:37.905 [DEBUG] [spi_timing] Slot render max(us): s0=0 s1=0 s2=0 s3=0 probe_burst_max=0
16:51:37.905 [DEBUG] [spi_timing] Slot synth max(us): s0=0 s1=0 s2=0 s3=0 | Slot fx max(us): s0=0 s1=0 s2=0 s3=0
16:51:38.512 [DEBUG] [shadow] ui_view: enumpick slot=0 component=global_settings step_observe_want=false
16:51:39.563 [DEBUG] [shadow] ui_view: enumpick slot=0 component=global_settings step_observe_want=false
16:51:40.614 [DEBUG] [shadow] ui_view: enumpick slot=0 component=global_settings step_observe_want=false
16:51:41.670 [DEBUG] [shadow] ui_view: enumpick slot=0 component=global_settings step_observe_want=false
16:51:42.724 [DEBUG] [shadow] ui_view: enumpick slot=0 component=global_settings step_observe_want=false
16:51:42.905 [DEBUG] [spi_timing] Frame(us): total avg=2702 max=2799 | pre avg=96 max=272 | ioctl avg=2591 max=2700 | post avg=14 max=43 | overruns=21
16:51:42.906 [DEBUG] [spi_timing] Pre(us): midi_mon=1/22 fwd_midi=2/63 mix_audio=7/24 ui_req=1/2 param=4/75 fwd_cc=0/0 proc_midi=1/20 jack_stash=1/21 drain_dsp=0/3 jack_wake=0/4 mix_buf=43/72 tts=0/3 display=6/176
16:51:42.906 [DEBUG] [spi_timing] Post(us): clear_leds=2/22 jack_midi=0/1 ui_midi=0/10 flush_leds=6/14 screenreader=0/0 jack_pre=0/8 jack_disp=0/4 pin=0/5 midi_scan=7/29 drain_dsp2=0/6 render=4/11
16:51:42.906 [DEBUG] [spi_timing] Slot render max(us): s0=0 s1=0 s2=0 s3=0 probe_burst_max=0
16:51:42.906 [DEBUG] [spi_timing] Slot synth max(us): s0=0 s1=0 s2=0 s3=0 | Slot fx max(us): s0=0 s1=0 s2=0 s3=0
16:51:43.776 [DEBUG] [shadow] ui_view: enumpick slot=0 component=global_settings step_observe_want=false
16:51:44.826 [DEBUG] [shadow] ui_view: enumpick slot=0 component=global_settings step_observe_want=false
16:51:45.876 [DEBUG] [shadow] ui_view: enumpick slot=0 component=global_settings step_observe_want=false
16:51:46.927 [DEBUG] [shadow] ui_view: enumpick slot=0 component=global_settings step_observe_want=false
16:51:47.906 [DEBUG] [spi_timing] Frame(us): total avg=2703 max=2801 | pre avg=96 max=274 | ioctl avg=2592 max=2702 | post avg=14 max=37 | overruns=21
16:51:47.906 [DEBUG] [spi_timing] Pre(us): midi_mon=1/14 fwd_midi=2/65 mix_audio=7/16 ui_req=1/2 param=4/31 fwd_cc=0/0 proc_midi=1/10 jack_stash=1/20 drain_dsp=0/2 jack_wake=0/9 mix_buf=43/82 tts=0/5 display=6/176
16:51:47.906 [DEBUG] [spi_timing] Post(us): clear_leds=2/6 jack_midi=0/0 ui_midi=0/20 flush_leds=6/25 screenreader=0/0 jack_pre=0/3 jack_disp=0/0 pin=0/8 midi_scan=7/29 drain_dsp2=0/15 render=4/23
16:51:47.906 [DEBUG] [spi_timing] Slot render max(us): s0=0 s1=0 s2=0 s3=0 probe_burst_max=0
16:51:47.906 [DEBUG] [spi_timing] Slot synth max(us): s0=0 s1=0 s2=0 s3=0 | Slot fx max(us): s0=0 s1=0 s2=0 s3=0
16:51:47.978 [DEBUG] [shadow] ui_view: enumpick slot=0 component=global_settings step_observe_want=false
16:51:49.029 [DEBUG] [shadow] ui_view: enumpick slot=0 component=global_settings step_observe_want=false
16:51:50.079 [DEBUG] [shadow] ui_view: enumpick slot=0 component=global_settings step_observe_want=false
16:51:51.127 [DEBUG] [shadow] ui_view: enumpick slot=0 component=global_settings step_observe_want=false
16:51:52.178 [DEBUG] [shadow] ui_view: enumpick slot=0 component=global_settings step_observe_want=false
16:51:52.906 [DEBUG] [spi_timing] Frame(us): total avg=2704 max=2810 | pre avg=95 max=279 | ioctl avg=2593 max=2722 | post avg=13 max=36 | overruns=21
16:51:52.906 [DEBUG] [spi_timing] Pre(us): midi_mon=1/21 fwd_midi=2/60 mix_audio=7/25 ui_req=1/20 param=4/23 fwd_cc=0/0 proc_midi=1/7 jack_stash=1/16 drain_dsp=0/18 jack_wake=0/7 mix_buf=43/69 tts=0/9 display=6/177
16:51:52.906 [DEBUG] [spi_timing] Post(us): clear_leds=2/20 jack_midi=0/1 ui_midi=0/25 flush_leds=6/24 screenreader=0/0 jack_pre=0/8 jack_disp=0/3 pin=0/2 midi_scan=7/28 drain_dsp2=0/1 render=4/11
16:51:52.906 [DEBUG] [spi_timing] Slot render max(us): s0=0 s1=0 s2=0 s3=0 probe_burst_max=0
16:51:52.906 [DEBUG] [spi_timing] Slot synth max(us): s0=0 s1=0 s2=0 s3=0 | Slot fx max(us): s0=0 s1=0 s2=0 s3=0
16:51:53.235 [DEBUG] [shadow] ui_view: enumpick slot=0 component=global_settings step_observe_want=false
16:51:54.286 [DEBUG] [shadow] ui_view: enumpick slot=0 component=global_settings step_observe_want=false
16:51:55.201 [DEBUG] [shim] D-Bus signal: org.freedesktop.DBus.ObjectManager.InterfacesRemoved path=/ sender=:1.0
16:51:55.301 [DEBUG] [shim] D-Bus signal: net.connman.Manager.ServicesChanged path=/ sender=:1.0
16:51:55.336 [DEBUG] [shadow] ui_view: enumpick slot=0 component=global_settings step_observe_want=false
16:51:56.387 [DEBUG] [shadow] ui_view: enumpick slot=0 component=global_settings step_observe_want=false
16:51:57.438 [DEBUG] [shadow] ui_view: enumpick slot=0 component=global_settings step_observe_want=false
16:51:57.906 [DEBUG] [spi_timing] Frame(us): total avg=2702 max=2814 | pre avg=96 max=281 | ioctl avg=2590 max=2724 | post avg=14 max=42 | overruns=21
16:51:57.906 [DEBUG] [spi_timing] Pre(us): midi_mon=1/8 fwd_midi=2/73 mix_audio=7/27 ui_req=1/8 param=4/35 fwd_cc=0/0 proc_midi=1/22 jack_stash=1/8 drain_dsp=0/17 jack_wake=0/1 mix_buf=43/72 tts=0/23 display=6/192
16:51:57.906 [DEBUG] [spi_timing] Post(us): clear_leds=2/25 jack_midi=0/0 ui_midi=0/2 flush_leds=6/25 screenreader=0/2 jack_pre=0/0 jack_disp=0/3 pin=0/1 midi_scan=7/30 drain_dsp2=0/1 render=4/22
16:51:57.906 [DEBUG] [spi_timing] Slot render max(us): s0=0 s1=0 s2=0 s3=0 probe_burst_max=0
16:51:57.906 [DEBUG] [spi_timing] Slot synth max(us): s0=0 s1=0 s2=0 s3=0 | Slot fx max(us): s0=0 s1=0 s2=0 s3=0
16:51:58.489 [DEBUG] [shadow] ui_view: enumpick slot=0 component=global_settings step_observe_want=false
16:51:59.540 [DEBUG] [shadow] ui_view: enumpick slot=0 component=global_settings step_observe_want=false
16:52:00.590 [DEBUG] [shadow] ui_view: enumpick slot=0 component=global_settings step_observe_want=false
16:52:01.641 [DEBUG] [shadow] ui_view: enumpick slot=0 component=global_settings step_observe_want=false
16:52:02.691 [DEBUG] [shadow] ui_view: enumpick slot=0 component=global_settings step_observe_want=false
16:52:02.907 [DEBUG] [spi_timing] Frame(us): total avg=2698 max=2800 | pre avg=97 max=316 | ioctl avg=2585 max=2707 | post avg=14 max=37 | overruns=21
16:52:02.907 [DEBUG] [spi_timing] Pre(us): midi_mon=1/12 fwd_midi=2/62 mix_audio=7/27 ui_req=1/17 param=4/84 fwd_cc=0/0 proc_midi=1/10 jack_stash=1/11 drain_dsp=0/3 jack_wake=0/1 mix_buf=44/85 tts=0/10 display=6/218
16:52:02.907 [DEBUG] [spi_timing] Post(us): clear_leds=2/12 jack_midi=0/0 ui_midi=0/10 flush_leds=6/29 screenreader=0/0 jack_pre=0/18 jack_disp=0/23 pin=0/2 midi_scan=8/27 drain_dsp2=0/1 render=4/27
16:52:02.907 [DEBUG] [spi_timing] Slot render max(us): s0=0 s1=0 s2=0 s3=0 probe_burst_max=0
16:52:02.907 [DEBUG] [spi_timing] Slot synth max(us): s0=0 s1=0 s2=0 s3=0 | Slot fx max(us): s0=0 s1=0 s2=0 s3=0
16:52:03.743 [DEBUG] [shadow] ui_view: enumpick slot=0 component=global_settings step_observe_want=false
16:52:04.793 [DEBUG] [shadow] ui_view: enumpick slot=0 component=global_settings step_observe_want=false
16:52:05.844 [DEBUG] [shadow] ui_view: enumpick slot=0 component=global_settings step_observe_want=false
16:52:06.895 [DEBUG] [shadow] ui_view: enumpick slot=0 component=global_settings step_observe_want=false
16:52:07.907 [DEBUG] [spi_timing] Frame(us): total avg=2698 max=2793 | pre avg=97 max=301 | ioctl avg=2585 max=2697 | post avg=14 max=34 | overruns=21
16:52:07.907 [DEBUG] [spi_timing] Pre(us): midi_mon=1/5 fwd_midi=2/61 mix_audio=7/27 ui_req=1/3 param=4/74 fwd_cc=0/1 proc_midi=1/8 jack_stash=1/18 drain_dsp=0/3 jack_wake=0/3 mix_buf=44/68 tts=0/20 display=6/189
16:52:07.907 [DEBUG] [spi_timing] Post(us): clear_leds=2/24 jack_midi=0/0 ui_midi=0/4 flush_leds=6/19 screenreader=0/0 jack_pre=0/2 jack_disp=0/17 pin=0/2 midi_scan=7/26 drain_dsp2=0/1 render=4/23
16:52:07.907 [DEBUG] [spi_timing] Slot render max(us): s0=0 s1=0 s2=0 s3=0 probe_burst_max=0
16:52:07.907 [DEBUG] [spi_timing] Slot synth max(us): s0=0 s1=0 s2=0 s3=0 | Slot fx max(us): s0=0 s1=0 s2=0 s3=0
16:52:07.946 [DEBUG] [shadow] ui_view: enumpick slot=0 component=global_settings step_observe_want=false
16:52:09.002 [DEBUG] [shadow] ui_view: enumpick slot=0 component=global_settings step_observe_want=false
16:52:10.053 [DEBUG] [shadow] ui_view: enumpick slot=0 component=global_settings step_observe_want=false
16:52:11.103 [DEBUG] [shadow] ui_view: enumpick slot=0 component=global_settings step_observe_want=false
16:52:12.155 [DEBUG] [shadow] ui_view: enumpick slot=0 component=global_settings step_observe_want=false
16:52:12.907 [DEBUG] [spi_timing] Frame(us): total avg=2699 max=2799 | pre avg=97 max=282 | ioctl avg=2586 max=2700 | post avg=14 max=34 | overruns=21
16:52:12.907 [DEBUG] [spi_timing] Pre(us): midi_mon=1/22 fwd_midi=2/65 mix_audio=7/32 ui_req=1/21 param=4/30 fwd_cc=0/3 proc_midi=1/11 jack_stash=1/9 drain_dsp=0/9 jack_wake=0/1 mix_buf=44/76 tts=0/2 display=6/186
16:52:12.907 [DEBUG] [spi_timing] Post(us): clear_leds=2/6 jack_midi=0/1 ui_midi=0/22 flush_leds=6/25 screenreader=0/0 jack_pre=0/0 jack_disp=0/0 pin=0/3 midi_scan=8/27 drain_dsp2=0/5 render=4/10
16:52:12.907 [DEBUG] [spi_timing] Slot render max(us): s0=0 s1=0 s2=0 s3=0 probe_burst_max=0
16:52:12.907 [DEBUG] [spi_timing] Slot synth max(us): s0=0 s1=0 s2=0 s3=0 | Slot fx max(us): s0=0 s1=0 s2=0 s3=0
16:52:13.205 [DEBUG] [shadow] ui_view: enumpick slot=0 component=global_settings step_observe_want=false
16:52:14.262 [DEBUG] [shadow] ui_view: enumpick slot=0 component=global_settings step_observe_want=false
16:52:15.312 [DEBUG] [shadow] ui_view: enumpick slot=0 component=global_settings step_observe_want=false
16:52:16.360 [DEBUG] [shadow] ui_view: enumpick slot=0 component=global_settings step_observe_want=false
16:52:17.412 [DEBUG] [shadow] ui_view: enumpick slot=0 component=global_settings step_observe_want=false
16:52:17.908 [DEBUG] [spi_timing] Frame(us): total avg=2700 max=2800 | pre avg=97 max=273 | ioctl avg=2588 max=2703 | post avg=14 max=37 | overruns=21
16:52:17.908 [DEBUG] [spi_timing] Pre(us): midi_mon=1/24 fwd_midi=2/65 mix_audio=7/28 ui_req=1/5 param=4/42 fwd_cc=0/0 proc_midi=1/7 jack_stash=1/5 drain_dsp=0/1 jack_wake=0/10 mix_buf=44/74 tts=0/4 display=6/183
16:52:17.908 [DEBUG] [spi_timing] Post(us): clear_leds=2/11 jack_midi=0/3 ui_midi=0/18 flush_leds=6/30 screenreader=0/0 jack_pre=0/0 jack_disp=0/0 pin=0/10 midi_scan=8/26 drain_dsp2=0/1 render=4/25
16:52:17.908 [DEBUG] [spi_timing] Slot render max(us): s0=0 s1=0 s2=0 s3=0 probe_burst_max=0
16:52:17.908 [DEBUG] [spi_timing] Slot synth max(us): s0=0 s1=0 s2=0 s3=0 | Slot fx max(us): s0=0 s1=0 s2=0 s3=0
16:52:18.462 [DEBUG] [shadow] ui_view: enumpick slot=0 component=global_settings step_observe_want=false
16:52:19.519 [DEBUG] [shadow] ui_view: enumpick slot=0 component=global_settings step_observe_want=false
16:52:20.569 [DEBUG] [shadow] ui_view: enumpick slot=0 component=global_settings step_observe_want=false
16:52:21.614 [DEBUG] [shadow] ui_view: enumpick slot=0 component=global_settings step_observe_want=false
16:52:22.665 [DEBUG] [shadow] ui_view: enumpick slot=0 component=global_settings step_observe_want=false
16:52:22.908 [DEBUG] [spi_timing] Frame(us): total avg=2703 max=2803 | pre avg=96 max=284 | ioctl avg=2592 max=2715 | post avg=14 max=37 | overruns=21
16:52:22.908 [DEBUG] [spi_timing] Pre(us): midi_mon=1/22 fwd_midi=2/62 mix_audio=7/29 ui_req=1/19 param=4/70 fwd_cc=0/2 proc_midi=1/8 jack_stash=1/7 drain_dsp=0/0 jack_wake=0/18 mix_buf=43/78 tts=0/10 display=6/193
16:52:22.908 [DEBUG] [spi_timing] Post(us): clear_leds=2/15 jack_midi=0/2 ui_midi=0/11 flush_leds=6/30 screenreader=0/1 jack_pre=0/10 jack_disp=0/0 pin=0/9 midi_scan=7/28 drain_dsp2=0/1 render=4/26
16:52:22.908 [DEBUG] [spi_timing] Slot render max(us): s0=0 s1=0 s2=0 s3=0 probe_burst_max=0
16:52:22.908 [DEBUG] [spi_timing] Slot synth max(us): s0=0 s1=0 s2=0 s3=0 | Slot fx max(us): s0=0 s1=0 s2=0 s3=0
16:52:23.715 [DEBUG] [shadow] ui_view: enumpick slot=0 component=global_settings step_observe_want=false
16:52:24.770 [DEBUG] [shadow] ui_view: enumpick slot=0 component=global_settings step_observe_want=false
16:52:25.820 [DEBUG] [shadow] ui_view: enumpick slot=0 component=global_settings step_observe_want=false
16:52:26.871 [DEBUG] [shadow] ui_view: enumpick slot=0 component=global_settings step_observe_want=false
16:52:27.908 [DEBUG] [spi_timing] Frame(us): total avg=2702 max=2803 | pre avg=97 max=304 | ioctl avg=2590 max=2699 | post avg=14 max=37 | overruns=21
16:52:27.908 [DEBUG] [spi_timing] Pre(us): midi_mon=1/7 fwd_midi=2/61 mix_audio=7/17 ui_req=1/11 param=4/74 fwd_cc=0/2 proc_midi=1/18 jack_stash=1/4 drain_dsp=0/19 jack_wake=0/3 mix_buf=43/78 tts=0/22 display=6/208
16:52:27.908 [DEBUG] [spi_timing] Post(us): clear_leds=2/30 jack_midi=0/19 ui_midi=0/4 flush_leds=6/30 screenreader=0/0 jack_pre=0/0 jack_disp=0/0 pin=0/1 midi_scan=8/27 drain_dsp2=0/5 render=4/10
16:52:27.908 [DEBUG] [spi_timing] Slot render max(us): s0=0 s1=0 s2=0 s3=0 probe_burst_max=0
16:52:27.908 [DEBUG] [spi_timing] Slot synth max(us): s0=0 s1=0 s2=0 s3=0 | Slot fx max(us): s0=0 s1=0 s2=0 s3=0
16:52:27.922 [DEBUG] [shadow] ui_view: enumpick slot=0 component=global_settings step_observe_want=false
16:52:28.972 [DEBUG] [shadow] ui_view: enumpick slot=0 component=global_settings step_observe_want=false
16:52:30.029 [DEBUG] [shadow] ui_view: enumpick slot=0 component=global_settings step_observe_want=false
16:52:31.080 [DEBUG] [shadow] ui_view: enumpick slot=0 component=global_settings step_observe_want=false
16:52:32.131 [DEBUG] [shadow] ui_view: enumpick slot=0 component=global_settings step_observe_want=false
16:52:32.909 [DEBUG] [spi_timing] Frame(us): total avg=2702 max=2792 | pre avg=96 max=262 | ioctl avg=2591 max=2703 | post avg=14 max=36 | overruns=21
16:52:32.909 [DEBUG] [spi_timing] Pre(us): midi_mon=1/9 fwd_midi=2/76 mix_audio=7/29 ui_req=1/3 param=4/76 fwd_cc=0/0 proc_midi=1/18 jack_stash=1/3 drain_dsp=0/1 jack_wake=0/1 mix_buf=43/75 tts=0/2 display=6/173
16:52:32.909 [DEBUG] [spi_timing] Post(us): clear_leds=2/4 jack_midi=0/0 ui_midi=0/4 flush_leds=6/27 screenreader=0/0 jack_pre=0/0 jack_disp=0/12 pin=0/1 midi_scan=7/28 drain_dsp2=0/1 render=4/19
16:52:32.909 [DEBUG] [spi_timing] Slot render max(us): s0=0 s1=0 s2=0 s3=0 probe_burst_max=0
16:52:32.909 [DEBUG] [spi_timing] Slot synth max(us): s0=0 s1=0 s2=0 s3=0 | Slot fx max(us): s0=0 s1=0 s2=0 s3=0
16:52:33.181 [DEBUG] [shadow] ui_view: enumpick slot=0 component=global_settings step_observe_want=false
16:52:34.229 [DEBUG] [shadow] ui_view: enumpick slot=0 component=global_settings step_observe_want=false
16:52:35.280 [DEBUG] [shadow] ui_view: enumpick slot=0 component=global_settings step_observe_want=false
16:52:36.328 [DEBUG] [shadow] ui_view: enumpick slot=0 component=global_settings step_observe_want=false
16:52:37.379 [DEBUG] [shadow] ui_view: enumpick slot=0 component=global_settings step_observe_want=false
16:52:37.909 [DEBUG] [spi_timing] Frame(us): total avg=2699 max=2822 | pre avg=97 max=280 | ioctl avg=2587 max=2726 | post avg=14 max=33 | overruns=21
16:52:37.909 [DEBUG] [spi_timing] Pre(us): midi_mon=1/25 fwd_midi=2/66 mix_audio=7/28 ui_req=1/10 param=4/75 fwd_cc=0/0 proc_midi=1/19 jack_stash=1/2 drain_dsp=0/9 jack_wake=0/18 mix_buf=43/68 tts=0/11 display=6/182
16:52:37.909 [DEBUG] [spi_timing] Post(us): clear_leds=2/21 jack_midi=0/2 ui_midi=0/25 flush_leds=6/32 screenreader=0/2 jack_pre=0/3 jack_disp=0/0 pin=0/21 midi_scan=8/13 drain_dsp2=0/5 render=4/24
16:52:37.909 [DEBUG] [spi_timing] Slot render max(us): s0=0 s1=0 s2=0 s3=0 probe_burst_max=0
16:52:37.909 [DEBUG] [spi_timing] Slot synth max(us): s0=0 s1=0 s2=0 s3=0 | Slot fx max(us): s0=0 s1=0 s2=0 s3=0
16:52:38.429 [DEBUG] [shadow] ui_view: enumpick slot=0 component=global_settings step_observe_want=false
16:52:39.480 [DEBUG] [shadow] ui_view: enumpick slot=0 component=global_settings step_observe_want=false
16:52:40.537 [DEBUG] [shadow] ui_view: enumpick slot=0 component=global_settings step_observe_want=false
16:52:41.588 [DEBUG] [shadow] ui_view: enumpick slot=0 component=global_settings step_observe_want=false
16:52:42.635 [DEBUG] [shadow] ui_view: enumpick slot=0 component=global_settings step_observe_want=false
16:52:42.909 [DEBUG] [spi_timing] Frame(us): total avg=2698 max=2801 | pre avg=97 max=272 | ioctl avg=2585 max=2706 | post avg=14 max=36 | overruns=21
16:52:42.910 [DEBUG] [spi_timing] Pre(us): midi_mon=1/10 fwd_midi=2/91 mix_audio=7/26 ui_req=1/5 param=4/70 fwd_cc=0/0 proc_midi=1/8 jack_stash=1/11 drain_dsp=0/3 jack_wake=0/2 mix_buf=44/71 tts=0/6 display=6/177
16:52:42.910 [DEBUG] [spi_timing] Post(us): clear_leds=2/12 jack_midi=0/0 ui_midi=0/11 flush_leds=6/29 screenreader=0/0 jack_pre=0/0 jack_disp=0/4 pin=0/3 midi_scan=8/29 drain_dsp2=0/1 render=4/20
16:52:42.910 [DEBUG] [spi_timing] Slot render max(us): s0=0 s1=0 s2=0 s3=0 probe_burst_max=0
16:52:42.910 [DEBUG] [spi_timing] Slot synth max(us): s0=0 s1=0 s2=0 s3=0 | Slot fx max(us): s0=0 s1=0 s2=0 s3=0
16:52:43.686 [DEBUG] [shadow] ui_view: enumpick slot=0 component=global_settings step_observe_want=false
16:52:44.737 [DEBUG] [shadow] ui_view: enumpick slot=0 component=global_settings step_observe_want=false
16:52:45.793 [DEBUG] [shadow] ui_view: enumpick slot=0 component=global_settings step_observe_want=false
16:52:46.844 [DEBUG] [shadow] ui_view: enumpick slot=0 component=global_settings step_observe_want=false
16:52:47.895 [DEBUG] [shadow] ui_view: enumpick slot=0 component=global_settings step_observe_want=false
16:52:47.910 [DEBUG] [spi_timing] Frame(us): total avg=2698 max=2805 | pre avg=97 max=282 | ioctl avg=2585 max=2708 | post avg=14 max=36 | overruns=21
16:52:47.910 [DEBUG] [spi_timing] Pre(us): midi_mon=1/19 fwd_midi=2/63 mix_audio=7/18 ui_req=1/10 param=4/71 fwd_cc=0/0 proc_midi=1/20 jack_stash=1/13 drain_dsp=0/1 jack_wake=0/3 mix_buf=44/76 tts=0/3 display=6/178
16:52:47.910 [DEBUG] [spi_timing] Post(us): clear_leds=2/29 jack_midi=0/0 ui_midi=0/3 flush_leds=6/36 screenreader=0/0 jack_pre=0/0 jack_disp=0/0 pin=0/2 midi_scan=7/19 drain_dsp2=0/1 render=4/25
16:52:47.910 [DEBUG] [spi_timing] Slot render max(us): s0=0 s1=0 s2=0 s3=0 probe_burst_max=0
16:52:47.910 [DEBUG] [spi_timing] Slot synth max(us): s0=0 s1=0 s2=0 s3=0 | Slot fx max(us): s0=0 s1=0 s2=0 s3=0
16:52:48.945 [DEBUG] [shadow] ui_view: enumpick slot=0 component=global_settings step_observe_want=false
16:52:49.994 [DEBUG] [shadow] ui_view: enumpick slot=0 component=global_settings step_observe_want=false
16:52:51.050 [DEBUG] [shadow] ui_view: enumpick slot=0 component=global_settings step_observe_want=false
16:52:52.100 [DEBUG] [shadow] ui_view: enumpick slot=0 component=global_settings step_observe_want=false
16:52:52.910 [DEBUG] [spi_timing] Frame(us): total avg=2698 max=2794 | pre avg=96 max=265 | ioctl avg=2586 max=2701 | post avg=14 max=38 | overruns=21
16:52:52.910 [DEBUG] [spi_timing] Pre(us): midi_mon=1/21 fwd_midi=2/64 mix_audio=7/28 ui_req=1/3 param=4/85 fwd_cc=0/0 proc_midi=1/7 jack_stash=1/11 drain_dsp=0/8 jack_wake=0/2 mix_buf=43/67 tts=0/3 display=6/177
16:52:52.910 [DEBUG] [spi_timing] Post(us): clear_leds=2/20 jack_midi=0/0 ui_midi=0/2 flush_leds=6/28 screenreader=0/3 jack_pre=0/2 jack_disp=0/6 pin=0/3 midi_scan=7/24 drain_dsp2=0/6 render=4/27
16:52:52.910 [DEBUG] [spi_timing] Slot render max(us): s0=0 s1=0 s2=0 s3=0 probe_burst_max=0
16:52:52.910 [DEBUG] [spi_timing] Slot synth max(us): s0=0 s1=0 s2=0 s3=0 | Slot fx max(us): s0=0 s1=0 s2=0 s3=0
16:52:53.149 [DEBUG] [shadow] ui_view: enumpick slot=0 component=global_settings step_observe_want=false
16:52:54.199 [DEBUG] [shadow] ui_view: enumpick slot=0 component=global_settings step_observe_want=false
16:52:55.251 [DEBUG] [shadow] ui_view: enumpick slot=0 component=global_settings step_observe_want=false
16:52:56.308 [DEBUG] [shadow] ui_view: enumpick slot=0 component=global_settings step_observe_want=false
16:52:57.358 [DEBUG] [shadow] ui_view: enumpick slot=0 component=global_settings step_observe_want=false
16:52:57.910 [DEBUG] [spi_timing] Frame(us): total avg=2702 max=2820 | pre avg=95 max=268 | ioctl avg=2592 max=2715 | post avg=14 max=37 | overruns=21
16:52:57.910 [DEBUG] [spi_timing] Pre(us): midi_mon=1/12 fwd_midi=2/64 mix_audio=7/34 ui_req=1/22 param=4/46 fwd_cc=0/0 proc_midi=1/19 jack_stash=1/9 drain_dsp=0/0 jack_wake=0/1 mix_buf=43/68 tts=0/2 display=6/187
16:52:57.911 [DEBUG] [spi_timing] Post(us): clear_leds=2/11 jack_midi=0/0 ui_midi=0/21 flush_leds=6/33 screenreader=0/0 jack_pre=0/0 jack_disp=0/2 pin=0/1 midi_scan=7/27 drain_dsp2=0/1 render=4/25
16:52:57.911 [DEBUG] [spi_timing] Slot render max(us): s0=0 s1=0 s2=0 s3=0 probe_burst_max=0
16:52:57.911 [DEBUG] [spi_timing] Slot synth max(us): s0=0 s1=0 s2=0 s3=0 | Slot fx max(us): s0=0 s1=0 s2=0 s3=0
16:52:58.408 [DEBUG] [shadow] ui_view: enumpick slot=0 component=global_settings step_observe_want=false
16:52:59.460 [DEBUG] [shadow] ui_view: enumpick slot=0 component=global_settings step_observe_want=false
16:53:00.510 [DEBUG] [shadow] ui_view: enumpick slot=0 component=global_settings step_observe_want=false
16:53:01.561 [DEBUG] [shadow] ui_view: enumpick slot=0 component=global_settings step_observe_want=false
16:53:02.611 [DEBUG] [shadow] ui_view: enumpick slot=0 component=global_settings step_observe_want=false
16:53:02.911 [DEBUG] [spi_timing] Frame(us): total avg=2703 max=2794 | pre avg=96 max=282 | ioctl avg=2591 max=2704 | post avg=14 max=38 | overruns=21
16:53:02.911 [DEBUG] [spi_timing] Pre(us): midi_mon=1/6 fwd_midi=2/64 mix_audio=7/29 ui_req=1/18 param=4/23 fwd_cc=0/18 proc_midi=1/25 jack_stash=1/12 drain_dsp=0/0 jack_wake=0/11 mix_buf=43/82 tts=0/15 display=6/189
16:53:02.911 [DEBUG] [spi_timing] Post(us): clear_leds=2/25 jack_midi=0/0 ui_midi=0/18 flush_leds=6/29 screenreader=0/0 jack_pre=0/2 jack_disp=0/0 pin=0/10 midi_scan=7/30 drain_dsp2=0/1 render=4/23
16:53:02.911 [DEBUG] [spi_timing] Slot render max(us): s0=0 s1=0 s2=0 s3=0 probe_burst_max=0
16:53:02.911 [DEBUG] [spi_timing] Slot synth max(us): s0=0 s1=0 s2=0 s3=0 | Slot fx max(us): s0=0 s1=0 s2=0 s3=0
16:53:03.662 [DEBUG] [shadow] ui_view: enumpick slot=0 component=global_settings step_observe_want=false
16:53:04.713 [DEBUG] [shadow] ui_view: enumpick slot=0 component=global_settings step_observe_want=false
16:53:05.764 [DEBUG] [shadow] ui_view: enumpick slot=0 component=global_settings step_observe_want=false
16:53:06.817 [DEBUG] [shadow] ui_view: enumpick slot=0 component=global_settings step_observe_want=false
16:53:07.869 [DEBUG] [shadow] ui_view: enumpick slot=0 component=global_settings step_observe_want=false
16:53:07.911 [DEBUG] [spi_timing] Frame(us): total avg=2703 max=2816 | pre avg=96 max=292 | ioctl avg=2591 max=2718 | post avg=13 max=37 | overruns=21
16:53:07.911 [DEBUG] [spi_timing] Pre(us): midi_mon=1/23 fwd_midi=2/66 mix_audio=7/27 ui_req=1/23 param=4/68 fwd_cc=0/1 proc_midi=1/22 jack_stash=1/24 drain_dsp=0/1 jack_wake=0/20 mix_buf=43/74 tts=0/6 display=6/186
16:53:07.911 [DEBUG] [spi_timing] Post(us): clear_leds=2/11 jack_midi=0/0 ui_midi=0/2 flush_leds=6/28 screenreader=0/0 jack_pre=0/0 jack_disp=0/1 pin=0/3 midi_scan=7/24 drain_dsp2=0/21 render=4/23
16:53:07.911 [DEBUG] [spi_timing] Slot render max(us): s0=0 s1=0 s2=0 s3=0 probe_burst_max=0
16:53:07.911 [DEBUG] [spi_timing] Slot synth max(us): s0=0 s1=0 s2=0 s3=0 | Slot fx max(us): s0=0 s1=0 s2=0 s3=0
16:53:08.919 [DEBUG] [shadow] ui_view: enumpick slot=0 component=global_settings step_observe_want=false
16:53:09.970 [DEBUG] [shadow] ui_view: enumpick slot=0 component=global_settings step_observe_want=false
16:53:11.020 [DEBUG] [shadow] ui_view: enumpick slot=0 component=global_settings step_observe_want=false
16:53:12.074 [DEBUG] [shadow] ui_view: enumpick slot=0 component=global_settings step_observe_want=false
16:53:12.911 [DEBUG] [spi_timing] Frame(us): total avg=2700 max=2799 | pre avg=97 max=282 | ioctl avg=2587 max=2704 | post avg=14 max=35 | overruns=21
16:53:12.912 [DEBUG] [spi_timing] Pre(us): midi_mon=1/11 fwd_midi=2/65 mix_audio=7/17 ui_req=1/22 param=4/26 fwd_cc=0/0 proc_midi=1/26 jack_stash=1/11 drain_dsp=0/8 jack_wake=0/3 mix_buf=44/78 tts=0/2 display=6/185
16:53:12.912 [DEBUG] [spi_timing] Post(us): clear_leds=2/27 jack_midi=0/0 ui_midi=0/2 flush_leds=6/31 screenreader=0/3 jack_pre=0/3 jack_disp=0/9 pin=0/3 midi_scan=7/28 drain_dsp2=0/18 render=4/22
16:53:12.912 [DEBUG] [spi_timing] Slot render max(us): s0=0 s1=0 s2=0 s3=0 probe_burst_max=0
16:53:12.912 [DEBUG] [spi_timing] Slot synth max(us): s0=0 s1=0 s2=0 s3=0 | Slot fx max(us): s0=0 s1=0 s2=0 s3=0
16:53:13.125 [DEBUG] [shadow] ui_view: enumpick slot=0 component=global_settings step_observe_want=false
16:53:14.176 [DEBUG] [shadow] ui_view: enumpick slot=0 component=global_settings step_observe_want=false
16:53:15.227 [DEBUG] [shadow] ui_view: enumpick slot=0 component=global_settings step_observe_want=false
16:53:16.277 [DEBUG] [shadow] ui_view: enumpick slot=0 component=global_settings step_observe_want=false
16:53:17.325 [DEBUG] [shadow] ui_view: enumpick slot=0 component=global_settings step_observe_want=false
16:53:17.912 [DEBUG] [spi_timing] Frame(us): total avg=2699 max=2805 | pre avg=96 max=280 | ioctl avg=2587 max=2716 | post avg=14 max=41 | overruns=21
16:53:17.912 [DEBUG] [spi_timing] Pre(us): midi_mon=1/11 fwd_midi=2/62 mix_audio=7/31 ui_req=1/6 param=4/42 fwd_cc=0/3 proc_midi=1/21 jack_stash=1/20 drain_dsp=0/3 jack_wake=0/4 mix_buf=43/70 tts=0/21 display=6/186
16:53:17.912 [DEBUG] [spi_timing] Post(us): clear_leds=2/21 jack_midi=0/0 ui_midi=0/23 flush_leds=6/32 screenreader=0/0 jack_pre=0/1 jack_disp=0/0 pin=0/23 midi_scan=7/32 drain_dsp2=0/1 render=4/11
16:53:17.912 [DEBUG] [spi_timing] Slot render max(us): s0=0 s1=0 s2=0 s3=0 probe_burst_max=0
16:53:17.912 [DEBUG] [spi_timing] Slot synth max(us): s0=0 s1=0 s2=0 s3=0 | Slot fx max(us): s0=0 s1=0 s2=0 s3=0
16:53:18.376 [DEBUG] [shadow] ui_view: enumpick slot=0 component=global_settings step_observe_want=false
16:53:19.427 [DEBUG] [shadow] ui_view: enumpick slot=0 component=global_settings step_observe_want=false
16:53:20.477 [DEBUG] [shadow] ui_view: enumpick slot=0 component=global_settings step_observe_want=false
16:53:21.528 [DEBUG] [shadow] ui_view: enumpick slot=0 component=global_settings step_observe_want=false
16:53:22.584 [DEBUG] [shadow] ui_view: enumpick slot=0 component=global_settings step_observe_want=false
16:53:22.912 [DEBUG] [spi_timing] Frame(us): total avg=2701 max=2797 | pre avg=96 max=296 | ioctl avg=2589 max=2708 | post avg=14 max=29 | overruns=21
16:53:22.912 [DEBUG] [spi_timing] Pre(us): midi_mon=1/11 fwd_midi=2/63 mix_audio=7/26 ui_req=1/11 param=4/35 fwd_cc=0/0 proc_midi=1/23 jack_stash=1/4 drain_dsp=0/0 jack_wake=0/3 mix_buf=43/71 tts=0/25 display=6/209
16:53:22.912 [DEBUG] [spi_timing] Post(us): clear_leds=2/23 jack_midi=0/0 ui_midi=0/2 flush_leds=6/28 screenreader=0/0 jack_pre=0/23 jack_disp=0/0 pin=0/19 midi_scan=7/23 drain_dsp2=0/1 render=4/20
16:53:22.912 [DEBUG] [spi_timing] Slot render max(us): s0=0 s1=0 s2=0 s3=0 probe_burst_max=0
16:53:22.912 [DEBUG] [spi_timing] Slot synth max(us): s0=0 s1=0 s2=0 s3=0 | Slot fx max(us): s0=0 s1=0 s2=0 s3=0
16:53:23.633 [DEBUG] [shadow] ui_view: enumpick slot=0 component=global_settings step_observe_want=false
16:53:24.684 [DEBUG] [shadow] ui_view: enumpick slot=0 component=global_settings step_observe_want=false
16:53:25.734 [DEBUG] [shadow] ui_view: enumpick slot=0 component=global_settings step_observe_want=false
16:53:26.782 [DEBUG] [shadow] ui_view: enumpick slot=0 component=global_settings step_observe_want=false
16:53:27.833 [DEBUG] [shadow] ui_view: enumpick slot=0 component=global_settings step_observe_want=false
16:53:27.913 [DEBUG] [spi_timing] Frame(us): total avg=2701 max=2805 | pre avg=96 max=308 | ioctl avg=2589 max=2708 | post avg=14 max=39 | overruns=21
16:53:27.913 [DEBUG] [spi_timing] Pre(us): midi_mon=1/12 fwd_midi=2/71 mix_audio=7/24 ui_req=1/5 param=4/37 fwd_cc=0/0 proc_midi=1/11 jack_stash=1/12 drain_dsp=0/0 jack_wake=0/22 mix_buf=44/77 tts=0/22 display=6/204
16:53:27.913 [DEBUG] [spi_timing] Post(us): clear_leds=2/11 jack_midi=0/1 ui_midi=0/3 flush_leds=6/25 screenreader=0/0 jack_pre=0/0 jack_disp=0/0 pin=0/11 midi_scan=7/31 drain_dsp2=0/1 render=4/22
16:53:27.913 [DEBUG] [spi_timing] Slot render max(us): s0=0 s1=0 s2=0 s3=0 probe_burst_max=0
16:53:27.913 [DEBUG] [spi_timing] Slot synth max(us): s0=0 s1=0 s2=0 s3=0 | Slot fx max(us): s0=0 s1=0 s2=0 s3=0
16:53:28.884 [DEBUG] [shadow] ui_view: enumpick slot=0 component=global_settings step_observe_want=false
16:53:29.931 [DEBUG] [shadow] ui_view: enumpick slot=0 component=global_settings step_observe_want=false
16:53:30.982 [DEBUG] [shadow] ui_view: enumpick slot=0 component=global_settings step_observe_want=false
16:53:32.033 [DEBUG] [shadow] ui_view: enumpick slot=0 component=global_settings step_observe_want=false
16:53:32.913 [DEBUG] [spi_timing] Frame(us): total avg=2698 max=2808 | pre avg=97 max=306 | ioctl avg=2585 max=2715 | post avg=14 max=38 | overruns=21
16:53:32.913 [DEBUG] [spi_timing] Pre(us): midi_mon=1/9 fwd_midi=2/69 mix_audio=7/26 ui_req=1/10 param=4/69 fwd_cc=0/1 proc_midi=1/13 jack_stash=1/2 drain_dsp=0/1 jack_wake=0/2 mix_buf=44/69 tts=0/2 display=6/205
16:53:32.913 [DEBUG] [spi_timing] Post(us): clear_leds=2/16 jack_midi=0/0 ui_midi=0/12 flush_leds=6/24 screenreader=0/0 jack_pre=0/0 jack_disp=0/1 pin=0/1 midi_scan=8/28 drain_dsp2=0/1 render=4/26
16:53:32.913 [DEBUG] [spi_timing] Slot render max(us): s0=0 s1=0 s2=0 s3=0 probe_burst_max=0
16:53:32.913 [DEBUG] [spi_timing] Slot synth max(us): s0=0 s1=0 s2=0 s3=0 | Slot fx max(us): s0=0 s1=0 s2=0 s3=0
16:53:33.087 [DEBUG] [shadow] ui_view: enumpick slot=0 component=global_settings step_observe_want=false
16:53:34.137 [DEBUG] [shadow] ui_view: enumpick slot=0 component=global_settings step_observe_want=false
16:53:35.157 [DEBUG] [shim] D-Bus signal: net.connman.Service.PropertyChanged path=/net/connman/service/wifi_b047e9589495_hidden_managed_ieee8021x sender=:1.0 arg0="Strength"
16:53:35.157 [DEBUG] [shim] D-Bus signal: net.connman.Service.PropertyChanged path=/net/connman/service/wifi_b047e9589495_576174636820596f757273656c66_managed_psk sender=:1.0 arg0="Strength"
16:53:35.157 [DEBUG] [shim] D-Bus signal: net.connman.Service.PropertyChanged path=/net/connman/service/wifi_b047e9589495_47696c6c65747465_managed_psk sender=:1.0 arg0="Strength"
16:53:35.157 [DEBUG] [shim] D-Bus signal: net.connman.Service.PropertyChanged path=/net/connman/service/wifi_b047e9589495_5866696e697479204d6f62696c65_managed_ieee8021x sender=:1.0 arg0="Strength"
16:53:35.158 [DEBUG] [shim] D-Bus signal: net.connman.Service.PropertyChanged path=/net/connman/service/wifi_b047e9589495_7866696e69747977696669_managed_none sender=:1.0 arg0="Strength"
16:53:35.189 [DEBUG] [shadow] ui_view: enumpick slot=0 component=global_settings step_observe_want=false
16:53:35.258 [DEBUG] [shim] D-Bus signal: net.connman.Manager.ServicesChanged path=/ sender=:1.0
16:53:36.239 [DEBUG] [shadow] ui_view: enumpick slot=0 component=global_settings step_observe_want=false
16:53:37.289 [DEBUG] [shadow] ui_view: enumpick slot=0 component=global_settings step_observe_want=false
16:53:37.913 [DEBUG] [spi_timing] Frame(us): total avg=2699 max=2802 | pre avg=97 max=267 | ioctl avg=2587 max=2706 | post avg=14 max=35 | overruns=21
16:53:37.913 [DEBUG] [spi_timing] Pre(us): midi_mon=1/25 fwd_midi=2/65 mix_audio=7/28 ui_req=1/6 param=4/40 fwd_cc=0/0 proc_midi=1/10 jack_stash=1/19 drain_dsp=0/0 jack_wake=0/4 mix_buf=44/72 tts=0/4 display=6/188
16:53:37.913 [DEBUG] [spi_timing] Post(us): clear_leds=2/14 jack_midi=0/0 ui_midi=0/3 flush_leds=6/32 screenreader=0/0 jack_pre=0/0 jack_disp=0/0 pin=0/19 midi_scan=7/29 drain_dsp2=0/1 render=4/24
16:53:37.913 [DEBUG] [spi_timing] Slot render max(us): s0=0 s1=0 s2=0 s3=0 probe_burst_max=0
16:53:37.913 [DEBUG] [spi_timing] Slot synth max(us): s0=0 s1=0 s2=0 s3=0 | Slot fx max(us): s0=0 s1=0 s2=0 s3=0
16:53:38.344 [DEBUG] [shadow] ui_view: enumpick slot=0 component=global_settings step_observe_want=false
16:53:39.394 [DEBUG] [shadow] ui_view: enumpick slot=0 component=global_settings step_observe_want=false
16:53:40.445 [DEBUG] [shadow] ui_view: enumpick slot=0 component=global_settings step_observe_want=false
16:53:41.496 [DEBUG] [shadow] ui_view: enumpick slot=0 component=global_settings step_observe_want=false
16:53:42.547 [DEBUG] [shadow] ui_view: enumpick slot=0 component=global_settings step_observe_want=false
16:53:42.914 [DEBUG] [spi_timing] Frame(us): total avg=2700 max=2801 | pre avg=96 max=314 | ioctl avg=2588 max=2700 | post avg=14 max=40 | overruns=21
16:53:42.919 [DEBUG] [spi_timing] Pre(us): midi_mon=1/8 fwd_midi=2/67 mix_audio=7/27 ui_req=1/21 param=4/28 fwd_cc=0/9 proc_midi=1/7 jack_stash=1/20 drain_dsp=0/2 jack_wake=0/4 mix_buf=43/74 tts=0/21 display=6/198
16:53:42.919 [DEBUG] [spi_timing] Post(us): clear_leds=2/13 jack_midi=0/1 ui_midi=0/10 flush_leds=6/30 screenreader=0/0 jack_pre=0/0 jack_disp=0/2 pin=0/6 midi_scan=7/31 drain_dsp2=0/1 render=4/24
16:53:42.919 [DEBUG] [spi_timing] Slot render max(us): s0=0 s1=0 s2=0 s3=0 probe_burst_max=0
16:53:42.919 [DEBUG] [spi_timing] Slot synth max(us): s0=0 s1=0 s2=0 s3=0 | Slot fx max(us): s0=0 s1=0 s2=0 s3=0
16:53:43.597 [DEBUG] [shadow] ui_view: enumpick slot=0 component=global_settings step_observe_want=false
16:53:44.648 [DEBUG] [shadow] ui_view: enumpick slot=0 component=global_settings step_observe_want=false
16:53:45.699 [DEBUG] [shadow] ui_view: enumpick slot=0 component=global_settings step_observe_want=false
16:53:46.750 [DEBUG] [shadow] ui_view: enumpick slot=0 component=global_settings step_observe_want=false
16:53:47.801 [DEBUG] [shadow] ui_view: enumpick slot=0 component=global_settings step_observe_want=false
16:53:47.920 [DEBUG] [spi_timing] Frame(us): total avg=2698 max=2831 | pre avg=97 max=300 | ioctl avg=2585 max=2733 | post avg=14 max=36 | overruns=21
16:53:47.920 [DEBUG] [spi_timing] Pre(us): midi_mon=1/6 fwd_midi=2/69 mix_audio=7/30 ui_req=1/5 param=4/37 fwd_cc=0/2 proc_midi=1/8 jack_stash=1/7 drain_dsp=0/20 jack_wake=0/1 mix_buf=44/76 tts=0/8 display=6/214
16:53:47.920 [DEBUG] [spi_timing] Post(us): clear_leds=2/12 jack_midi=0/0 ui_midi=0/4 flush_leds=6/33 screenreader=0/0 jack_pre=0/3 jack_disp=0/0 pin=0/10 midi_scan=7/24 drain_dsp2=0/1 render=4/25
16:53:47.920 [DEBUG] [spi_timing] Slot render max(us): s0=0 s1=0 s2=0 s3=0 probe_burst_max=0
16:53:47.920 [DEBUG] [spi_timing] Slot synth max(us): s0=0 s1=0 s2=0 s3=0 | Slot fx max(us): s0=0 s1=0 s2=0 s3=0
16:53:48.852 [DEBUG] [shadow] ui_view: enumpick slot=0 component=global_settings step_observe_want=false
16:53:49.902 [DEBUG] [shadow] ui_view: enumpick slot=0 component=global_settings step_observe_want=false
16:53:50.952 [DEBUG] [shadow] ui_view: enumpick slot=0 component=global_settings step_observe_want=false
16:53:52.000 [DEBUG] [shadow] ui_view: enumpick slot=0 component=global_settings step_observe_want=false
16:53:52.920 [DEBUG] [spi_timing] Frame(us): total avg=2701 max=2796 | pre avg=97 max=285 | ioctl avg=2589 max=2706 | post avg=13 max=36 | overruns=21
16:53:52.920 [DEBUG] [spi_timing] Pre(us): midi_mon=1/21 fwd_midi=2/65 mix_audio=7/27 ui_req=1/9 param=4/73 fwd_cc=0/0 proc_midi=1/24 jack_stash=1/11 drain_dsp=0/16 jack_wake=0/6 mix_buf=43/69 tts=0/9 display=6/190
16:53:52.920 [DEBUG] [spi_timing] Post(us): clear_leds=2/6 jack_midi=0/0 ui_midi=0/9 flush_leds=6/22 screenreader=0/0 jack_pre=0/0 jack_disp=0/0 pin=0/3 midi_scan=7/29 drain_dsp2=0/1 render=4/22
16:53:52.920 [DEBUG] [spi_timing] Slot render max(us): s0=0 s1=0 s2=0 s3=0 probe_burst_max=0
16:53:52.920 [DEBUG] [spi_timing] Slot synth max(us): s0=0 s1=0 s2=0 s3=0 | Slot fx max(us): s0=0 s1=0 s2=0 s3=0
16:53:53.051 [DEBUG] [shadow] ui_view: enumpick slot=0 component=global_settings step_observe_want=false
16:53:54.105 [DEBUG] [shadow] ui_view: enumpick slot=0 component=global_settings step_observe_want=false
16:53:55.156 [DEBUG] [shadow] ui_view: enumpick slot=0 component=global_settings step_observe_want=false
16:53:56.206 [DEBUG] [shadow] ui_view: enumpick slot=0 component=global_settings step_observe_want=false
16:53:57.254 [DEBUG] [shadow] ui_view: enumpick slot=0 component=global_settings step_observe_want=false
16:53:57.920 [DEBUG] [spi_timing] Frame(us): total avg=2701 max=2795 | pre avg=96 max=296 | ioctl avg=2589 max=2707 | post avg=13 max=19 | overruns=21
16:53:57.920 [DEBUG] [spi_timing] Pre(us): midi_mon=1/11 fwd_midi=2/65 mix_audio=7/22 ui_req=1/6 param=4/72 fwd_cc=0/0 proc_midi=1/8 jack_stash=1/19 drain_dsp=0/0 jack_wake=0/22 mix_buf=43/72 tts=0/4 display=6/198
16:53:57.920 [DEBUG] [spi_timing] Post(us): clear_leds=2/21 jack_midi=0/0 ui_midi=0/5 flush_leds=6/27 screenreader=0/0 jack_pre=0/0 jack_disp=0/0 pin=0/4 midi_scan=7/13 drain_dsp2=0/1 render=4/9
16:53:57.920 [DEBUG] [spi_timing] Slot render max(us): s0=0 s1=0 s2=0 s3=0 probe_burst_max=0
16:53:57.920 [DEBUG] [spi_timing] Slot synth max(us): s0=0 s1=0 s2=0 s3=0 | Slot fx max(us): s0=0 s1=0 s2=0 s3=0
16:53:58.305 [DEBUG] [shadow] ui_view: enumpick slot=0 component=global_settings step_observe_want=false
16:53:59.362 [DEBUG] [shadow] ui_view: enumpick slot=0 component=global_settings step_observe_want=false
16:54:00.413 [DEBUG] [shadow] ui_view: enumpick slot=0 component=global_settings step_observe_want=false
16:54:01.463 [DEBUG] [shadow] ui_view: enumpick slot=0 component=global_settings step_observe_want=false
16:54:02.514 [DEBUG] [shadow] ui_view: enumpick slot=0 component=global_settings step_observe_want=false
16:54:02.921 [DEBUG] [spi_timing] Frame(us): total avg=2704 max=2804 | pre avg=95 max=292 | ioctl avg=2593 max=2716 | post avg=13 max=35 | overruns=21
16:54:02.921 [DEBUG] [spi_timing] Pre(us): midi_mon=1/23 fwd_midi=2/60 mix_audio=7/26 ui_req=1/23 param=4/28 fwd_cc=0/3 proc_midi=1/19 jack_stash=1/22 drain_dsp=0/3 jack_wake=0/1 mix_buf=43/74 tts=0/18 display=6/190
16:54:02.921 [DEBUG] [spi_timing] Post(us): clear_leds=2/11 jack_midi=0/0 ui_midi=0/4 flush_leds=6/26 screenreader=0/0 jack_pre=0/0 jack_disp=0/0 pin=0/4 midi_scan=7/27 drain_dsp2=0/1 render=4/24
16:54:02.921 [DEBUG] [spi_timing] Slot render max(us): s0=0 s1=0 s2=0 s3=0 probe_burst_max=0
16:54:02.921 [DEBUG] [spi_timing] Slot synth max(us): s0=0 s1=0 s2=0 s3=0 | Slot fx max(us): s0=0 s1=0 s2=0 s3=0
16:54:03.565 [DEBUG] [shadow] ui_view: enumpick slot=0 component=global_settings step_observe_want=false
16:54:04.618 [DEBUG] [shadow] ui_view: enumpick slot=0 component=global_settings step_observe_want=false
16:54:05.669 [DEBUG] [shadow] ui_view: enumpick slot=0 component=global_settings step_observe_want=false
16:54:06.721 [DEBUG] [shadow] ui_view: enumpick slot=0 component=global_settings step_observe_want=false
16:54:07.768 [DEBUG] [shadow] ui_view: enumpick slot=0 component=global_settings step_observe_want=false
16:54:07.921 [DEBUG] [spi_timing] Frame(us): total avg=2700 max=2803 | pre avg=97 max=286 | ioctl avg=2587 max=2715 | post avg=14 max=42 | overruns=21
16:54:07.921 [DEBUG] [spi_timing] Pre(us): midi_mon=1/19 fwd_midi=2/66 mix_audio=7/27 ui_req=1/5 param=4/80 fwd_cc=0/0 proc_midi=1/8 jack_stash=1/11 drain_dsp=0/0 jack_wake=0/15 mix_buf=44/85 tts=0/10 display=6/190
16:54:07.921 [DEBUG] [spi_timing] Post(us): clear_leds=2/26 jack_midi=0/0 ui_midi=0/16 flush_leds=6/24 screenreader=0/0 jack_pre=0/0 jack_disp=0/0 pin=0/7 midi_scan=7/33 drain_dsp2=0/1 render=4/27
16:54:07.921 [DEBUG] [spi_timing] Slot render max(us): s0=0 s1=0 s2=0 s3=0 probe_burst_max=0
16:54:07.921 [DEBUG] [spi_timing] Slot synth max(us): s0=0 s1=0 s2=0 s3=0 | Slot fx max(us): s0=0 s1=0 s2=0 s3=0
16:54:08.819 [DEBUG] [shadow] ui_view: enumpick slot=0 component=global_settings step_observe_want=false
16:54:09.876 [DEBUG] [shadow] ui_view: enumpick slot=0 component=global_settings step_observe_want=false
16:54:10.926 [DEBUG] [shadow] ui_view: enumpick slot=0 component=global_settings step_observe_want=false
16:54:11.977 [DEBUG] [shadow] ui_view: enumpick slot=0 component=global_settings step_observe_want=false
16:54:12.921 [DEBUG] [spi_timing] Frame(us): total avg=2698 max=2818 | pre avg=97 max=296 | ioctl avg=2585 max=2728 | post avg=14 max=33 | overruns=21
16:54:12.921 [DEBUG] [spi_timing] Pre(us): midi_mon=1/14 fwd_midi=2/59 mix_audio=7/27 ui_req=1/5 param=4/120 fwd_cc=0/0 proc_midi=1/9 jack_stash=1/9 drain_dsp=0/1 jack_wake=0/4 mix_buf=44/76 tts=0/7 display=6/187
16:54:12.921 [DEBUG] [spi_timing] Post(us): clear_leds=2/12 jack_midi=0/0 ui_midi=0/9 flush_leds=6/24 screenreader=0/3 jack_pre=0/0 jack_disp=0/0 pin=0/2 midi_scan=7/27 drain_dsp2=0/1 render=4/22
16:54:12.921 [DEBUG] [spi_timing] Slot render max(us): s0=0 s1=0 s2=0 s3=0 probe_burst_max=0
16:54:12.921 [DEBUG] [spi_timing] Slot synth max(us): s0=0 s1=0 s2=0 s3=0 | Slot fx max(us): s0=0 s1=0 s2=0 s3=0
16:54:13.027 [DEBUG] [shadow] ui_view: enumpick slot=0 component=global_settings step_observe_want=false
16:54:14.078 [DEBUG] [shadow] ui_view: enumpick slot=0 component=global_settings step_observe_want=false
16:54:15.132 [DEBUG] [shadow] ui_view: enumpick slot=0 component=global_settings step_observe_want=false
16:54:16.183 [DEBUG] [shadow] ui_view: enumpick slot=0 component=global_settings step_observe_want=false
16:54:17.233 [DEBUG] [shadow] ui_view: enumpick slot=0 component=global_settings step_observe_want=false
16:54:17.922 [DEBUG] [spi_timing] Frame(us): total avg=2698 max=2807 | pre avg=97 max=297 | ioctl avg=2585 max=2708 | post avg=14 max=38 | overruns=21
16:54:17.922 [DEBUG] [spi_timing] Pre(us): midi_mon=1/11 fwd_midi=2/62 mix_audio=7/28 ui_req=1/7 param=4/75 fwd_cc=0/23 proc_midi=1/23 jack_stash=1/5 drain_dsp=0/10 jack_wake=0/1 mix_buf=44/76 tts=0/2 display=6/203
16:54:17.922 [DEBUG] [spi_timing] Post(us): clear_leds=2/23 jack_midi=0/3 ui_midi=0/25 flush_leds=6/31 screenreader=0/0 jack_pre=0/19 jack_disp=0/9 pin=0/10 midi_scan=7/21 drain_dsp2=0/22 render=4/23
16:54:17.922 [DEBUG] [spi_timing] Slot render max(us): s0=0 s1=0 s2=0 s3=0 probe_burst_max=0
16:54:17.922 [DEBUG] [spi_timing] Slot synth max(us): s0=0 s1=0 s2=0 s3=0 | Slot fx max(us): s0=0 s1=0 s2=0 s3=0
16:54:18.284 [DEBUG] [shadow] ui_view: enumpick slot=0 component=global_settings step_observe_want=false
16:54:19.335 [DEBUG] [shadow] ui_view: enumpick slot=0 component=global_settings step_observe_want=false
16:54:20.392 [DEBUG] [shadow] ui_view: enumpick slot=0 component=global_settings step_observe_want=false
16:54:21.443 [DEBUG] [shadow] ui_view: enumpick slot=0 component=global_settings step_observe_want=false
16:54:22.493 [DEBUG] [shadow] ui_view: enumpick slot=0 component=global_settings step_observe_want=false
16:54:22.922 [DEBUG] [spi_timing] Frame(us): total avg=2699 max=2814 | pre avg=97 max=280 | ioctl avg=2586 max=2717 | post avg=14 max=33 | overruns=21
16:54:22.922 [DEBUG] [spi_timing] Pre(us): midi_mon=1/8 fwd_midi=2/87 mix_audio=7/18 ui_req=1/4 param=4/79 fwd_cc=0/0 proc_midi=1/22 jack_stash=1/10 drain_dsp=0/1 jack_wake=0/1 mix_buf=44/71 tts=0/4 display=6/196
16:54:22.924 [DEBUG] [spi_timing] Post(us): clear_leds=2/11 jack_midi=0/0 ui_midi=0/17 flush_leds=6/28 screenreader=0/2 jack_pre=0/0 jack_disp=0/0 pin=0/2 midi_scan=7/25 drain_dsp2=0/1 render=4/21
16:54:22.924 [DEBUG] [spi_timing] Slot render max(us): s0=0 s1=0 s2=0 s3=0 probe_burst_max=0
16:54:22.924 [DEBUG] [spi_timing] Slot synth max(us): s0=0 s1=0 s2=0 s3=0 | Slot fx max(us): s0=0 s1=0 s2=0 s3=0
16:54:23.544 [DEBUG] [shadow] ui_view: enumpick slot=0 component=global_settings step_observe_want=false
16:54:24.595 [DEBUG] [shadow] ui_view: enumpick slot=0 component=global_settings step_observe_want=false
16:54:25.648 [DEBUG] [shadow] ui_view: enumpick slot=0 component=global_settings step_observe_want=false
16:54:26.699 [DEBUG] [shadow] ui_view: enumpick slot=0 component=global_settings step_observe_want=false
16:54:27.679 [DEBUG] [shim] D-Bus signal: net.connman.Clock.PropertyChanged path=/ sender=:1.0 arg0="Time"
16:54:27.748 [DEBUG] [shadow] ui_view: enumpick slot=0 component=global_settings step_observe_want=false
16:54:27.925 [DEBUG] [spi_timing] Frame(us): total avg=2702 max=2806 | pre avg=96 max=276 | ioctl avg=2591 max=2708 | post avg=13 max=36 | overruns=21
16:54:27.925 [DEBUG] [spi_timing] Pre(us): midi_mon=1/21 fwd_midi=2/62 mix_audio=7/23 ui_req=1/17 param=4/24 fwd_cc=0/0 proc_midi=1/22 jack_stash=1/10 drain_dsp=0/2 jack_wake=0/17 mix_buf=43/78 tts=0/2 display=6/190
16:54:27.925 [DEBUG] [spi_timing] Post(us): clear_leds=2/21 jack_midi=0/0 ui_midi=0/4 flush_leds=6/29 screenreader=0/0 jack_pre=0/0 jack_disp=0/0 pin=0/7 midi_scan=7/29 drain_dsp2=0/1 render=4/10
16:54:27.925 [DEBUG] [spi_timing] Slot render max(us): s0=0 s1=0 s2=0 s3=0 probe_burst_max=0
16:54:27.925 [DEBUG] [spi_timing] Slot synth max(us): s0=0 s1=0 s2=0 s3=0 | Slot fx max(us): s0=0 s1=0 s2=0 s3=0
16:54:28.797 [DEBUG] [shadow] ui_view: enumpick slot=0 component=global_settings step_observe_want=false
16:54:29.845 [DEBUG] [shadow] ui_view: enumpick slot=0 component=global_settings step_observe_want=false
16:54:30.902 [DEBUG] [shadow] ui_view: enumpick slot=0 component=global_settings step_observe_want=false
16:54:31.953 [DEBUG] [shadow] ui_view: enumpick slot=0 component=global_settings step_observe_want=false
16:54:32.925 [DEBUG] [spi_timing] Frame(us): total avg=2702 max=2791 | pre avg=96 max=297 | ioctl avg=2590 max=2703 | post avg=13 max=33 | overruns=21
16:54:32.928 [DEBUG] [spi_timing] Pre(us): midi_mon=1/24 fwd_midi=2/64 mix_audio=7/28 ui_req=1/24 param=4/74 fwd_cc=0/0 proc_midi=1/20 jack_stash=1/8 drain_dsp=0/0 jack_wake=0/1 mix_buf=43/79 tts=0/4 display=6/200
16:54:32.928 [DEBUG] [spi_timing] Post(us): clear_leds=2/25 jack_midi=0/0 ui_midi=0/11 flush_leds=6/26 screenreader=0/0 jack_pre=0/1 jack_disp=0/0 pin=0/1 midi_scan=7/13 drain_dsp2=0/1 render=4/22
16:54:32.928 [DEBUG] [spi_timing] Slot render max(us): s0=0 s1=0 s2=0 s3=0 probe_burst_max=0
16:54:32.928 [DEBUG] [spi_timing] Slot synth max(us): s0=0 s1=0 s2=0 s3=0 | Slot fx max(us): s0=0 s1=0 s2=0 s3=0
16:54:33.004 [DEBUG] [shadow] ui_view: enumpick slot=0 component=global_settings step_observe_want=false
16:54:34.054 [DEBUG] [shadow] ui_view: enumpick slot=0 component=global_settings step_observe_want=false
16:54:35.105 [DEBUG] [shadow] ui_view: enumpick slot=0 component=global_settings step_observe_want=false
16:54:36.161 [DEBUG] [shadow] ui_view: enumpick slot=0 component=global_settings step_observe_want=false
16:54:37.209 [DEBUG] [shadow] ui_view: enumpick slot=0 component=global_settings step_observe_want=false
16:54:37.928 [DEBUG] [spi_timing] Frame(us): total avg=2702 max=2809 | pre avg=96 max=274 | ioctl avg=2590 max=2713 | post avg=13 max=44 | overruns=21
16:54:37.928 [DEBUG] [spi_timing] Pre(us): midi_mon=1/5 fwd_midi=2/65 mix_audio=7/28 ui_req=1/18 param=4/69 fwd_cc=0/0 proc_midi=1/8 jack_stash=1/5 drain_dsp=0/0 jack_wake=0/1 mix_buf=43/74 tts=0/20 display=6/184
16:54:37.928 [DEBUG] [spi_timing] Post(us): clear_leds=2/4 jack_midi=0/0 ui_midi=0/3 flush_leds=6/22 screenreader=0/0 jack_pre=0/0 jack_disp=0/0 pin=0/3 midi_scan=7/38 drain_dsp2=0/1 render=4/22
16:54:37.928 [DEBUG] [spi_timing] Slot render max(us): s0=0 s1=0 s2=0 s3=0 probe_burst_max=0
16:54:37.928 [DEBUG] [spi_timing] Slot synth max(us): s0=0 s1=0 s2=0 s3=0 | Slot fx max(us): s0=0 s1=0 s2=0 s3=0
16:54:38.257 [DEBUG] [shadow] ui_view: enumpick slot=0 component=global_settings step_observe_want=false
16:54:39.308 [DEBUG] [shadow] ui_view: enumpick slot=0 component=global_settings step_observe_want=false
16:54:40.358 [DEBUG] [shadow] ui_view: enumpick slot=0 component=global_settings step_observe_want=false
16:54:41.416 [DEBUG] [shadow] ui_view: enumpick slot=0 component=global_settings step_observe_want=false
16:54:42.466 [DEBUG] [shadow] ui_view: enumpick slot=0 component=global_settings step_observe_want=false
16:54:42.928 [DEBUG] [spi_timing] Frame(us): total avg=2701 max=2809 | pre avg=96 max=290 | ioctl avg=2589 max=2697 | post avg=14 max=40 | overruns=21
16:54:42.931 [DEBUG] [spi_timing] Pre(us): midi_mon=1/8 fwd_midi=2/63 mix_audio=7/28 ui_req=1/19 param=4/72 fwd_cc=0/0 proc_midi=1/19 jack_stash=1/5 drain_dsp=0/3 jack_wake=0/16 mix_buf=43/72 tts=0/3 display=6/189
16:54:42.931 [DEBUG] [spi_timing] Post(us): clear_leds=2/13 jack_midi=0/5 ui_midi=0/10 flush_leds=6/25 screenreader=0/0 jack_pre=0/0 jack_disp=0/0 pin=0/1 midi_scan=7/26 drain_dsp2=0/1 render=4/25
16:54:42.931 [DEBUG] [spi_timing] Slot render max(us): s0=0 s1=0 s2=0 s3=0 probe_burst_max=0
16:54:42.931 [DEBUG] [spi_timing] Slot synth max(us): s0=0 s1=0 s2=0 s3=0 | Slot fx max(us): s0=0 s1=0 s2=0 s3=0
16:54:43.514 [DEBUG] [shadow] ui_view: enumpick slot=0 component=global_settings step_observe_want=false
16:54:44.564 [DEBUG] [shadow] ui_view: enumpick slot=0 component=global_settings step_observe_want=false
16:54:45.615 [DEBUG] [shadow] ui_view: enumpick slot=0 component=global_settings step_observe_want=false
16:54:46.668 [DEBUG] [shadow] ui_view: enumpick slot=0 component=global_settings step_observe_want=false
16:54:47.719 [DEBUG] [shadow] ui_view: enumpick slot=0 component=global_settings step_observe_want=false
16:54:47.931 [DEBUG] [spi_timing] Frame(us): total avg=2699 max=2801 | pre avg=97 max=324 | ioctl avg=2586 max=2701 | post avg=14 max=38 | overruns=21
16:54:47.931 [DEBUG] [spi_timing] Pre(us): midi_mon=1/6 fwd_midi=2/62 mix_audio=7/31 ui_req=1/3 param=4/38 fwd_cc=0/0 proc_midi=1/7 jack_stash=1/14 drain_dsp=0/1 jack_wake=0/3 mix_buf=44/79 tts=0/4 display=6/184
16:54:47.931 [DEBUG] [spi_timing] Post(us): clear_leds=2/20 jack_midi=0/2 ui_midi=0/24 flush_leds=6/12 screenreader=0/0 jack_pre=0/0 jack_disp=0/0 pin=0/2 midi_scan=8/29 drain_dsp2=0/1 render=4/23
16:54:47.931 [DEBUG] [spi_timing] Slot render max(us): s0=0 s1=0 s2=0 s3=0 probe_burst_max=0
16:54:47.931 [DEBUG] [spi_timing] Slot synth max(us): s0=0 s1=0 s2=0 s3=0 | Slot fx max(us): s0=0 s1=0 s2=0 s3=0
16:54:48.770 [DEBUG] [shadow] ui_view: enumpick slot=0 component=global_settings step_observe_want=false
16:54:49.821 [DEBUG] [shadow] ui_view: enumpick slot=0 component=global_settings step_observe_want=false
16:54:50.872 [DEBUG] [shadow] ui_view: enumpick slot=0 component=global_settings step_observe_want=false
16:54:51.928 [DEBUG] [shadow] ui_view: enumpick slot=0 component=global_settings step_observe_want=false
16:54:52.931 [DEBUG] [spi_timing] Frame(us): total avg=2699 max=2797 | pre avg=96 max=287 | ioctl avg=2587 max=2703 | post avg=14 max=33 | overruns=21
16:54:52.934 [DEBUG] [spi_timing] Pre(us): midi_mon=1/4 fwd_midi=2/63 mix_audio=7/29 ui_req=1/22 param=4/35 fwd_cc=0/1 proc_midi=1/7 jack_stash=1/24 drain_dsp=0/1 jack_wake=0/1 mix_buf=43/75 tts=0/8 display=6/180
16:54:52.934 [DEBUG] [spi_timing] Post(us): clear_leds=2/27 jack_midi=0/3 ui_midi=0/1 flush_leds=6/30 screenreader=0/4 jack_pre=0/9 jack_disp=0/0 pin=0/4 midi_scan=7/25 drain_dsp2=0/4 render=4/10
16:54:52.934 [DEBUG] [spi_timing] Slot render max(us): s0=0 s1=0 s2=0 s3=0 probe_burst_max=0
16:54:52.934 [DEBUG] [spi_timing] Slot synth max(us): s0=0 s1=0 s2=0 s3=0 | Slot fx max(us): s0=0 s1=0 s2=0 s3=0
16:54:52.979 [DEBUG] [shadow] ui_view: enumpick slot=0 component=global_settings step_observe_want=false
16:54:54.027 [DEBUG] [shadow] ui_view: enumpick slot=0 component=global_settings step_observe_want=false
16:54:55.075 [DEBUG] [shadow] ui_view: enumpick slot=0 component=global_settings step_observe_want=false
16:54:56.125 [DEBUG] [shadow] ui_view: enumpick slot=0 component=global_settings step_observe_want=false
16:54:57.182 [DEBUG] [shadow] ui_view: enumpick slot=0 component=global_settings step_observe_want=false
16:54:57.934 [DEBUG] [spi_timing] Frame(us): total avg=2698 max=2844 | pre avg=97 max=287 | ioctl avg=2585 max=2742 | post avg=14 max=39 | overruns=21
16:54:57.934 [DEBUG] [spi_timing] Pre(us): midi_mon=1/11 fwd_midi=2/66 mix_audio=7/27 ui_req=1/2 param=4/70 fwd_cc=0/0 proc_midi=1/19 jack_stash=1/2 drain_dsp=0/11 jack_wake=0/1 mix_buf=44/71 tts=0/2 display=6/180
16:54:57.934 [DEBUG] [spi_timing] Post(us): clear_leds=2/22 jack_midi=0/2 ui_midi=0/16 flush_leds=6/17 screenreader=0/0 jack_pre=0/0 jack_disp=0/1 pin=0/8 midi_scan=7/23 drain_dsp2=0/1 render=4/10
16:54:57.934 [DEBUG] [spi_timing] Slot render max(us): s0=0 s1=0 s2=0 s3=0 probe_burst_max=0
16:54:57.934 [DEBUG] [spi_timing] Slot synth max(us): s0=0 s1=0 s2=0 s3=0 | Slot fx max(us): s0=0 s1=0 s2=0 s3=0
16:54:58.232 [DEBUG] [shadow] ui_view: enumpick slot=0 component=global_settings step_observe_want=false
16:54:59.283 [DEBUG] [shadow] ui_view: enumpick slot=0 component=global_settings step_observe_want=false
16:55:00.334 [DEBUG] [shadow] ui_view: enumpick slot=0 component=global_settings step_observe_want=false
16:55:01.385 [DEBUG] [shadow] ui_view: enumpick slot=0 component=global_settings step_observe_want=false
16:55:02.442 [DEBUG] [shadow] ui_view: enumpick slot=0 component=global_settings step_observe_want=false
16:55:02.935 [DEBUG] [spi_timing] Frame(us): total avg=2703 max=2804 | pre avg=95 max=292 | ioctl avg=2592 max=2712 | post avg=13 max=37 | overruns=21
16:55:02.935 [DEBUG] [spi_timing] Pre(us): midi_mon=1/23 fwd_midi=2/61 mix_audio=7/27 ui_req=1/21 param=4/25 fwd_cc=0/0 proc_midi=1/8 jack_stash=1/25 drain_dsp=0/19 jack_wake=0/1 mix_buf=43/76 tts=0/2 display=6/184
16:55:02.935 [DEBUG] [spi_timing] Post(us): clear_leds=2/26 jack_midi=0/2 ui_midi=0/4 flush_leds=6/27 screenreader=0/0 jack_pre=0/0 jack_disp=0/0 pin=0/10 midi_scan=7/28 drain_dsp2=0/20 render=4/14
16:55:02.935 [DEBUG] [spi_timing] Slot render max(us): s0=0 s1=0 s2=0 s3=0 probe_burst_max=0
16:55:02.935 [DEBUG] [spi_timing] Slot synth max(us): s0=0 s1=0 s2=0 s3=0 | Slot fx max(us): s0=0 s1=0 s2=0 s3=0
16:55:03.492 [DEBUG] [shadow] ui_view: enumpick slot=0 component=global_settings step_observe_want=false
16:55:04.543 [DEBUG] [shadow] ui_view: enumpick slot=0 component=global_settings step_observe_want=false
16:55:05.593 [DEBUG] [shadow] ui_view: enumpick slot=0 component=global_settings step_observe_want=false
16:55:06.644 [DEBUG] [shadow] ui_view: enumpick slot=0 component=global_settings step_observe_want=false
16:55:07.695 [DEBUG] [shadow] ui_view: enumpick slot=0 component=global_settings step_observe_want=false
16:55:07.935 [DEBUG] [spi_timing] Frame(us): total avg=2703 max=2798 | pre avg=95 max=273 | ioctl avg=2592 max=2702 | post avg=13 max=37 | overruns=21
16:55:07.935 [DEBUG] [spi_timing] Pre(us): midi_mon=1/4 fwd_midi=2/61 mix_audio=7/27 ui_req=1/23 param=4/29 fwd_cc=0/0 proc_midi=1/11 jack_stash=1/18 drain_dsp=0/1 jack_wake=0/1 mix_buf=43/76 tts=0/19 display=6/178
16:55:07.935 [DEBUG] [spi_timing] Post(us): clear_leds=2/23 jack_midi=0/0 ui_midi=0/3 flush_leds=6/22 screenreader=0/0 jack_pre=0/0 jack_disp=0/0 pin=0/2 midi_scan=7/29 drain_dsp2=0/1 render=4/11
16:55:07.935 [DEBUG] [spi_timing] Slot render max(us): s0=0 s1=0 s2=0 s3=0 probe_burst_max=0
16:55:07.935 [DEBUG] [spi_timing] Slot synth max(us): s0=0 s1=0 s2=0 s3=0 | Slot fx max(us): s0=0 s1=0 s2=0 s3=0
16:55:08.746 [DEBUG] [shadow] ui_view: enumpick slot=0 component=global_settings step_observe_want=false
16:55:09.797 [DEBUG] [shadow] ui_view: enumpick slot=0 component=global_settings step_observe_want=false
16:55:10.848 [DEBUG] [shadow] ui_view: enumpick slot=0 component=global_settings step_observe_want=false
16:55:11.898 [DEBUG] [shadow] ui_view: enumpick slot=0 component=global_settings step_observe_want=false
16:55:12.935 [DEBUG] [spi_timing] Frame(us): total avg=2701 max=2797 | pre avg=96 max=282 | ioctl avg=2590 max=2703 | post avg=14 max=35 | overruns=21
16:55:12.936 [DEBUG] [spi_timing] Pre(us): midi_mon=1/22 fwd_midi=2/66 mix_audio=7/14 ui_req=1/10 param=4/25 fwd_cc=0/0 proc_midi=1/7 jack_stash=1/5 drain_dsp=0/1 jack_wake=0/9 mix_buf=43/75 tts=0/25 display=6/180
16:55:12.936 [DEBUG] [spi_timing] Post(us): clear_leds=2/29 jack_midi=0/0 ui_midi=0/28 flush_leds=6/24 screenreader=0/1 jack_pre=0/2 jack_disp=0/4 pin=0/20 midi_scan=7/26 drain_dsp2=0/1 render=4/24
16:55:12.936 [DEBUG] [spi_timing] Slot render max(us): s0=0 s1=0 s2=0 s3=0 probe_burst_max=0
16:55:12.936 [DEBUG] [spi_timing] Slot synth max(us): s0=0 s1=0 s2=0 s3=0 | Slot fx max(us): s0=0 s1=0 s2=0 s3=0
16:55:12.952 [DEBUG] [shadow] ui_view: enumpick slot=0 component=global_settings step_observe_want=false
16:55:14.002 [DEBUG] [shadow] ui_view: enumpick slot=0 component=global_settings step_observe_want=false
16:55:15.050 [DEBUG] [shadow] ui_view: enumpick slot=0 component=global_settings step_observe_want=false
16:55:16.102 [DEBUG] [shadow] ui_view: enumpick slot=0 component=global_settings step_observe_want=false
16:55:17.151 [DEBUG] [shadow] ui_view: enumpick slot=0 component=global_settings step_observe_want=false
16:55:17.936 [DEBUG] [spi_timing] Frame(us): total avg=2701 max=2796 | pre avg=96 max=277 | ioctl avg=2589 max=2700 | post avg=14 max=35 | overruns=21
16:55:17.936 [DEBUG] [spi_timing] Pre(us): midi_mon=1/14 fwd_midi=2/62 mix_audio=7/18 ui_req=1/11 param=4/24 fwd_cc=0/0 proc_midi=1/22 jack_stash=1/11 drain_dsp=0/1 jack_wake=0/18 mix_buf=44/72 tts=0/8 display=6/192
16:55:17.936 [DEBUG] [spi_timing] Post(us): clear_leds=2/13 jack_midi=0/3 ui_midi=0/21 flush_leds=6/28 screenreader=0/0 jack_pre=0/0 jack_disp=0/7 pin=0/8 midi_scan=7/28 drain_dsp2=0/1 render=4/24
16:55:17.936 [DEBUG] [spi_timing] Slot render max(us): s0=0 s1=0 s2=0 s3=0 probe_burst_max=0
16:55:17.936 [DEBUG] [spi_timing] Slot synth max(us): s0=0 s1=0 s2=0 s3=0 | Slot fx max(us): s0=0 s1=0 s2=0 s3=0
16:55:18.202 [DEBUG] [shadow] ui_view: enumpick slot=0 component=global_settings step_observe_want=false
16:55:19.254 [DEBUG] [shadow] ui_view: enumpick slot=0 component=global_settings step_observe_want=false
16:55:20.304 [DEBUG] [shadow] ui_view: enumpick slot=0 component=global_settings step_observe_want=false
16:55:21.355 [DEBUG] [shadow] ui_view: enumpick slot=0 component=global_settings step_observe_want=false
16:55:22.406 [DEBUG] [shadow] ui_view: enumpick slot=0 component=global_settings step_observe_want=false
16:55:22.936 [DEBUG] [spi_timing] Frame(us): total avg=2699 max=2815 | pre avg=97 max=307 | ioctl avg=2587 max=2716 | post avg=14 max=34 | overruns=21
16:55:22.936 [DEBUG] [spi_timing] Pre(us): midi_mon=1/21 fwd_midi=2/68 mix_audio=7/30 ui_req=1/21 param=4/77 fwd_cc=0/0 proc_midi=1/7 jack_stash=1/8 drain_dsp=0/0 jack_wake=0/1 mix_buf=44/74 tts=0/9 display=6/192
16:55:22.936 [DEBUG] [spi_timing] Post(us): clear_leds=2/17 jack_midi=0/1 ui_midi=0/10 flush_leds=6/29 screenreader=0/0 jack_pre=0/0 jack_disp=0/22 pin=0/20 midi_scan=7/24 drain_dsp2=0/1 render=4/23
16:55:22.936 [DEBUG] [spi_timing] Slot render max(us): s0=0 s1=0 s2=0 s3=0 probe_burst_max=0
16:55:22.936 [DEBUG] [spi_timing] Slot synth max(us): s0=0 s1=0 s2=0 s3=0 | Slot fx max(us): s0=0 s1=0 s2=0 s3=0
16:55:23.459 [DEBUG] [shadow] ui_view: enumpick slot=0 component=global_settings step_observe_want=false
16:55:24.510 [DEBUG] [shadow] ui_view: enumpick slot=0 component=global_settings step_observe_want=false
16:55:25.561 [DEBUG] [shadow] ui_view: enumpick slot=0 component=global_settings step_observe_want=false
16:55:26.612 [DEBUG] [shadow] ui_view: enumpick slot=0 component=global_settings step_observe_want=false
16:55:27.662 [DEBUG] [shadow] ui_view: enumpick slot=0 component=global_settings step_observe_want=false
16:55:27.936 [DEBUG] [spi_timing] Frame(us): total avg=2703 max=2795 | pre avg=96 max=282 | ioctl avg=2592 max=2704 | post avg=13 max=40 | overruns=21
16:55:27.936 [DEBUG] [spi_timing] Pre(us): midi_mon=1/5 fwd_midi=2/63 mix_audio=7/27 ui_req=1/21 param=4/32 fwd_cc=0/20 proc_midi=1/15 jack_stash=1/23 drain_dsp=0/1 jack_wake=0/16 mix_buf=43/79 tts=0/4 display=6/189
16:55:27.937 [DEBUG] [spi_timing] Post(us): clear_leds=2/29 jack_midi=0/1 ui_midi=0/3 flush_leds=6/31 screenreader=0/0 jack_pre=0/0 jack_disp=0/8 pin=0/20 midi_scan=7/27 drain_dsp2=0/1 render=4/29
16:55:27.937 [DEBUG] [spi_timing] Slot render max(us): s0=0 s1=0 s2=0 s3=0 probe_burst_max=0
16:55:27.937 [DEBUG] [spi_timing] Slot synth max(us): s0=0 s1=0 s2=0 s3=0 | Slot fx max(us): s0=0 s1=0 s2=0 s3=0
16:55:28.718 [DEBUG] [shadow] ui_view: enumpick slot=0 component=global_settings step_observe_want=false
16:55:29.769 [DEBUG] [shadow] ui_view: enumpick slot=0 component=global_settings step_observe_want=false
16:55:30.820 [DEBUG] [shadow] ui_view: enumpick slot=0 component=global_settings step_observe_want=false
16:55:31.871 [DEBUG] [shadow] ui_view: enumpick slot=0 component=global_settings step_observe_want=false
16:55:32.922 [DEBUG] [shadow] ui_view: enumpick slot=0 component=global_settings step_observe_want=false
16:55:32.937 [DEBUG] [spi_timing] Frame(us): total avg=2701 max=2800 | pre avg=96 max=288 | ioctl avg=2590 max=2710 | post avg=14 max=32 | overruns=21
16:55:32.937 [DEBUG] [spi_timing] Pre(us): midi_mon=1/9 fwd_midi=2/66 mix_audio=7/22 ui_req=1/11 param=4/36 fwd_cc=0/0 proc_midi=1/7 jack_stash=1/20 drain_dsp=0/17 jack_wake=0/10 mix_buf=43/74 tts=0/8 display=6/204
16:55:32.937 [DEBUG] [spi_timing] Post(us): clear_leds=2/23 jack_midi=0/0 ui_midi=0/9 flush_leds=6/25 screenreader=0/0 jack_pre=0/0 jack_disp=0/2 pin=0/1 midi_scan=8/25 drain_dsp2=0/1 render=4/22
16:55:32.937 [DEBUG] [spi_timing] Slot render max(us): s0=0 s1=0 s2=0 s3=0 probe_burst_max=0
16:55:32.937 [DEBUG] [spi_timing] Slot synth max(us): s0=0 s1=0 s2=0 s3=0 | Slot fx max(us): s0=0 s1=0 s2=0 s3=0
16:55:33.972 [DEBUG] [shadow] ui_view: enumpick slot=0 component=global_settings step_observe_want=false
16:55:35.020 [DEBUG] [shadow] ui_view: enumpick slot=0 component=global_settings step_observe_want=false
16:55:36.071 [DEBUG] [shadow] ui_view: enumpick slot=0 component=global_settings step_observe_want=false
16:55:37.122 [DEBUG] [shadow] ui_view: enumpick slot=0 component=global_settings step_observe_want=false
16:55:37.937 [DEBUG] [spi_timing] Frame(us): total avg=2699 max=2788 | pre avg=97 max=281 | ioctl avg=2585 max=2694 | post avg=14 max=34 | overruns=21
16:55:37.937 [DEBUG] [spi_timing] Pre(us): midi_mon=1/24 fwd_midi=2/64 mix_audio=7/28 ui_req=1/19 param=4/75 fwd_cc=0/0 proc_midi=1/19 jack_stash=1/11 drain_dsp=0/0 jack_wake=0/4 mix_buf=44/69 tts=0/2 display=6/188
16:55:37.937 [DEBUG] [spi_timing] Post(us): clear_leds=2/23 jack_midi=0/3 ui_midi=0/22 flush_leds=6/31 screenreader=0/0 jack_pre=0/0 jack_disp=0/29 pin=0/4 midi_scan=7/25 drain_dsp2=0/1 render=4/24
16:55:37.937 [DEBUG] [spi_timing] Slot render max(us): s0=0 s1=0 s2=0 s3=0 probe_burst_max=0
16:55:37.937 [DEBUG] [spi_timing] Slot synth max(us): s0=0 s1=0 s2=0 s3=0 | Slot fx max(us): s0=0 s1=0 s2=0 s3=0
16:55:38.172 [DEBUG] [shadow] ui_view: enumpick slot=0 component=global_settings step_observe_want=false
16:55:39.226 [DEBUG] [shadow] ui_view: enumpick slot=0 component=global_settings step_observe_want=false
16:55:40.278 [DEBUG] [shadow] ui_view: enumpick slot=0 component=global_settings step_observe_want=false
16:55:41.327 [DEBUG] [shadow] ui_view: enumpick slot=0 component=global_settings step_observe_want=false
16:55:42.378 [DEBUG] [shadow] ui_view: enumpick slot=0 component=global_settings step_observe_want=false
16:55:42.937 [DEBUG] [spi_timing] Frame(us): total avg=2698 max=2806 | pre avg=97 max=342 | ioctl avg=2584 max=2712 | post avg=14 max=41 | overruns=21
16:55:42.937 [DEBUG] [spi_timing] Pre(us): midi_mon=1/8 fwd_midi=2/61 mix_audio=7/35 ui_req=1/4 param=4/78 fwd_cc=0/6 proc_midi=1/25 jack_stash=1/14 drain_dsp=0/0 jack_wake=0/3 mix_buf=44/72 tts=0/4 display=6/230
16:55:42.937 [DEBUG] [spi_timing] Post(us): clear_leds=2/12 jack_midi=0/22 ui_midi=0/4 flush_leds=6/29 screenreader=0/0 jack_pre=0/1 jack_disp=0/0 pin=0/4 midi_scan=8/31 drain_dsp2=0/6 render=4/24
16:55:42.937 [DEBUG] [spi_timing] Slot render max(us): s0=0 s1=0 s2=0 s3=0 probe_burst_max=0
16:55:42.938 [DEBUG] [spi_timing] Slot synth max(us): s0=0 s1=0 s2=0 s3=0 | Slot fx max(us): s0=0 s1=0 s2=0 s3=0
16:55:43.429 [DEBUG] [shadow] ui_view: enumpick slot=0 component=global_settings step_observe_want=false
16:55:44.483 [DEBUG] [shadow] ui_view: enumpick slot=0 component=global_settings step_observe_want=false
16:55:45.533 [DEBUG] [shadow] ui_view: enumpick slot=0 component=global_settings step_observe_want=false
16:55:46.584 [DEBUG] [shadow] ui_view: enumpick slot=0 component=global_settings step_observe_want=false
16:55:47.635 [DEBUG] [shadow] ui_view: enumpick slot=0 component=global_settings step_observe_want=false
16:55:47.938 [DEBUG] [spi_timing] Frame(us): total avg=2700 max=2806 | pre avg=97 max=274 | ioctl avg=2587 max=2706 | post avg=14 max=41 | overruns=21
16:55:47.938 [DEBUG] [spi_timing] Pre(us): midi_mon=1/22 fwd_midi=2/65 mix_audio=7/15 ui_req=1/7 param=4/77 fwd_cc=0/2 proc_midi=1/24 jack_stash=1/15 drain_dsp=0/3 jack_wake=0/1 mix_buf=43/78 tts=0/5 display=6/188
16:55:47.938 [DEBUG] [spi_timing] Post(us): clear_leds=2/11 jack_midi=0/0 ui_midi=0/2 flush_leds=6/30 screenreader=0/0 jack_pre=0/0 jack_disp=0/17 pin=0/9 midi_scan=7/27 drain_dsp2=0/6 render=4/24
16:55:47.938 [DEBUG] [spi_timing] Slot render max(us): s0=0 s1=0 s2=0 s3=0 probe_burst_max=0
16:55:47.938 [DEBUG] [spi_timing] Slot synth max(us): s0=0 s1=0 s2=0 s3=0 | Slot fx max(us): s0=0 s1=0 s2=0 s3=0
16:55:48.683 [DEBUG] [shadow] ui_view: enumpick slot=0 component=global_settings step_observe_want=false
16:55:49.739 [DEBUG] [shadow] ui_view: enumpick slot=0 component=global_settings step_observe_want=false
16:55:50.790 [DEBUG] [shadow] ui_view: enumpick slot=0 component=global_settings step_observe_want=false
16:55:51.841 [DEBUG] [shadow] ui_view: enumpick slot=0 component=global_settings step_observe_want=false
16:55:52.888 [DEBUG] [shadow] ui_view: enumpick slot=0 component=global_settings step_observe_want=false
16:55:52.938 [DEBUG] [spi_timing] Frame(us): total avg=2698 max=2809 | pre avg=97 max=280 | ioctl avg=2585 max=2710 | post avg=14 max=37 | overruns=21
16:55:52.941 [DEBUG] [spi_timing] Pre(us): midi_mon=1/5 fwd_midi=2/62 mix_audio=7/23 ui_req=1/16 param=4/25 fwd_cc=0/0 proc_midi=1/11 jack_stash=1/11 drain_dsp=0/1 jack_wake=0/19 mix_buf=44/79 tts=0/2 display=6/190
16:55:52.941 [DEBUG] [spi_timing] Post(us): clear_leds=2/26 jack_midi=0/0 ui_midi=0/22 flush_leds=6/14 screenreader=0/0 jack_pre=0/2 jack_disp=0/0 pin=0/4 midi_scan=7/26 drain_dsp2=0/1 render=4/25
16:55:52.941 [DEBUG] [spi_timing] Slot render max(us): s0=0 s1=0 s2=0 s3=0 probe_burst_max=0
16:55:52.941 [DEBUG] [spi_timing] Slot synth max(us): s0=0 s1=0 s2=0 s3=0 | Slot fx max(us): s0=0 s1=0 s2=0 s3=0
16:55:53.937 [DEBUG] [shadow] ui_view: enumpick slot=0 component=global_settings step_observe_want=false
16:55:54.993 [DEBUG] [shadow] ui_view: enumpick slot=0 component=global_settings step_observe_want=false
16:55:56.044 [DEBUG] [shadow] ui_view: enumpick slot=0 component=global_settings step_observe_want=false
16:55:57.094 [DEBUG] [shadow] ui_view: enumpick slot=0 component=global_settings step_observe_want=false
16:55:57.941 [DEBUG] [spi_timing] Frame(us): total avg=2703 max=2812 | pre avg=96 max=281 | ioctl avg=2592 max=2712 | post avg=13 max=37 | overruns=21
16:55:57.958 [DEBUG] [spi_timing] Pre(us): midi_mon=1/21 fwd_midi=2/80 mix_audio=7/29 ui_req=1/4 param=4/77 fwd_cc=0/0 proc_midi=1/19 jack_stash=1/21 drain_dsp=0/1 jack_wake=0/4 mix_buf=43/72 tts=0/8 display=6/200
16:55:57.958 [DEBUG] [spi_timing] Post(us): clear_leds=2/13 jack_midi=0/2 ui_midi=0/10 flush_leds=6/26 screenreader=0/0 jack_pre=0/0 jack_disp=0/0 pin=0/1 midi_scan=7/29 drain_dsp2=0/7 render=4/23
16:55:57.958 [DEBUG] [spi_timing] Slot render max(us): s0=0 s1=0 s2=0 s3=0 probe_burst_max=0
16:55:57.958 [DEBUG] [spi_timing] Slot synth max(us): s0=0 s1=0 s2=0 s3=0 | Slot fx max(us): s0=0 s1=0 s2=0 s3=0
16:55:58.142 [DEBUG] [shadow] ui_view: enumpick slot=0 component=global_settings step_observe_want=false
16:55:59.193 [DEBUG] [shadow] ui_view: enumpick slot=0 component=global_settings step_observe_want=false
16:56:00.250 [DEBUG] [shadow] ui_view: enumpick slot=0 component=global_settings step_observe_want=false
16:56:01.300 [DEBUG] [shadow] ui_view: enumpick slot=0 component=global_settings step_observe_want=false
16:56:02.351 [DEBUG] [shadow] ui_view: enumpick slot=0 component=global_settings step_observe_want=false
16:56:02.958 [DEBUG] [spi_timing] Frame(us): total avg=2702 max=2793 | pre avg=96 max=265 | ioctl avg=2590 max=2704 | post avg=14 max=40 | overruns=21
16:56:02.958 [DEBUG] [spi_timing] Pre(us): midi_mon=1/25 fwd_midi=2/64 mix_audio=7/23 ui_req=1/21 param=4/73 fwd_cc=0/0 proc_midi=1/21 jack_stash=1/19 drain_dsp=0/1 jack_wake=0/17 mix_buf=43/72 tts=0/4 display=6/185
16:56:02.958 [DEBUG] [spi_timing] Post(us): clear_leds=2/13 jack_midi=0/0 ui_midi=0/8 flush_leds=6/24 screenreader=0/0 jack_pre=0/4 jack_disp=0/0 pin=0/3 midi_scan=7/25 drain_dsp2=0/1 render=4/29
16:56:02.958 [DEBUG] [spi_timing] Slot render max(us): s0=0 s1=0 s2=0 s3=0 probe_burst_max=0
16:56:02.958 [DEBUG] [spi_timing] Slot synth max(us): s0=0 s1=0 s2=0 s3=0 | Slot fx max(us): s0=0 s1=0 s2=0 s3=0
16:56:03.402 [DEBUG] [shadow] ui_view: enumpick slot=0 component=global_settings step_observe_want=false
16:56:04.452 [DEBUG] [shadow] ui_view: enumpick slot=0 component=global_settings step_observe_want=false
16:56:05.507 [DEBUG] [shadow] ui_view: enumpick slot=0 component=global_settings step_observe_want=false
16:56:06.557 [DEBUG] [shadow] ui_view: enumpick slot=0 component=global_settings step_observe_want=false
16:56:07.608 [DEBUG] [shadow] ui_view: enumpick slot=0 component=global_settings step_observe_want=false
16:56:07.958 [DEBUG] [spi_timing] Frame(us): total avg=2702 max=2802 | pre avg=96 max=269 | ioctl avg=2591 max=2700 | post avg=14 max=36 | overruns=21
16:56:07.958 [DEBUG] [spi_timing] Pre(us): midi_mon=1/11 fwd_midi=2/64 mix_audio=7/27 ui_req=1/5 param=4/71 fwd_cc=0/0 proc_midi=1/7 jack_stash=1/11 drain_dsp=0/1 jack_wake=0/9 mix_buf=43/68 tts=0/25 display=6/176
16:56:07.959 [DEBUG] [spi_timing] Post(us): clear_leds=2/7 jack_midi=0/0 ui_midi=0/2 flush_leds=6/21 screenreader=0/0 jack_pre=0/3 jack_disp=0/25 pin=0/8 midi_scan=8/28 drain_dsp2=0/6 render=4/18
16:56:07.959 [DEBUG] [spi_timing] Slot render max(us): s0=0 s1=0 s2=0 s3=0 probe_burst_max=0
16:56:07.959 [DEBUG] [spi_timing] Slot synth max(us): s0=0 s1=0 s2=0 s3=0 | Slot fx max(us): s0=0 s1=0 s2=0 s3=0
16:56:08.658 [DEBUG] [shadow] ui_view: enumpick slot=0 component=global_settings step_observe_want=false
16:56:09.709 [DEBUG] [shadow] ui_view: enumpick slot=0 component=global_settings step_observe_want=false
16:56:10.763 [DEBUG] [shadow] ui_view: enumpick slot=0 component=global_settings step_observe_want=false
16:56:11.814 [DEBUG] [shadow] ui_view: enumpick slot=0 component=global_settings step_observe_want=false
16:56:12.864 [DEBUG] [shadow] ui_view: enumpick slot=0 component=global_settings step_observe_want=false
16:56:12.959 [DEBUG] [spi_timing] Frame(us): total avg=2701 max=2804 | pre avg=96 max=265 | ioctl avg=2589 max=2712 | post avg=14 max=36 | overruns=21
16:56:12.959 [DEBUG] [spi_timing] Pre(us): midi_mon=1/24 fwd_midi=2/64 mix_audio=7/33 ui_req=1/8 param=4/74 fwd_cc=0/0 proc_midi=1/8 jack_stash=1/21 drain_dsp=0/8 jack_wake=0/1 mix_buf=43/74 tts=0/10 display=6/186
16:56:12.959 [DEBUG] [spi_timing] Post(us): clear_leds=2/6 jack_midi=0/0 ui_midi=0/3 flush_leds=6/23 screenreader=0/0 jack_pre=0/0 jack_disp=0/0 pin=0/1 midi_scan=7/27 drain_dsp2=0/1 render=4/21
16:56:12.959 [DEBUG] [spi_timing] Slot render max(us): s0=0 s1=0 s2=0 s3=0 probe_burst_max=0
16:56:12.959 [DEBUG] [spi_timing] Slot synth max(us): s0=0 s1=0 s2=0 s3=0 | Slot fx max(us): s0=0 s1=0 s2=0 s3=0
16:56:13.915 [DEBUG] [shadow] ui_view: enumpick slot=0 component=global_settings step_observe_want=false
16:56:14.966 [DEBUG] [shadow] ui_view: enumpick slot=0 component=global_settings step_observe_want=false
16:56:16.023 [DEBUG] [shadow] ui_view: enumpick slot=0 component=global_settings step_observe_want=false
16:56:17.073 [DEBUG] [shadow] ui_view: enumpick slot=0 component=global_settings step_observe_want=false
16:56:17.960 [DEBUG] [spi_timing] Frame(us): total avg=2698 max=2809 | pre avg=97 max=299 | ioctl avg=2586 max=2717 | post avg=14 max=44 | overruns=21
16:56:17.960 [DEBUG] [spi_timing] Pre(us): midi_mon=1/6 fwd_midi=2/62 mix_audio=7/27 ui_req=1/16 param=4/32 fwd_cc=0/0 proc_midi=1/8 jack_stash=1/22 drain_dsp=0/1 jack_wake=0/1 mix_buf=43/69 tts=0/17 display=6/204
16:56:17.960 [DEBUG] [spi_timing] Post(us): clear_leds=2/27 jack_midi=0/0 ui_midi=0/2 flush_leds=6/29 screenreader=0/2 jack_pre=0/5 jack_disp=0/3 pin=0/3 midi_scan=7/34 drain_dsp2=0/1 render=4/12
16:56:17.960 [DEBUG] [spi_timing] Slot render max(us): s0=0 s1=0 s2=0 s3=0 probe_burst_max=0
16:56:17.960 [DEBUG] [spi_timing] Slot synth max(us): s0=0 s1=0 s2=0 s3=0 | Slot fx max(us): s0=0 s1=0 s2=0 s3=0
16:56:18.124 [DEBUG] [shadow] ui_view: enumpick slot=0 component=global_settings step_observe_want=false
16:56:19.174 [DEBUG] [shadow] ui_view: enumpick slot=0 component=global_settings step_observe_want=false
16:56:20.223 [DEBUG] [shadow] ui_view: enumpick slot=0 component=global_settings step_observe_want=false
16:56:21.279 [DEBUG] [shadow] ui_view: enumpick slot=0 component=global_settings step_observe_want=false
16:56:22.326 [DEBUG] [shadow] ui_view: enumpick slot=0 component=global_settings step_observe_want=false
16:56:22.960 [DEBUG] [spi_timing] Frame(us): total avg=2700 max=2831 | pre avg=97 max=293 | ioctl avg=2587 max=2734 | post avg=14 max=35 | overruns=21
16:56:22.960 [DEBUG] [spi_timing] Pre(us): midi_mon=1/20 fwd_midi=2/71 mix_audio=7/23 ui_req=1/12 param=4/73 fwd_cc=0/0 proc_midi=1/21 jack_stash=1/10 drain_dsp=0/3 jack_wake=0/16 mix_buf=43/73 tts=0/2 display=6/206
16:56:22.960 [DEBUG] [spi_timing] Post(us): clear_leds=2/29 jack_midi=0/1 ui_midi=0/4 flush_leds=6/26 screenreader=0/0 jack_pre=0/0 jack_disp=0/7 pin=0/18 midi_scan=7/28 drain_dsp2=0/1 render=4/21
16:56:22.960 [DEBUG] [spi_timing] Slot render max(us): s0=0 s1=0 s2=0 s3=0 probe_burst_max=0
16:56:22.960 [DEBUG] [spi_timing] Slot synth max(us): s0=0 s1=0 s2=0 s3=0 | Slot fx max(us): s0=0 s1=0 s2=0 s3=0
16:56:23.375 [DEBUG] [shadow] ui_view: enumpick slot=0 component=global_settings step_observe_want=false
16:56:24.426 [DEBUG] [shadow] ui_view: enumpick slot=0 component=global_settings step_observe_want=false
16:56:25.375 [DEBUG] [shim] D-Bus signal: org.freedesktop.DBus.ObjectManager.InterfacesRemoved path=/ sender=:1.0
16:56:25.375 [DEBUG] [shim] D-Bus signal: org.freedesktop.DBus.ObjectManager.InterfacesRemoved path=/ sender=:1.0
16:56:25.375 [DEBUG] [shim] D-Bus signal: org.freedesktop.DBus.ObjectManager.InterfacesRemoved path=/ sender=:1.0
16:56:25.476 [DEBUG] [shim] D-Bus signal: net.connman.Manager.ServicesChanged path=/ sender=:1.0
16:56:25.476 [DEBUG] [shadow] ui_view: enumpick slot=0 component=global_settings step_observe_want=false
16:56:26.530 [DEBUG] [shadow] ui_view: enumpick slot=0 component=global_settings step_observe_want=false
16:56:27.580 [DEBUG] [shadow] ui_view: enumpick slot=0 component=global_settings step_observe_want=false
16:56:27.960 [DEBUG] [spi_timing] Frame(us): total avg=2698 max=2808 | pre avg=98 max=295 | ioctl avg=2585 max=2715 | post avg=14 max=37 | overruns=21
16:56:27.960 [DEBUG] [spi_timing] Pre(us): midi_mon=1/11 fwd_midi=2/67 mix_audio=7/28 ui_req=1/3 param=4/72 fwd_cc=0/0 proc_midi=1/15 jack_stash=1/11 drain_dsp=0/0 jack_wake=0/10 mix_buf=44/75 tts=0/4 display=6/197
16:56:27.960 [DEBUG] [spi_timing] Post(us): clear_leds=2/21 jack_midi=0/0 ui_midi=0/4 flush_leds=6/30 screenreader=0/0 jack_pre=0/21 jack_disp=0/0 pin=0/3 midi_scan=8/28 drain_dsp2=0/1 render=4/22
16:56:27.960 [DEBUG] [spi_timing] Slot render max(us): s0=0 s1=0 s2=0 s3=0 probe_burst_max=0
16:56:27.960 [DEBUG] [spi_timing] Slot synth max(us): s0=0 s1=0 s2=0 s3=0 | Slot fx max(us): s0=0 s1=0 s2=0 s3=0
16:56:28.632 [DEBUG] [shadow] ui_view: enumpick slot=0 component=global_settings step_observe_want=false
16:56:29.682 [DEBUG] [shadow] ui_view: enumpick slot=0 component=global_settings step_observe_want=false
16:56:30.733 [DEBUG] [shadow] ui_view: enumpick slot=0 component=global_settings step_observe_want=false
16:56:31.790 [DEBUG] [shadow] ui_view: enumpick slot=0 component=global_settings step_observe_want=false
16:56:32.840 [DEBUG] [shadow] ui_view: enumpick slot=0 component=global_settings step_observe_want=false
16:56:32.960 [DEBUG] [spi_timing] Frame(us): total avg=2702 max=2791 | pre avg=96 max=310 | ioctl avg=2591 max=2692 | post avg=14 max=39 | overruns=21
16:56:32.961 [DEBUG] [spi_timing] Pre(us): midi_mon=1/19 fwd_midi=2/66 mix_audio=7/27 ui_req=1/12 param=4/24 fwd_cc=0/0 proc_midi=1/24 jack_stash=1/12 drain_dsp=0/0 jack_wake=0/1 mix_buf=43/76 tts=0/12 display=6/192
16:56:32.961 [DEBUG] [spi_timing] Post(us): clear_leds=2/8 jack_midi=0/0 ui_midi=0/10 flush_leds=6/25 screenreader=0/0 jack_pre=0/0 jack_disp=0/2 pin=0/18 midi_scan=7/32 drain_dsp2=0/21 render=4/22
16:56:32.961 [DEBUG] [spi_timing] Slot render max(us): s0=0 s1=0 s2=0 s3=0 probe_burst_max=0
16:56:32.961 [DEBUG] [spi_timing] Slot synth max(us): s0=0 s1=0 s2=0 s3=0 | Slot fx max(us): s0=0 s1=0 s2=0 s3=0
16:56:33.888 [DEBUG] [shadow] ui_view: enumpick slot=0 component=global_settings step_observe_want=false
16:56:34.939 [DEBUG] [shadow] ui_view: enumpick slot=0 component=global_settings step_observe_want=false
16:56:35.990 [DEBUG] [shadow] ui_view: enumpick slot=0 component=global_settings step_observe_want=false
16:56:37.046 [DEBUG] [shadow] ui_view: enumpick slot=0 component=global_settings step_observe_want=false
16:56:37.961 [DEBUG] [spi_timing] Frame(us): total avg=2703 max=2801 | pre avg=96 max=279 | ioctl avg=2592 max=2705 | post avg=13 max=28 | overruns=21
16:56:37.961 [DEBUG] [spi_timing] Pre(us): midi_mon=1/15 fwd_midi=2/71 mix_audio=7/22 ui_req=1/2 param=4/28 fwd_cc=0/0 proc_midi=1/9 jack_stash=1/5 drain_dsp=0/0 jack_wake=0/3 mix_buf=43/81 tts=0/4 display=6/182
16:56:37.961 [DEBUG] [spi_timing] Post(us): clear_leds=2/8 jack_midi=0/3 ui_midi=0/20 flush_leds=6/17 screenreader=0/0 jack_pre=0/0 jack_disp=0/0 pin=0/16 midi_scan=7/22 drain_dsp2=0/5 render=4/20
16:56:37.961 [DEBUG] [spi_timing] Slot render max(us): s0=0 s1=0 s2=0 s3=0 probe_burst_max=0
16:56:37.961 [DEBUG] [spi_timing] Slot synth max(us): s0=0 s1=0 s2=0 s3=0 | Slot fx max(us): s0=0 s1=0 s2=0 s3=0
16:56:38.097 [DEBUG] [shadow] ui_view: enumpick slot=0 component=global_settings step_observe_want=false
16:56:39.147 [DEBUG] [shadow] ui_view: enumpick slot=0 component=global_settings step_observe_want=false
16:56:40.198 [DEBUG] [shadow] ui_view: enumpick slot=0 component=global_settings step_observe_want=false
16:56:41.249 [DEBUG] [shadow] ui_view: enumpick slot=0 component=global_settings step_observe_want=false
16:56:42.305 [DEBUG] [shadow] ui_view: enumpick slot=0 component=global_settings step_observe_want=false
16:56:42.961 [DEBUG] [spi_timing] Frame(us): total avg=2704 max=2815 | pre avg=95 max=280 | ioctl avg=2594 max=2722 | post avg=13 max=41 | overruns=21
16:56:42.961 [DEBUG] [spi_timing] Pre(us): midi_mon=1/22 fwd_midi=2/62 mix_audio=7/27 ui_req=1/21 param=4/34 fwd_cc=0/20 proc_midi=1/21 jack_stash=1/2 drain_dsp=0/10 jack_wake=0/1 mix_buf=43/74 tts=0/2 display=6/185
16:56:42.961 [DEBUG] [spi_timing] Post(us): clear_leds=2/10 jack_midi=0/0 ui_midi=0/11 flush_leds=6/27 screenreader=0/0 jack_pre=0/0 jack_disp=0/0 pin=0/20 midi_scan=7/33 drain_dsp2=0/1 render=4/19
16:56:42.961 [DEBUG] [spi_timing] Slot render max(us): s0=0 s1=0 s2=0 s3=0 probe_burst_max=0
16:56:42.961 [DEBUG] [spi_timing] Slot synth max(us): s0=0 s1=0 s2=0 s3=0 | Slot fx max(us): s0=0 s1=0 s2=0 s3=0
16:56:43.356 [DEBUG] [shadow] ui_view: enumpick slot=0 component=global_settings step_observe_want=false
16:56:44.407 [DEBUG] [shadow] ui_view: enumpick slot=0 component=global_settings step_observe_want=false
16:56:45.458 [DEBUG] [shadow] ui_view: enumpick slot=0 component=global_settings step_observe_want=false
16:56:46.508 [DEBUG] [shadow] ui_view: enumpick slot=0 component=global_settings step_observe_want=false
16:56:47.565 [DEBUG] [shadow] ui_view: enumpick slot=0 component=global_settings step_observe_want=false
16:56:47.961 [DEBUG] [spi_timing] Frame(us): total avg=2703 max=2816 | pre avg=95 max=274 | ioctl avg=2592 max=2720 | post avg=13 max=30 | overruns=21
16:56:47.961 [DEBUG] [spi_timing] Pre(us): midi_mon=1/12 fwd_midi=2/61 mix_audio=7/27 ui_req=1/22 param=4/72 fwd_cc=0/0 proc_midi=1/24 jack_stash=1/9 drain_dsp=0/0 jack_wake=0/1 mix_buf=43/66 tts=0/18 display=6/175
16:56:47.961 [DEBUG] [spi_timing] Post(us): clear_leds=2/25 jack_midi=0/0 ui_midi=0/4 flush_leds=6/23 screenreader=0/1 jack_pre=0/0 jack_disp=0/0 pin=0/10 midi_scan=7/24 drain_dsp2=0/1 render=4/11
16:56:47.961 [DEBUG] [spi_timing] Slot render max(us): s0=0 s1=0 s2=0 s3=0 probe_burst_max=0
16:56:47.961 [DEBUG] [spi_timing] Slot synth max(us): s0=0 s1=0 s2=0 s3=0 | Slot fx max(us): s0=0 s1=0 s2=0 s3=0
16:56:48.612 [DEBUG] [shadow] ui_view: enumpick slot=0 component=global_settings step_observe_want=false
16:56:49.663 [DEBUG] [shadow] ui_view: enumpick slot=0 component=global_settings step_observe_want=false
16:56:50.714 [DEBUG] [shadow] ui_view: enumpick slot=0 component=global_settings step_observe_want=false
16:56:51.765 [DEBUG] [shadow] ui_view: enumpick slot=0 component=global_settings step_observe_want=false
16:56:52.819 [DEBUG] [shadow] ui_view: enumpick slot=0 component=global_settings step_observe_want=false
16:56:52.962 [DEBUG] [spi_timing] Frame(us): total avg=2699 max=2820 | pre avg=97 max=342 | ioctl avg=2586 max=2717 | post avg=14 max=34 | overruns=21
16:56:52.962 [DEBUG] [spi_timing] Pre(us): midi_mon=1/11 fwd_midi=2/66 mix_audio=7/27 ui_req=1/8 param=4/25 fwd_cc=0/0 proc_midi=1/19 jack_stash=1/20 drain_dsp=0/0 jack_wake=0/18 mix_buf=44/70 tts=0/8 display=6/245
16:56:52.962 [DEBUG] [spi_timing] Post(us): clear_leds=2/12 jack_midi=0/0 ui_midi=0/4 flush_leds=6/23 screenreader=0/14 jack_pre=0/4 jack_disp=0/0 pin=0/3 midi_scan=7/26 drain_dsp2=0/1 render=4/11
16:56:52.962 [DEBUG] [spi_timing] Slot render max(us): s0=0 s1=0 s2=0 s3=0 probe_burst_max=0
16:56:52.962 [DEBUG] [spi_timing] Slot synth max(us): s0=0 s1=0 s2=0 s3=0 | Slot fx max(us): s0=0 s1=0 s2=0 s3=0
16:56:53.869 [DEBUG] [shadow] ui_view: enumpick slot=0 component=global_settings step_observe_want=false
16:56:54.917 [DEBUG] [shadow] ui_view: enumpick slot=0 component=global_settings step_observe_want=false
16:56:55.969 [DEBUG] [shadow] ui_view: enumpick slot=0 component=global_settings step_observe_want=false
16:56:57.019 [DEBUG] [shadow] ui_view: enumpick slot=0 component=global_settings step_observe_want=false
16:56:57.962 [DEBUG] [spi_timing] Frame(us): total avg=2700 max=2799 | pre avg=97 max=297 | ioctl avg=2587 max=2703 | post avg=14 max=33 | overruns=21
16:56:57.962 [DEBUG] [spi_timing] Pre(us): midi_mon=1/5 fwd_midi=2/68 mix_audio=7/30 ui_req=1/15 param=4/34 fwd_cc=0/7 proc_midi=1/8 jack_stash=1/19 drain_dsp=0/0 jack_wake=0/1 mix_buf=44/80 tts=0/20 display=6/195
16:56:57.962 [DEBUG] [spi_timing] Post(us): clear_leds=2/6 jack_midi=0/3 ui_midi=0/3 flush_leds=6/34 screenreader=0/0 jack_pre=0/7 jack_disp=0/0 pin=0/3 midi_scan=7/26 drain_dsp2=0/1 render=4/22
16:56:57.962 [DEBUG] [spi_timing] Slot render max(us): s0=0 s1=0 s2=0 s3=0 probe_burst_max=0
16:56:57.962 [DEBUG] [spi_timing] Slot synth max(us): s0=0 s1=0 s2=0 s3=0 | Slot fx max(us): s0=0 s1=0 s2=0 s3=0
16:56:58.070 [DEBUG] [shadow] ui_view: enumpick slot=0 component=global_settings step_observe_want=false
16:56:59.121 [DEBUG] [shadow] ui_view: enumpick slot=0 component=global_settings step_observe_want=false
16:57:00.171 [DEBUG] [shadow] ui_view: enumpick slot=0 component=global_settings step_observe_want=false
16:57:01.222 [DEBUG] [shadow] ui_view: enumpick slot=0 component=global_settings step_observe_want=false
16:57:02.272 [DEBUG] [shadow] ui_view: enumpick slot=0 component=global_settings step_observe_want=false
16:57:02.962 [DEBUG] [spi_timing] Frame(us): total avg=2700 max=2812 | pre avg=97 max=274 | ioctl avg=2587 max=2711 | post avg=14 max=33 | overruns=21
16:57:02.962 [DEBUG] [spi_timing] Pre(us): midi_mon=1/10 fwd_midi=2/66 mix_audio=7/16 ui_req=1/22 param=4/28 fwd_cc=0/2 proc_midi=1/7 jack_stash=1/23 drain_dsp=0/1 jack_wake=0/18 mix_buf=44/75 tts=0/23 display=6/178
16:57:02.962 [DEBUG] [spi_timing] Post(us): clear_leds=2/11 jack_midi=0/0 ui_midi=0/4 flush_leds=6/32 screenreader=0/4 jack_pre=0/0 jack_disp=0/0 pin=0/20 midi_scan=7/26 drain_dsp2=0/5 render=4/11
16:57:02.962 [DEBUG] [spi_timing] Slot render max(us): s0=0 s1=0 s2=0 s3=0 probe_burst_max=0
16:57:02.962 [DEBUG] [spi_timing] Slot synth max(us): s0=0 s1=0 s2=0 s3=0 | Slot fx max(us): s0=0 s1=0 s2=0 s3=0
16:57:03.324 [DEBUG] [shadow] ui_view: enumpick slot=0 component=global_settings step_observe_want=false
16:57:04.374 [DEBUG] [shadow] ui_view: enumpick slot=0 component=global_settings step_observe_want=false
16:57:05.426 [DEBUG] [shadow] ui_view: enumpick slot=0 component=global_settings step_observe_want=false
16:57:06.476 [DEBUG] [shadow] ui_view: enumpick slot=0 component=global_settings step_observe_want=false
16:57:07.523 [DEBUG] [shadow] ui_view: enumpick slot=0 component=global_settings step_observe_want=false
16:57:07.962 [DEBUG] [spi_timing] Frame(us): total avg=2702 max=2801 | pre avg=96 max=284 | ioctl avg=2590 max=2711 | post avg=13 max=33 | overruns=21
16:57:07.962 [DEBUG] [spi_timing] Pre(us): midi_mon=1/16 fwd_midi=2/61 mix_audio=7/26 ui_req=1/10 param=4/76 fwd_cc=0/0 proc_midi=1/22 jack_stash=1/21 drain_dsp=0/9 jack_wake=0/16 mix_buf=43/74 tts=0/3 display=6/181
16:57:07.962 [DEBUG] [spi_timing] Post(us): clear_leds=2/6 jack_midi=0/0 ui_midi=0/3 flush_leds=6/30 screenreader=0/0 jack_pre=0/0 jack_disp=0/0 pin=0/7 midi_scan=7/26 drain_dsp2=0/5 render=4/21
16:57:07.962 [DEBUG] [spi_timing] Slot render max(us): s0=0 s1=0 s2=0 s3=0 probe_burst_max=0
16:57:07.962 [DEBUG] [spi_timing] Slot synth max(us): s0=0 s1=0 s2=0 s3=0 | Slot fx max(us): s0=0 s1=0 s2=0 s3=0
16:57:08.580 [DEBUG] [shadow] ui_view: enumpick slot=0 component=global_settings step_observe_want=false
16:57:09.631 [DEBUG] [shadow] ui_view: enumpick slot=0 component=global_settings step_observe_want=false
16:57:10.682 [DEBUG] [shadow] ui_view: enumpick slot=0 component=global_settings step_observe_want=false
16:57:11.732 [DEBUG] [shadow] ui_view: enumpick slot=0 component=global_settings step_observe_want=false
16:57:12.783 [DEBUG] [shadow] ui_view: enumpick slot=0 component=global_settings step_observe_want=false
16:57:12.963 [DEBUG] [spi_timing] Frame(us): total avg=2701 max=2798 | pre avg=96 max=279 | ioctl avg=2590 max=2698 | post avg=14 max=37 | overruns=21
16:57:12.963 [DEBUG] [spi_timing] Pre(us): midi_mon=1/12 fwd_midi=2/68 mix_audio=7/28 ui_req=1/3 param=4/71 fwd_cc=0/0 proc_midi=1/12 jack_stash=1/19 drain_dsp=0/3 jack_wake=0/3 mix_buf=43/68 tts=0/4 display=6/177
16:57:12.963 [DEBUG] [spi_timing] Post(us): clear_leds=2/12 jack_midi=0/3 ui_midi=0/4 flush_leds=6/21 screenreader=0/0 jack_pre=0/0 jack_disp=0/0 pin=0/18 midi_scan=7/31 drain_dsp2=0/1 render=4/20
16:57:12.963 [DEBUG] [spi_timing] Slot render max(us): s0=0 s1=0 s2=0 s3=0 probe_burst_max=0
16:57:12.963 [DEBUG] [spi_timing] Slot synth max(us): s0=0 s1=0 s2=0 s3=0 | Slot fx max(us): s0=0 s1=0 s2=0 s3=0
16:57:13.831 [DEBUG] [shadow] ui_view: enumpick slot=0 component=global_settings step_observe_want=false
16:57:14.882 [DEBUG] [shadow] ui_view: enumpick slot=0 component=global_settings step_observe_want=false
16:57:15.933 [DEBUG] [shadow] ui_view: enumpick slot=0 component=global_settings step_observe_want=false
16:57:16.984 [DEBUG] [shadow] ui_view: enumpick slot=0 component=global_settings step_observe_want=false
16:57:17.963 [DEBUG] [spi_timing] Frame(us): total avg=2702 max=2802 | pre avg=96 max=282 | ioctl avg=2591 max=2705 | post avg=13 max=34 | overruns=21
16:57:17.963 [DEBUG] [spi_timing] Pre(us): midi_mon=1/21 fwd_midi=2/67 mix_audio=7/27 ui_req=1/10 param=4/26 fwd_cc=0/3 proc_midi=1/10 jack_stash=1/21 drain_dsp=0/17 jack_wake=0/1 mix_buf=43/70 tts=0/6 display=6/180
16:57:17.963 [DEBUG] [spi_timing] Post(us): clear_leds=2/13 jack_midi=0/0 ui_midi=0/3 flush_leds=6/28 screenreader=0/0 jack_pre=0/0 jack_disp=0/0 pin=0/11 midi_scan=7/24 drain_dsp2=0/1 render=4/23
16:57:17.963 [DEBUG] [spi_timing] Slot render max(us): s0=0 s1=0 s2=0 s3=0 probe_burst_max=0
16:57:17.963 [DEBUG] [spi_timing] Slot synth max(us): s0=0 s1=0 s2=0 s3=0 | Slot fx max(us): s0=0 s1=0 s2=0 s3=0
16:57:18.031 [DEBUG] [shadow] ui_view: enumpick slot=0 component=global_settings step_observe_want=false
16:57:19.088 [DEBUG] [shadow] ui_view: enumpick slot=0 component=global_settings step_observe_want=false
16:57:20.138 [DEBUG] [shadow] ui_view: enumpick slot=0 component=global_settings step_observe_want=false
16:57:21.189 [DEBUG] [shadow] ui_view: enumpick slot=0 component=global_settings step_observe_want=false
16:57:22.240 [DEBUG] [shadow] ui_view: enumpick slot=0 component=global_settings step_observe_want=false
16:57:22.963 [DEBUG] [spi_timing] Frame(us): total avg=2703 max=2799 | pre avg=95 max=288 | ioctl avg=2592 max=2704 | post avg=13 max=30 | overruns=21
16:57:22.963 [DEBUG] [spi_timing] Pre(us): midi_mon=1/23 fwd_midi=2/62 mix_audio=7/29 ui_req=1/7 param=4/31 fwd_cc=0/0 proc_midi=1/7 jack_stash=1/20 drain_dsp=0/0 jack_wake=0/3 mix_buf=43/69 tts=0/4 display=6/209
16:57:22.963 [DEBUG] [spi_timing] Post(us): clear_leds=2/6 jack_midi=0/1 ui_midi=0/3 flush_leds=6/30 screenreader=0/0 jack_pre=0/0 jack_disp=0/0 pin=0/2 midi_scan=7/25 drain_dsp2=0/3 render=4/11
16:57:22.963 [DEBUG] [spi_timing] Slot render max(us): s0=0 s1=0 s2=0 s3=0 probe_burst_max=0
16:57:22.963 [DEBUG] [spi_timing] Slot synth max(us): s0=0 s1=0 s2=0 s3=0 | Slot fx max(us): s0=0 s1=0 s2=0 s3=0
16:57:23.291 [DEBUG] [shadow] ui_view: enumpick slot=0 component=global_settings step_observe_want=false
16:57:24.344 [DEBUG] [shadow] ui_view: enumpick slot=0 component=global_settings step_observe_want=false
16:57:25.395 [DEBUG] [shadow] ui_view: enumpick slot=0 component=global_settings step_observe_want=false
16:57:26.446 [DEBUG] [shadow] ui_view: enumpick slot=0 component=global_settings step_observe_want=false
16:57:27.496 [DEBUG] [shadow] ui_view: enumpick slot=0 component=global_settings step_observe_want=false
16:57:27.963 [DEBUG] [spi_timing] Frame(us): total avg=2698 max=2848 | pre avg=97 max=279 | ioctl avg=2586 max=2746 | post avg=14 max=40 | overruns=21
16:57:27.963 [DEBUG] [spi_timing] Pre(us): midi_mon=1/5 fwd_midi=2/63 mix_audio=7/30 ui_req=1/19 param=4/72 fwd_cc=0/0 proc_midi=1/21 jack_stash=1/7 drain_dsp=0/3 jack_wake=0/9 mix_buf=44/75 tts=0/4 display=6/188
16:57:27.964 [DEBUG] [spi_timing] Post(us): clear_leds=2/9 jack_midi=0/0 ui_midi=0/3 flush_leds=6/25 screenreader=0/0 jack_pre=0/1 jack_disp=0/0 pin=0/10 midi_scan=7/28 drain_dsp2=0/1 render=4/23
16:57:27.964 [DEBUG] [spi_timing] Slot render max(us): s0=0 s1=0 s2=0 s3=0 probe_burst_max=0
16:57:27.964 [DEBUG] [spi_timing] Slot synth max(us): s0=0 s1=0 s2=0 s3=0 | Slot fx max(us): s0=0 s1=0 s2=0 s3=0
16:57:28.544 [DEBUG] [shadow] ui_view: enumpick slot=0 component=global_settings step_observe_want=false
16:57:29.601 [DEBUG] [shadow] ui_view: enumpick slot=0 component=global_settings step_observe_want=false
16:57:30.651 [DEBUG] [shadow] ui_view: enumpick slot=0 component=global_settings step_observe_want=false
16:57:31.702 [DEBUG] [shadow] ui_view: enumpick slot=0 component=global_settings step_observe_want=false
16:57:32.753 [DEBUG] [shadow] ui_view: enumpick slot=0 component=global_settings step_observe_want=false
16:57:32.964 [DEBUG] [spi_timing] Frame(us): total avg=2700 max=2805 | pre avg=97 max=294 | ioctl avg=2587 max=2707 | post avg=14 max=40 | overruns=21
16:57:32.964 [DEBUG] [spi_timing] Pre(us): midi_mon=1/5 fwd_midi=2/62 mix_audio=7/26 ui_req=1/4 param=4/73 fwd_cc=0/0 proc_midi=1/23 jack_stash=1/23 drain_dsp=0/3 jack_wake=0/1 mix_buf=44/75 tts=0/21 display=6/209
16:57:32.964 [DEBUG] [spi_timing] Post(us): clear_leds=2/22 jack_midi=0/0 ui_midi=0/23 flush_leds=6/28 screenreader=0/0 jack_pre=0/5 jack_disp=0/1 pin=0/3 midi_scan=7/31 drain_dsp2=0/6 render=4/25
16:57:32.964 [DEBUG] [spi_timing] Slot render max(us): s0=0 s1=0 s2=0 s3=0 probe_burst_max=0
16:57:32.964 [DEBUG] [spi_timing] Slot synth max(us): s0=0 s1=0 s2=0 s3=0 | Slot fx max(us): s0=0 s1=0 s2=0 s3=0
16:57:33.804 [DEBUG] [shadow] ui_view: enumpick slot=0 component=global_settings step_observe_want=false
16:57:34.855 [DEBUG] [shadow] ui_view: enumpick slot=0 component=global_settings step_observe_want=false
16:57:35.906 [DEBUG] [shadow] ui_view: enumpick slot=0 component=global_settings step_observe_want=false
16:57:36.956 [DEBUG] [shadow] ui_view: enumpick slot=0 component=global_settings step_observe_want=false
16:57:37.964 [DEBUG] [spi_timing] Frame(us): total avg=2699 max=2802 | pre avg=97 max=283 | ioctl avg=2586 max=2712 | post avg=14 max=40 | overruns=21
16:57:37.964 [DEBUG] [spi_timing] Pre(us): midi_mon=1/5 fwd_midi=2/62 mix_audio=7/27 ui_req=1/3 param=4/76 fwd_cc=0/1 proc_midi=1/12 jack_stash=1/4 drain_dsp=0/1 jack_wake=0/1 mix_buf=44/66 tts=0/3 display=6/187
16:57:37.964 [DEBUG] [spi_timing] Post(us): clear_leds=2/21 jack_midi=0/1 ui_midi=0/23 flush_leds=6/28 screenreader=0/0 jack_pre=0/1 jack_disp=0/0 pin=0/4 midi_scan=8/29 drain_dsp2=0/1 render=4/29
16:57:37.964 [DEBUG] [spi_timing] Slot render max(us): s0=0 s1=0 s2=0 s3=0 probe_burst_max=0
16:57:37.964 [DEBUG] [spi_timing] Slot synth max(us): s0=0 s1=0 s2=0 s3=0 | Slot fx max(us): s0=0 s1=0 s2=0 s3=0
16:57:38.006 [DEBUG] [shadow] ui_view: enumpick slot=0 component=global_settings step_observe_want=false
16:57:39.058 [DEBUG] [shadow] ui_view: enumpick slot=0 component=global_settings step_observe_want=false
16:57:40.114 [DEBUG] [shadow] ui_view: enumpick slot=0 component=global_settings step_observe_want=false
16:57:41.165 [DEBUG] [shadow] ui_view: enumpick slot=0 component=global_settings step_observe_want=false
16:57:42.216 [DEBUG] [shadow] ui_view: enumpick slot=0 component=global_settings step_observe_want=false
16:57:42.964 [DEBUG] [spi_timing] Frame(us): total avg=2701 max=2819 | pre avg=96 max=273 | ioctl avg=2589 max=2723 | post avg=14 max=26 | overruns=21
16:57:42.964 [DEBUG] [spi_timing] Pre(us): midi_mon=1/17 fwd_midi=2/63 mix_audio=7/28 ui_req=1/3 param=4/82 fwd_cc=0/0 proc_midi=1/8 jack_stash=1/4 drain_dsp=0/3 jack_wake=0/4 mix_buf=43/76 tts=0/2 display=6/185
16:57:42.964 [DEBUG] [spi_timing] Post(us): clear_leds=2/11 jack_midi=0/1 ui_midi=0/3 flush_leds=6/27 screenreader=0/0 jack_pre=0/0 jack_disp=0/0 pin=0/1 midi_scan=7/15 drain_dsp2=0/1 render=4/17
16:57:42.964 [DEBUG] [spi_timing] Slot render max(us): s0=0 s1=0 s2=0 s3=0 probe_burst_max=0
16:57:42.964 [DEBUG] [spi_timing] Slot synth max(us): s0=0 s1=0 s2=0 s3=0 | Slot fx max(us): s0=0 s1=0 s2=0 s3=0
16:57:43.267 [DEBUG] [shadow] ui_view: enumpick slot=0 component=global_settings step_observe_want=false
16:57:44.317 [DEBUG] [shadow] ui_view: enumpick slot=0 component=global_settings step_observe_want=false
16:57:45.371 [DEBUG] [shadow] ui_view: enumpick slot=0 component=global_settings step_observe_want=false
16:57:46.422 [DEBUG] [shadow] ui_view: enumpick slot=0 component=global_settings step_observe_want=false
16:57:47.473 [DEBUG] [shadow] ui_view: enumpick slot=0 component=global_settings step_observe_want=false
16:57:47.964 [DEBUG] [spi_timing] Frame(us): total avg=2698 max=2802 | pre avg=97 max=269 | ioctl avg=2586 max=2704 | post avg=14 max=35 | overruns=21
16:57:47.965 [DEBUG] [spi_timing] Pre(us): midi_mon=1/24 fwd_midi=2/61 mix_audio=7/26 ui_req=1/21 param=4/71 fwd_cc=0/21 proc_midi=1/7 jack_stash=1/19 drain_dsp=0/0 jack_wake=0/1 mix_buf=43/67 tts=0/4 display=6/189
16:57:47.965 [DEBUG] [spi_timing] Post(us): clear_leds=2/10 jack_midi=0/1 ui_midi=0/11 flush_leds=6/16 screenreader=0/0 jack_pre=0/4 jack_disp=0/1 pin=0/3 midi_scan=8/25 drain_dsp2=0/1 render=4/24
16:57:47.965 [DEBUG] [spi_timing] Slot render max(us): s0=0 s1=0 s2=0 s3=0 probe_burst_max=0
16:57:47.965 [DEBUG] [spi_timing] Slot synth max(us): s0=0 s1=0 s2=0 s3=0 | Slot fx max(us): s0=0 s1=0 s2=0 s3=0
16:57:48.524 [DEBUG] [shadow] ui_view: enumpick slot=0 component=global_settings step_observe_want=false
16:57:49.574 [DEBUG] [shadow] ui_view: enumpick slot=0 component=global_settings step_observe_want=false
16:57:50.624 [DEBUG] [shadow] ui_view: enumpick slot=0 component=global_settings step_observe_want=false
16:57:51.675 [DEBUG] [shadow] ui_view: enumpick slot=0 component=global_settings step_observe_want=false
16:57:52.726 [DEBUG] [shadow] ui_view: enumpick slot=0 component=global_settings step_observe_want=false
16:57:52.965 [DEBUG] [spi_timing] Frame(us): total avg=2700 max=2801 | pre avg=96 max=265 | ioctl avg=2589 max=2713 | post avg=14 max=37 | overruns=21
16:57:52.965 [DEBUG] [spi_timing] Pre(us): midi_mon=1/22 fwd_midi=2/61 mix_audio=7/25 ui_req=1/24 param=4/76 fwd_cc=0/0 proc_midi=1/10 jack_stash=1/3 drain_dsp=0/6 jack_wake=0/6 mix_buf=43/71 tts=0/8 display=6/186
16:57:52.965 [DEBUG] [spi_timing] Post(us): clear_leds=2/20 jack_midi=0/0 ui_midi=0/2 flush_leds=6/27 screenreader=0/0 jack_pre=0/4 jack_disp=0/1 pin=0/6 midi_scan=7/26 drain_dsp2=0/1 render=4/25
16:57:52.965 [DEBUG] [spi_timing] Slot render max(us): s0=0 s1=0 s2=0 s3=0 probe_burst_max=0
16:57:52.965 [DEBUG] [spi_timing] Slot synth max(us): s0=0 s1=0 s2=0 s3=0 | Slot fx max(us): s0=0 s1=0 s2=0 s3=0
16:57:53.774 [DEBUG] [shadow] ui_view: enumpick slot=0 component=global_settings step_observe_want=false
16:57:54.825 [DEBUG] [shadow] ui_view: enumpick slot=0 component=global_settings step_observe_want=false
16:57:55.881 [DEBUG] [shadow] ui_view: enumpick slot=0 component=global_settings step_observe_want=false
16:57:56.932 [DEBUG] [shadow] ui_view: enumpick slot=0 component=global_settings step_observe_want=false
16:57:57.965 [DEBUG] [spi_timing] Frame(us): total avg=2699 max=2795 | pre avg=96 max=275 | ioctl avg=2587 max=2697 | post avg=14 max=37 | overruns=21
16:57:57.966 [DEBUG] [spi_timing] Pre(us): midi_mon=1/6 fwd_midi=2/58 mix_audio=7/28 ui_req=1/5 param=4/71 fwd_cc=0/0 proc_midi=1/16 jack_stash=1/10 drain_dsp=0/1 jack_wake=0/1 mix_buf=43/68 tts=0/8 display=6/184
16:57:57.966 [DEBUG] [spi_timing] Post(us): clear_leds=2/10 jack_midi=0/0 ui_midi=0/22 flush_leds=6/28 screenreader=0/0 jack_pre=0/0 jack_disp=0/0 pin=0/18 midi_scan=8/27 drain_dsp2=0/4 render=4/25
16:57:57.966 [DEBUG] [spi_timing] Slot render max(us): s0=0 s1=0 s2=0 s3=0 probe_burst_max=0
16:57:57.966 [DEBUG] [spi_timing] Slot synth max(us): s0=0 s1=0 s2=0 s3=0 | Slot fx max(us): s0=0 s1=0 s2=0 s3=0
16:57:57.983 [DEBUG] [shadow] ui_view: enumpick slot=0 component=global_settings step_observe_want=false
16:57:59.033 [DEBUG] [shadow] ui_view: enumpick slot=0 component=global_settings step_observe_want=false
16:58:00.085 [DEBUG] [shadow] ui_view: enumpick slot=0 component=global_settings step_observe_want=false
16:58:01.135 [DEBUG] [shadow] ui_view: enumpick slot=0 component=global_settings step_observe_want=false
16:58:02.183 [DEBUG] [shadow] ui_view: enumpick slot=0 component=global_settings step_observe_want=false
16:58:02.966 [DEBUG] [spi_timing] Frame(us): total avg=2702 max=2821 | pre avg=96 max=283 | ioctl avg=2590 max=2718 | post avg=14 max=35 | overruns=21
16:58:02.966 [DEBUG] [spi_timing] Pre(us): midi_mon=1/21 fwd_midi=2/79 mix_audio=7/28 ui_req=1/23 param=4/32 fwd_cc=0/0 proc_midi=1/20 jack_stash=1/11 drain_dsp=0/17 jack_wake=0/10 mix_buf=43/69 tts=0/3 display=6/187
16:58:02.966 [DEBUG] [spi_timing] Post(us): clear_leds=2/5 jack_midi=0/0 ui_midi=0/2 flush_leds=6/29 screenreader=0/0 jack_pre=0/9 jack_disp=0/0 pin=0/10 midi_scan=7/27 drain_dsp2=0/1 render=4/26
16:58:02.966 [DEBUG] [spi_timing] Slot render max(us): s0=0 s1=0 s2=0 s3=0 probe_burst_max=0
16:58:02.966 [DEBUG] [spi_timing] Slot synth max(us): s0=0 s1=0 s2=0 s3=0 | Slot fx max(us): s0=0 s1=0 s2=0 s3=0
16:58:03.234 [DEBUG] [shadow] ui_view: enumpick slot=0 component=global_settings step_observe_want=false
16:58:04.284 [DEBUG] [shadow] ui_view: enumpick slot=0 component=global_settings step_observe_want=false
16:58:05.335 [DEBUG] [shadow] ui_view: enumpick slot=0 component=global_settings step_observe_want=false
16:58:06.385 [DEBUG] [shadow] ui_view: enumpick slot=0 component=global_settings step_observe_want=false
16:58:07.437 [DEBUG] [shadow] ui_view: enumpick slot=0 component=global_settings step_observe_want=false
16:58:07.966 [DEBUG] [spi_timing] Frame(us): total avg=2702 max=2794 | pre avg=96 max=290 | ioctl avg=2590 max=2697 | post avg=14 max=36 | overruns=21
16:58:07.966 [DEBUG] [spi_timing] Pre(us): midi_mon=1/22 fwd_midi=2/63 mix_audio=7/26 ui_req=1/3 param=4/26 fwd_cc=0/0 proc_midi=1/10 jack_stash=1/14 drain_dsp=0/1 jack_wake=0/21 mix_buf=44/68 tts=0/2 display=6/183
16:58:07.966 [DEBUG] [spi_timing] Post(us): clear_leds=2/12 jack_midi=0/1 ui_midi=0/26 flush_leds=6/16 screenreader=0/0 jack_pre=0/0 jack_disp=0/0 pin=0/3 midi_scan=7/29 drain_dsp2=0/3 render=4/20
16:58:07.966 [DEBUG] [spi_timing] Slot render max(us): s0=0 s1=0 s2=0 s3=0 probe_burst_max=0
16:58:07.966 [DEBUG] [spi_timing] Slot synth max(us): s0=0 s1=0 s2=0 s3=0 | Slot fx max(us): s0=0 s1=0 s2=0 s3=0
16:58:08.487 [DEBUG] [shadow] ui_view: enumpick slot=0 component=global_settings step_observe_want=false
16:58:09.538 [DEBUG] [shadow] ui_view: enumpick slot=0 component=global_settings step_observe_want=false
16:58:10.080 [DEBUG] [shim] Screen reader: Queued "Flite, 2 of 3" (pending=1)
16:58:10.081 [DEBUG] [shim] Screen reader: "Flite, 2 of 3" (injected 138 bytes to FD 12, serial=690)
16:58:10.081 [DEBUG] [shim] D-Bus signal: com.ableton.move.ScreenReader.text path=/com/ableton/move/screenreader sender=:1.12 arg0="Flite, 2 of 3"
16:58:10.081 [DEBUG] [shim] D-Bus text: "Flite, 2 of 3" (held_track=-1)
16:58:10.133 [INFO ] [tts_engine] Setting TTS speed to 2.06 (was 2.06)
16:58:10.133 [INFO ] [tts_engine] Setting TTS pitch to 120.0 Hz (was 120.0 Hz)
16:58:10.140 [DEBUG] [tts_engine] Synthesized 80280 samples for: 'Flite, 2 of 3'
16:58:10.589 [DEBUG] [shadow] ui_view: enumpick slot=0 component=global_settings step_observe_want=false
16:58:11.646 [DEBUG] [shadow] ui_view: enumpick slot=0 component=global_settings step_observe_want=false
16:58:12.696 [DEBUG] [shadow] ui_view: enumpick slot=0 component=global_settings step_observe_want=false
16:58:12.966 [DEBUG] [spi_timing] Frame(us): total avg=2539 max=2796 | pre avg=107 max=284 | ioctl avg=2415 max=2696 | post avg=14 max=37 | overruns=21
16:58:12.966 [DEBUG] [spi_timing] Pre(us): midi_mon=2/26 fwd_midi=2/65 mix_audio=7/138 ui_req=1/21 param=5/81 fwd_cc=0/3 proc_midi=1/20 jack_stash=1/13 drain_dsp=0/1 jack_wake=0/9 mix_buf=45/90 tts=4/44 display=6/183
16:58:12.966 [DEBUG] [spi_timing] Post(us): clear_leds=2/22 jack_midi=0/1 ui_midi=0/9 flush_leds=6/27 screenreader=0/190 jack_pre=0/4 jack_disp=0/0 pin=0/19 midi_scan=8/28 drain_dsp2=0/1 render=4/11
16:58:12.966 [DEBUG] [spi_timing] Slot render max(us): s0=0 s1=0 s2=0 s3=0 probe_burst_max=0
16:58:12.966 [DEBUG] [spi_timing] Slot synth max(us): s0=0 s1=0 s2=0 s3=0 | Slot fx max(us): s0=0 s1=0 s2=0 s3=0
16:58:13.747 [DEBUG] [shadow] ui_view: enumpick slot=0 component=global_settings step_observe_want=false
16:58:14.798 [DEBUG] [shadow] ui_view: enumpick slot=0 component=global_settings step_observe_want=false
16:58:15.593 [DEBUG] [shim] Screen reader: Queued "Eloquence, 3 of 3" (pending=1)
16:58:15.593 [DEBUG] [shim] Screen reader: "Eloquence, 3 of 3" (injected 142 bytes to FD 12, serial=691)
16:58:15.593 [DEBUG] [shim] D-Bus signal: com.ableton.move.ScreenReader.text path=/com/ableton/move/screenreader sender=:1.12 arg0="Eloquence, 3 of 3"
16:58:15.593 [DEBUG] [shim] D-Bus text: "Eloquence, 3 of 3" (held_track=-1)
16:58:15.645 [INFO ] [tts_engine] Setting TTS speed to 2.06 (was 2.06)
16:58:15.645 [INFO ] [tts_engine] Setting TTS pitch to 120.0 Hz (was 120.0 Hz)
16:58:15.653 [DEBUG] [tts_engine] Synthesized 86640 samples for: 'Eloquence, 3 of 3'
16:58:15.848 [DEBUG] [shadow] ui_view: enumpick slot=0 component=global_settings step_observe_want=false
16:58:16.708 [DEBUG] [shadow] handleSelect called, view=enumpick
16:58:16.710 [DEBUG] [shim] Screen reader: Queued "Engine: Eloquence" (pending=1)
16:58:16.710 [DEBUG] [shim] Screen reader: "Engine: Eloquence" (injected 142 bytes to FD 12, serial=692)
16:58:16.710 [DEBUG] [shim] D-Bus signal: com.ableton.move.ScreenReader.text path=/com/ableton/move/screenreader sender=:1.12 arg0="Engine: Eloquence"
16:58:16.710 [DEBUG] [shim] D-Bus text: "Engine: Eloquence" (held_track=-1)
16:58:16.711 [DEBUG] [shadow_ui] param_giveup: claim=0 response=0 error=15 last_key=global_settings_module | claimwedge: rt=0 rr=0 blocked=0ms | slow>=90ms: n=0 worst=0ms key=- where=-
16:58:16.711 [DEBUG] [shadow_ui] shadow_ui: step_observe ON
16:58:16.713 [DEBUG] [shadow] widgets: id="" params=0 vizKinds=[]
16:58:16.749 [DEBUG] [shadow] param_pages fps: 31 draws / 31 ticks / 560003ms
16:58:16.762 [INFO ] [tts_dispatch] Switching TTS engine: Flite -> openevv
16:58:16.765 [INFO ] [tts_openevv] TTS engine (openevv) initialized
16:58:16.765 [INFO ] [tts_dispatch] Engine choice saved: openevv
16:58:16.765 [INFO ] [tts_dispatch] TTS engine switch complete: openevv
16:58:16.805 [INFO ] [tts_openevv] openevv instance ready (44100 Hz mono)
16:58:16.836 [DEBUG] [shadow] param_pages midi: 1 events (0 knob turns) / 559559ms
16:58:16.952 [DEBUG] [shadow] ui_view: parampages slot=0 component=global_settings step_observe_want=true
16:58:17.019 [DEBUG] [shadow_ui] param_giveup: claim=0 response=0 error=15 last_key=global_settings_module | claimwedge: rt=0 rr=0 blocked=0ms | slow>=90ms: n=0 worst=0ms key=- where=-
16:58:17.036 [DEBUG] [shadow] widgets: id="" params=0 vizKinds=[]
16:58:17.289 [DEBUG] [shadow] widgets: id="" params=0 vizKinds=[]
16:58:17.566 [DEBUG] [shadow] widgets: id="" params=0 vizKinds=[]
16:58:17.711 [DEBUG] [shim] Screen reader: Queued "Speed, 2.1 x, 3 of 12" (pending=1)
16:58:17.712 [DEBUG] [shim] Screen reader: "Speed, 2.1 x, 3 of 12" (injected 146 bytes to FD 12, serial=693)
16:58:17.712 [DEBUG] [shim] D-Bus signal: com.ableton.move.ScreenReader.text path=/com/ableton/move/screenreader sender=:1.12 arg0="Speed, 2.1 x, 3 of 12"
16:58:17.712 [DEBUG] [shim] D-Bus text: "Speed, 2.1 x, 3 of 12" (held_track=-1)
16:58:17.765 [DEBUG] [shadow] param_pages fps: 57 draws / 57 ticks / 1016ms
16:58:17.816 [DEBUG] [shadow] widgets: id="" params=0 vizKinds=[]
16:58:17.967 [DEBUG] [spi_timing] Frame(us): total avg=2469 max=3959 | pre avg=119 max=3444 | ioctl avg=2333 max=2462 | post avg=15 max=37 | overruns=22
16:58:17.967 [DEBUG] [spi_timing] Pre(us): midi_mon=2/29 fwd_midi=2/67 mix_audio=11/3322 ui_req=1/23 param=6/77 fwd_cc=0/3 proc_midi=1/8 jack_stash=1/5 drain_dsp=0/3 jack_wake=0/2 mix_buf=46/75 tts=8/40 display=6/184
16:58:17.967 [DEBUG] [spi_timing] Post(us): clear_leds=2/7 jack_midi=0/3 ui_midi=0/4 flush_leds=7/32 screenreader=0/188 jack_pre=0/21 jack_disp=0/4 pin=0/3 midi_scan=8/28 drain_dsp2=0/2 render=5/12
16:58:17.967 [DEBUG] [spi_timing] Slot render max(us): s0=0 s1=0 s2=0 s3=0 probe_burst_max=0
16:58:17.967 [DEBUG] [spi_timing] Slot synth max(us): s0=0 s1=0 s2=0 s3=0 | Slot fx max(us): s0=0 s1=0 s2=0 s3=0
16:58:18.008 [DEBUG] [shadow_ui] param_giveup: claim=0 response=0 error=60 last_key=global_settings_module | claimwedge: rt=0 rr=0 blocked=0ms | slow>=90ms: n=0 worst=0ms key=- where=-
16:58:18.008 [DEBUG] [shadow] ui_view: parampages slot=0 component=global_settings step_observe_want=true
16:58:18.095 [DEBUG] [shadow] widgets: id="" params=0 vizKinds=[]
16:58:18.344 [DEBUG] [shadow] widgets: id="" params=0 vizKinds=[]
16:58:18.623 [DEBUG] [shadow] widgets: id="" params=0 vizKinds=[]
16:58:18.765 [DEBUG] [shadow] param_pages fps: 56 draws / 56 ticks / 1000ms
16:58:18.819 [DEBUG] [shadow] param_pages midi: 2 events (0 knob turns) / 1983ms
16:58:18.820 [DEBUG] [shim] Screen reader: Queued "Speed, 2.1 x, 3 of 12" (pending=1)
16:58:18.820 [DEBUG] [shim] Screen reader: "Speed, 2.1 x, 3 of 12" (injected 146 bytes to FD 12, serial=694)
16:58:18.821 [DEBUG] [shim] D-Bus signal: com.ableton.move.ScreenReader.text path=/com/ableton/move/screenreader sender=:1.12 arg0="Speed, 2.1 x, 3 of 12"
16:58:18.821 [DEBUG] [shim] D-Bus text: "Speed, 2.1 x, 3 of 12" (held_track=-1)
16:58:18.875 [DEBUG] [shadow] widgets: id="" params=0 vizKinds=[]
16:58:19.006 [DEBUG] [shadow_ui] param_giveup: claim=0 response=0 error=62 last_key=global_settings_module | claimwedge: rt=0 rr=0 blocked=0ms | slow>=90ms: n=0 worst=0ms key=- where=-
16:58:19.068 [DEBUG] [shadow] ui_view: parampages slot=0 component=global_settings step_observe_want=true
16:58:19.102 [DEBUG] [shim] Screen reader: Queued "2.1 x" (pending=1)
16:58:19.102 [DEBUG] [shim] Screen reader: "2.1 x" (injected 130 bytes to FD 12, serial=695)
16:58:19.102 [DEBUG] [shim] D-Bus signal: com.ableton.move.ScreenReader.text path=/com/ableton/move/screenreader sender=:1.12 arg0="2.1 x"
16:58:19.102 [DEBUG] [shim] D-Bus text: "2.1 x" (held_track=-1)
16:58:19.154 [DEBUG] [shadow] widgets: id="" params=0 vizKinds=[]
16:58:19.235 [DEBUG] [shim] Screen reader: Queued "2.2 x" (pending=1)
16:58:19.236 [DEBUG] [shim] Screen reader: "2.2 x" (injected 130 bytes to FD 12, serial=696)
16:58:19.236 [DEBUG] [shim] D-Bus signal: com.ableton.move.ScreenReader.text path=/com/ableton/move/screenreader sender=:1.12 arg0="2.2 x"
16:58:19.236 [DEBUG] [shim] D-Bus text: "2.2 x" (held_track=-1)
16:58:19.405 [DEBUG] [shadow] widgets: id="" params=0 vizKinds=[]
16:58:19.682 [DEBUG] [shadow] widgets: id="" params=0 vizKinds=[]
16:58:19.765 [DEBUG] [shadow] param_pages fps: 57 draws / 57 ticks / 1000ms
16:58:19.932 [DEBUG] [shadow] widgets: id="" params=0 vizKinds=[]
16:58:20.014 [DEBUG] [shadow_ui] param_giveup: claim=0 response=0 error=61 last_key=global_settings_module | claimwedge: rt=0 rr=0 blocked=0ms | slow>=90ms: n=0 worst=0ms key=- where=-
16:58:20.127 [DEBUG] [shadow] ui_view: parampages slot=0 component=global_settings step_observe_want=true
16:58:20.214 [DEBUG] [shadow] widgets: id="" params=0 vizKinds=[]
16:58:20.240 [DEBUG] [shadow] param_pages midi: 8 events (0 knob turns) / 1421ms
16:58:20.243 [DEBUG] [shim] Screen reader: Queued "2.3 x" (pending=1)
16:58:20.243 [DEBUG] [shim] Screen reader: "2.3 x" (injected 130 bytes to FD 12, serial=697)
16:58:20.243 [DEBUG] [shim] D-Bus signal: com.ableton.move.ScreenReader.text path=/com/ableton/move/screenreader sender=:1.12 arg0="2.3 x"
16:58:20.243 [DEBUG] [shim] D-Bus text: "2.3 x" (held_track=-1)
16:58:20.467 [DEBUG] [shadow] widgets: id="" params=0 vizKinds=[]
16:58:20.745 [DEBUG] [shadow] widgets: id="" params=0 vizKinds=[]
16:58:20.774 [DEBUG] [shadow] param_pages fps: 57 draws / 57 ticks / 1009ms
16:58:20.998 [DEBUG] [shadow] widgets: id="" params=0 vizKinds=[]
16:58:21.009 [DEBUG] [shadow_ui] param_giveup: claim=0 response=0 error=61 last_key=global_settings_module | claimwedge: rt=0 rr=0 blocked=0ms | slow>=90ms: n=0 worst=0ms key=- where=-
16:58:21.044 [DEBUG] [shim] Screen reader: Queued "2.3 x" (pending=1)
16:58:21.044 [DEBUG] [shim] Screen reader: "2.3 x" (injected 130 bytes to FD 12, serial=698)
16:58:21.044 [DEBUG] [shim] D-Bus signal: com.ableton.move.ScreenReader.text path=/com/ableton/move/screenreader sender=:1.12 arg0="2.3 x"
16:58:21.044 [DEBUG] [shim] D-Bus text: "2.3 x" (held_track=-1)
16:58:21.193 [DEBUG] [shadow] ui_view: parampages slot=0 component=global_settings step_observe_want=true
16:58:21.276 [DEBUG] [shadow] widgets: id="" params=0 vizKinds=[]
16:58:21.439 [DEBUG] [shadow] param_pages midi: 10 events (0 knob turns) / 1199ms
16:58:21.441 [DEBUG] [shim] Screen reader: Queued "2.2 x" (pending=1)
16:58:21.442 [DEBUG] [shim] Screen reader: "2.2 x" (injected 130 bytes to FD 12, serial=699)
16:58:21.442 [DEBUG] [shim] D-Bus signal: com.ableton.move.ScreenReader.text path=/com/ableton/move/screenreader sender=:1.12 arg0="2.2 x"
16:58:21.442 [DEBUG] [shim] D-Bus text: "2.2 x" (held_track=-1)
16:58:21.530 [DEBUG] [shadow] widgets: id="" params=0 vizKinds=[]
16:58:21.790 [DEBUG] [shadow] param_pages fps: 57 draws / 57 ticks / 1016ms
16:58:21.807 [DEBUG] [shadow] widgets: id="" params=0 vizKinds=[]
16:58:21.906 [DEBUG] [shim] Screen reader: Queued "2.1 x" (pending=1)
16:58:21.906 [DEBUG] [shim] Screen reader: "2.1 x" (injected 130 bytes to FD 12, serial=700)
16:58:21.906 [DEBUG] [shim] D-Bus signal: com.ableton.move.ScreenReader.text path=/com/ableton/move/screenreader sender=:1.12 arg0="2.1 x"
16:58:21.906 [DEBUG] [shim] D-Bus text: "2.1 x" (held_track=-1)
16:58:22.005 [DEBUG] [shadow_ui] param_giveup: claim=0 response=0 error=59 last_key=global_settings_module | claimwedge: rt=0 rr=0 blocked=0ms | slow>=90ms: n=0 worst=0ms key=- where=-
16:58:22.060 [DEBUG] [shadow] widgets: id="" params=0 vizKinds=[]
16:58:22.272 [DEBUG] [shadow] ui_view: parampages slot=0 component=global_settings step_observe_want=true
16:58:22.338 [DEBUG] [shim] Screen reader: Queued "2.0 x" (pending=1)
16:58:22.338 [DEBUG] [shim] Screen reader: "2.0 x" (injected 130 bytes to FD 12, serial=701)
16:58:22.339 [DEBUG] [shim] D-Bus signal: com.ableton.move.ScreenReader.text path=/com/ableton/move/screenreader sender=:1.12 arg0="2.0 x"
16:58:22.339 [DEBUG] [shim] D-Bus text: "2.0 x" (held_track=-1)
16:58:22.356 [DEBUG] [shadow] widgets: id="" params=0 vizKinds=[]
16:58:22.608 [DEBUG] [shadow] widgets: id="" params=0 vizKinds=[]
16:58:22.801 [DEBUG] [shadow] param_pages fps: 56 draws / 56 ticks / 1011ms
16:58:22.888 [DEBUG] [shadow] widgets: id="" params=0 vizKinds=[]
16:58:22.967 [DEBUG] [spi_timing] Frame(us): total avg=2439 max=2642 | pre avg=123 max=351 | ioctl avg=2298 max=2499 | post avg=16 max=41 | overruns=22
16:58:22.967 [DEBUG] [spi_timing] Pre(us): midi_mon=2/21 fwd_midi=2/70 mix_audio=8/39 ui_req=1/10 param=8/41 fwd_cc=0/1 proc_midi=1/21 jack_stash=1/21 drain_dsp=0/1 jack_wake=0/4 mix_buf=48/77 tts=9/34 display=7/216
16:58:22.967 [DEBUG] [spi_timing] Post(us): clear_leds=3/10 jack_midi=0/0 ui_midi=0/9 flush_leds=7/25 screenreader=1/238 jack_pre=0/3 jack_disp=0/0 pin=0/2 midi_scan=8/28 drain_dsp2=0/6 render=5/23
16:58:22.967 [DEBUG] [spi_timing] Slot render max(us): s0=0 s1=0 s2=0 s3=0 probe_burst_max=0
16:58:22.967 [DEBUG] [spi_timing] Slot synth max(us): s0=0 s1=0 s2=0 s3=0 | Slot fx max(us): s0=0 s1=0 s2=0 s3=0
16:58:23.018 [DEBUG] [shadow_ui] param_giveup: claim=0 response=0 error=60 last_key=global_settings_module | claimwedge: rt=0 rr=0 blocked=0ms | slow>=90ms: n=0 worst=0ms key=- where=-
16:58:23.140 [DEBUG] [shadow] widgets: id="" params=0 vizKinds=[]
16:58:23.217 [DEBUG] [shadow] param_pages midi: 10 events (0 knob turns) / 1778ms
16:58:23.221 [DEBUG] [shim] Screen reader: Queued "2.0 x" (pending=1)
16:58:23.221 [DEBUG] [shim] Screen reader: "2.0 x" (injected 130 bytes to FD 12, serial=702)
16:58:23.221 [DEBUG] [shim] D-Bus signal: com.ableton.move.ScreenReader.text path=/com/ableton/move/screenreader sender=:1.12 arg0="2.0 x"
16:58:23.221 [DEBUG] [shim] D-Bus text: "2.0 x" (held_track=-1)
16:58:23.331 [DEBUG] [shadow] ui_view: parampages slot=0 component=global_settings step_observe_want=true
16:58:23.418 [DEBUG] [shadow] widgets: id="" params=0 vizKinds=[]
16:58:23.668 [DEBUG] [shadow] widgets: id="" params=0 vizKinds=[]
16:58:23.840 [DEBUG] [shadow] param_pages fps: 58 draws / 58 ticks / 1039ms
16:58:23.947 [DEBUG] [shadow] widgets: id="" params=0 vizKinds=[]
16:58:24.013 [DEBUG] [shadow_ui] param_giveup: claim=0 response=0 error=60 last_key=global_settings_module | claimwedge: rt=0 rr=0 blocked=0ms | slow>=90ms: n=0 worst=0ms key=- where=-
16:58:24.203 [DEBUG] [shadow] widgets: id="" params=0 vizKinds=[]
16:58:24.397 [DEBUG] [shadow] ui_view: parampages slot=0 component=global_settings step_observe_want=true
16:58:24.480 [DEBUG] [shadow] widgets: id="" params=0 vizKinds=[]
16:58:24.733 [DEBUG] [shadow] widgets: id="" params=0 vizKinds=[]
16:58:24.847 [DEBUG] [shadow] param_pages fps: 59 draws / 59 ticks / 1007ms
16:58:25.009 [DEBUG] [shadow_ui] param_giveup: claim=0 response=0 error=59 last_key=global_settings_module | claimwedge: rt=0 rr=0 blocked=0ms | slow>=90ms: n=0 worst=0ms key=- where=-
16:58:25.013 [DEBUG] [shadow] widgets: id="" params=0 vizKinds=[]
16:58:25.264 [DEBUG] [shadow] widgets: id="" params=0 vizKinds=[]
16:58:25.343 [DEBUG] [shadow] param_pages midi: 5 events (0 knob turns) / 2126ms
16:58:25.345 [DEBUG] [shim] Screen reader: Queued "2.1 x" (pending=1)
16:58:25.346 [DEBUG] [shim] Screen reader: "2.1 x" (injected 130 bytes to FD 12, serial=703)
16:58:25.346 [DEBUG] [shim] D-Bus signal: com.ableton.move.ScreenReader.text path=/com/ableton/move/screenreader sender=:1.12 arg0="2.1 x"
16:58:25.346 [DEBUG] [shim] D-Bus text: "2.1 x" (held_track=-1)
16:58:25.460 [DEBUG] [shadow] ui_view: parampages slot=0 component=global_settings step_observe_want=true
16:58:25.508 [DEBUG] [shim] Screen reader: Queued "2.0 x" (pending=1)
16:58:25.508 [DEBUG] [shim] Screen reader: "2.0 x" (injected 130 bytes to FD 12, serial=704)
16:58:25.509 [DEBUG] [shim] D-Bus signal: com.ableton.move.ScreenReader.text path=/com/ableton/move/screenreader sender=:1.12 arg0="2.0 x"
16:58:25.509 [DEBUG] [shim] D-Bus text: "2.0 x" (held_track=-1)
16:58:25.546 [DEBUG] [shadow] widgets: id="" params=0 vizKinds=[]
16:58:25.641 [DEBUG] [shim] Screen reader: Queued "1.9 x" (pending=1)
16:58:25.642 [DEBUG] [shim] Screen reader: "1.9 x" (injected 130 bytes to FD 12, serial=705)
16:58:25.642 [DEBUG] [shim] D-Bus signal: com.ableton.move.ScreenReader.text path=/com/ableton/move/screenreader sender=:1.12 arg0="1.9 x"
16:58:25.642 [DEBUG] [shim] D-Bus text: "1.9 x" (held_track=-1)
16:58:25.775 [DEBUG] [shim] Screen reader: Queued "1.8 x" (pending=1)
16:58:25.775 [DEBUG] [shim] Screen reader: "1.8 x" (injected 130 bytes to FD 12, serial=706)
16:58:25.776 [DEBUG] [shim] D-Bus signal: com.ableton.move.ScreenReader.text path=/com/ableton/move/screenreader sender=:1.12 arg0="1.8 x"
16:58:25.776 [DEBUG] [shim] D-Bus text: "1.8 x" (held_track=-1)
16:58:25.795 [DEBUG] [shadow] widgets: id="" params=0 vizKinds=[]
16:58:25.860 [DEBUG] [shadow] param_pages fps: 57 draws / 57 ticks / 1013ms
16:58:26.004 [DEBUG] [shadow_ui] param_giveup: claim=0 response=0 error=61 last_key=global_settings_module | claimwedge: rt=0 rr=0 blocked=0ms | slow>=90ms: n=0 worst=0ms key=- where=-
16:58:26.075 [DEBUG] [shadow] widgets: id="" params=0 vizKinds=[]
16:58:26.326 [DEBUG] [shadow] widgets: id="" params=0 vizKinds=[]
16:58:26.354 [DEBUG] [shadow] param_pages midi: 11 events (0 knob turns) / 1011ms
16:58:26.355 [DEBUG] [shim] Screen reader: Queued "1.8 x" (pending=1)
16:58:26.356 [DEBUG] [shim] Screen reader: "1.8 x" (injected 130 bytes to FD 12, serial=707)
16:58:26.356 [DEBUG] [shim] D-Bus signal: com.ableton.move.ScreenReader.text path=/com/ableton/move/screenreader sender=:1.12 arg0="1.8 x"
16:58:26.356 [DEBUG] [shim] D-Bus text: "1.8 x" (held_track=-1)
16:58:26.504 [DEBUG] [shim] Screen reader: Queued "1.6 x" (pending=1)
16:58:26.504 [DEBUG] [shim] Screen reader: "1.6 x" (injected 130 bytes to FD 12, serial=708)
16:58:26.504 [DEBUG] [shim] D-Bus signal: com.ableton.move.ScreenReader.text path=/com/ableton/move/screenreader sender=:1.12 arg0="1.6 x"
16:58:26.504 [DEBUG] [shim] D-Bus text: "1.6 x" (held_track=-1)
16:58:26.521 [DEBUG] [shadow] ui_view: parampages slot=0 component=global_settings step_observe_want=true
16:58:26.605 [DEBUG] [shadow] widgets: id="" params=0 vizKinds=[]
16:58:26.637 [DEBUG] [shim] Screen reader: Queued "1.5 x" (pending=1)
16:58:26.637 [DEBUG] [shim] Screen reader: "1.5 x" (injected 130 bytes to FD 12, serial=709)
16:58:26.638 [DEBUG] [shim] D-Bus signal: com.ableton.move.ScreenReader.text path=/com/ableton/move/screenreader sender=:1.12 arg0="1.5 x"
16:58:26.638 [DEBUG] [shim] D-Bus text: "1.5 x" (held_track=-1)
16:58:26.788 [DEBUG] [shim] Screen reader: Queued "1.5 x" (pending=1)
16:58:26.788 [DEBUG] [shim] Screen reader: "1.5 x" (injected 130 bytes to FD 12, serial=710)
16:58:26.788 [DEBUG] [shim] D-Bus signal: com.ableton.move.ScreenReader.text path=/com/ableton/move/screenreader sender=:1.12 arg0="1.5 x"
16:58:26.789 [DEBUG] [shim] D-Bus text: "1.5 x" (held_track=-1)
16:58:26.859 [DEBUG] [shadow] widgets: id="" params=0 vizKinds=[]
16:58:26.873 [DEBUG] [shadow] param_pages fps: 57 draws / 57 ticks / 1013ms
16:58:27.032 [DEBUG] [shim] Screen reader: Queued "1.4 x" (pending=1)
16:58:27.032 [DEBUG] [shim] Screen reader: "1.4 x" (injected 130 bytes to FD 12, serial=711)
16:58:27.032 [DEBUG] [shim] D-Bus signal: com.ableton.move.ScreenReader.text path=/com/ableton/move/screenreader sender=:1.12 arg0="1.4 x"
16:58:27.032 [DEBUG] [shim] D-Bus text: "1.4 x" (held_track=-1)
16:58:27.033 [DEBUG] [shadow_ui] param_giveup: claim=0 response=0 error=62 last_key=global_settings_module | claimwedge: rt=0 rr=0 blocked=0ms | slow>=90ms: n=0 worst=0ms key=- where=-
16:58:27.137 [DEBUG] [shadow] widgets: id="" params=0 vizKinds=[]
16:58:27.390 [DEBUG] [shadow] widgets: id="" params=0 vizKinds=[]
16:58:27.593 [DEBUG] [shadow] ui_view: parampages slot=0 component=global_settings step_observe_want=true
16:58:27.676 [DEBUG] [shadow] widgets: id="" params=0 vizKinds=[]
16:58:27.874 [DEBUG] [shadow] param_pages fps: 56 draws / 56 ticks / 1001ms
16:58:27.929 [DEBUG] [shadow] widgets: id="" params=0 vizKinds=[]
16:58:27.968 [DEBUG] [spi_timing] Frame(us): total avg=2457 max=2587 | pre avg=117 max=329 | ioctl avg=2322 max=2478 | post avg=16 max=38 | overruns=22
16:58:27.968 [DEBUG] [spi_timing] Pre(us): midi_mon=2/20 fwd_midi=2/69 mix_audio=8/35 ui_req=1/16 param=7/39 fwd_cc=0/1 proc_midi=1/21 jack_stash=1/21 drain_dsp=0/9 jack_wake=0/4 mix_buf=47/75 tts=5/32 display=7/214
16:58:27.968 [DEBUG] [spi_timing] Post(us): clear_leds=2/23 jack_midi=0/0 ui_midi=0/4 flush_leds=7/24 screenreader=1/247 jack_pre=0/1 jack_disp=0/2 pin=0/2 midi_scan=8/28 drain_dsp2=0/1 render=5/26
16:58:27.968 [DEBUG] [spi_timing] Slot render max(us): s0=0 s1=0 s2=0 s3=0 probe_burst_max=0
16:58:27.968 [DEBUG] [spi_timing] Slot synth max(us): s0=0 s1=0 s2=0 s3=0 | Slot fx max(us): s0=0 s1=0 s2=0 s3=0
16:58:28.007 [DEBUG] [shadow_ui] param_giveup: claim=0 response=0 error=60 last_key=global_settings_module | claimwedge: rt=0 rr=0 blocked=0ms | slow>=90ms: n=0 worst=0ms key=- where=-
16:58:28.208 [DEBUG] [shadow] widgets: id="" params=0 vizKinds=[]
16:58:28.458 [DEBUG] [shadow] widgets: id="" params=0 vizKinds=[]
16:58:28.649 [DEBUG] [shadow] ui_view: parampages slot=0 component=global_settings step_observe_want=true
16:58:28.736 [DEBUG] [shadow] widgets: id="" params=0 vizKinds=[]
16:58:28.878 [DEBUG] [shadow] param_pages fps: 56 draws / 56 ticks / 1004ms
16:58:28.986 [DEBUG] [shadow] widgets: id="" params=0 vizKinds=[]
16:58:29.014 [DEBUG] [shadow_ui] param_giveup: claim=0 response=0 error=61 last_key=global_settings_module | claimwedge: rt=0 rr=0 blocked=0ms | slow>=90ms: n=0 worst=0ms key=- where=-
16:58:29.264 [DEBUG] [shadow] widgets: id="" params=0 vizKinds=[]
16:58:29.518 [DEBUG] [shadow] widgets: id="" params=0 vizKinds=[]
16:58:29.712 [DEBUG] [shadow] ui_view: parampages slot=0 component=global_settings step_observe_want=true
16:58:29.795 [DEBUG] [shadow] widgets: id="" params=0 vizKinds=[]
16:58:29.897 [DEBUG] [shadow] param_pages fps: 58 draws / 58 ticks / 1019ms
16:58:30.010 [DEBUG] [shadow_ui] param_giveup: claim=0 response=0 error=60 last_key=global_settings_module | claimwedge: rt=0 rr=0 blocked=0ms | slow>=90ms: n=0 worst=0ms key=- where=-
16:58:30.048 [DEBUG] [shadow] widgets: id="" params=0 vizKinds=[]
16:58:30.323 [DEBUG] [shadow] widgets: id="" params=0 vizKinds=[]
16:58:30.573 [DEBUG] [shadow] widgets: id="" params=0 vizKinds=[]
16:58:30.765 [DEBUG] [shadow] ui_view: parampages slot=0 component=global_settings step_observe_want=true
16:58:30.852 [DEBUG] [shadow] widgets: id="" params=0 vizKinds=[]
16:58:30.910 [DEBUG] [shadow] param_pages fps: 57 draws / 57 ticks / 1013ms
16:58:31.014 [DEBUG] [shadow] param_pages midi: 15 events (0 knob turns) / 4660ms
16:58:31.017 [DEBUG] [shadow_ui] param_giveup: claim=0 response=0 error=61 last_key=global_settings_module | claimwedge: rt=0 rr=0 blocked=0ms | slow>=90ms: n=0 worst=0ms key=- where=-
16:58:31.017 [DEBUG] [shim] Screen reader: Queued "1.3 x" (pending=1)
16:58:31.017 [DEBUG] [shim] Screen reader: "1.3 x" (injected 130 bytes to FD 12, serial=712)
16:58:31.017 [DEBUG] [shim] D-Bus signal: com.ableton.move.ScreenReader.text path=/com/ableton/move/screenreader sender=:1.12 arg0="1.3 x"
16:58:31.017 [DEBUG] [shim] D-Bus text: "1.3 x" (held_track=-1)
16:58:31.104 [DEBUG] [shadow] widgets: id="" params=0 vizKinds=[]
16:58:31.150 [DEBUG] [shim] Screen reader: Queued "1.3 x" (pending=1)
16:58:31.151 [DEBUG] [shim] Screen reader: "1.3 x" (injected 130 bytes to FD 12, serial=713)
16:58:31.151 [DEBUG] [shim] D-Bus signal: com.ableton.move.ScreenReader.text path=/com/ableton/move/screenreader sender=:1.12 arg0="1.3 x"
16:58:31.151 [DEBUG] [shim] D-Bus text: "1.3 x" (held_track=-1)
16:58:31.275 [DEBUG] [shim] Screen reader: Queued "1.2 x" (pending=1)
16:58:31.275 [DEBUG] [shim] Screen reader: "1.2 x" (injected 130 bytes to FD 12, serial=714)
16:58:31.276 [DEBUG] [shim] D-Bus signal: com.ableton.move.ScreenReader.text path=/com/ableton/move/screenreader sender=:1.12 arg0="1.2 x"
16:58:31.276 [DEBUG] [shim] D-Bus text: "1.2 x" (held_track=-1)
16:58:31.380 [DEBUG] [shadow] widgets: id="" params=0 vizKinds=[]
16:58:31.630 [DEBUG] [shadow] widgets: id="" params=0 vizKinds=[]
16:58:31.822 [DEBUG] [shadow] ui_view: parampages slot=0 component=global_settings step_observe_want=true
16:58:31.909 [DEBUG] [shadow] widgets: id="" params=0 vizKinds=[]
16:58:31.923 [DEBUG] [shadow] param_pages fps: 58 draws / 58 ticks / 1013ms
16:58:32.022 [DEBUG] [shadow_ui] param_giveup: claim=0 response=0 error=61 last_key=global_settings_module | claimwedge: rt=0 rr=0 blocked=0ms | slow>=90ms: n=0 worst=0ms key=- where=-
16:58:32.159 [DEBUG] [shadow] widgets: id="" params=0 vizKinds=[]
16:58:32.436 [DEBUG] [shadow] widgets: id="" params=0 vizKinds=[]
16:58:32.686 [DEBUG] [shadow] widgets: id="" params=0 vizKinds=[]
16:58:32.886 [DEBUG] [shadow] ui_view: parampages slot=0 component=global_settings step_observe_want=true
16:58:32.923 [DEBUG] [shadow] param_pages fps: 56 draws / 56 ticks / 1000ms
16:58:32.968 [DEBUG] [spi_timing] Frame(us): total avg=2629 max=2792 | pre avg=109 max=306 | ioctl avg=2503 max=2691 | post avg=15 max=38 | overruns=22
16:58:32.968 [DEBUG] [spi_timing] Pre(us): midi_mon=1/13 fwd_midi=2/66 mix_audio=7/34 ui_req=1/6 param=7/37 fwd_cc=0/0 proc_midi=1/19 jack_stash=1/25 drain_dsp=0/1 jack_wake=0/1 mix_buf=45/77 tts=4/22 display=6/210
16:58:32.968 [DEBUG] [spi_timing] Post(us): clear_leds=2/26 jack_midi=0/0 ui_midi=0/21 flush_leds=6/28 screenreader=0/200 jack_pre=0/0 jack_disp=0/15 pin=0/4 midi_scan=8/29 drain_dsp2=0/7 render=4/25
16:58:32.968 [DEBUG] [spi_timing] Slot render max(us): s0=0 s1=0 s2=0 s3=0 probe_burst_max=0
16:58:32.968 [DEBUG] [spi_timing] Slot synth max(us): s0=0 s1=0 s2=0 s3=0 | Slot fx max(us): s0=0 s1=0 s2=0 s3=0
16:58:32.974 [DEBUG] [shadow] widgets: id="" params=0 vizKinds=[]
16:58:33.020 [DEBUG] [shadow_ui] param_giveup: claim=0 response=0 error=60 last_key=global_settings_module | claimwedge: rt=0 rr=0 blocked=0ms | slow>=90ms: n=0 worst=0ms key=- where=-
16:58:33.223 [DEBUG] [shadow] widgets: id="" params=0 vizKinds=[]
16:58:33.319 [DEBUG] [shadow] param_pages midi: 13 events (0 knob turns) / 2305ms
16:58:33.322 [DEBUG] [shim] Screen reader: Queued "1.0 x" (pending=1)
16:58:33.322 [DEBUG] [shim] Screen reader: "1.0 x" (injected 130 bytes to FD 12, serial=715)
16:58:33.322 [DEBUG] [shim] D-Bus signal: com.ableton.move.ScreenReader.text path=/com/ableton/move/screenreader sender=:1.12 arg0="1.0 x"
16:58:33.322 [DEBUG] [shim] D-Bus text: "1.0 x" (held_track=-1)
16:58:33.481 [DEBUG] [shim] Screen reader: Queued "0.9 x" (pending=1)
16:58:33.481 [DEBUG] [shim] Screen reader: "0.9 x" (injected 130 bytes to FD 12, serial=716)
16:58:33.482 [DEBUG] [shim] D-Bus signal: com.ableton.move.ScreenReader.text path=/com/ableton/move/screenreader sender=:1.12 arg0="0.9 x"
16:58:33.482 [DEBUG] [shim] D-Bus text: "0.9 x" (held_track=-1)
16:58:33.502 [DEBUG] [shadow] widgets: id="" params=0 vizKinds=[]
16:58:33.615 [DEBUG] [shim] Screen reader: Queued "0.7 x" (pending=1)
16:58:33.615 [DEBUG] [shim] Screen reader: "0.7 x" (injected 130 bytes to FD 12, serial=717)
16:58:33.615 [DEBUG] [shim] D-Bus signal: com.ableton.move.ScreenReader.text path=/com/ableton/move/screenreader sender=:1.12 arg0="0.7 x"
16:58:33.615 [DEBUG] [shim] D-Bus text: "0.7 x" (held_track=-1)
16:58:33.748 [DEBUG] [shim] Screen reader: Queued "0.6 x" (pending=1)
16:58:33.748 [DEBUG] [shim] Screen reader: "0.6 x" (injected 130 bytes to FD 12, serial=718)
16:58:33.749 [DEBUG] [shim] D-Bus signal: com.ableton.move.ScreenReader.text path=/com/ableton/move/screenreader sender=:1.12 arg0="0.6 x"
16:58:33.749 [DEBUG] [shim] D-Bus text: "0.6 x" (held_track=-1)
16:58:33.752 [DEBUG] [shadow] widgets: id="" params=0 vizKinds=[]
16:58:33.923 [DEBUG] [shadow] param_pages fps: 56 draws / 56 ticks / 1000ms
16:58:33.946 [DEBUG] [shadow] ui_view: parampages slot=0 component=global_settings step_observe_want=true
16:58:34.010 [DEBUG] [shadow_ui] param_giveup: claim=0 response=0 error=59 last_key=global_settings_module | claimwedge: rt=0 rr=0 blocked=0ms | slow>=90ms: n=0 worst=0ms key=- where=-
16:58:34.031 [DEBUG] [shadow] widgets: id="" params=0 vizKinds=[]
16:58:34.279 [DEBUG] [shadow] widgets: id="" params=0 vizKinds=[]
16:58:34.558 [DEBUG] [shadow] widgets: id="" params=0 vizKinds=[]
16:58:34.808 [DEBUG] [shadow] widgets: id="" params=0 vizKinds=[]
16:58:34.923 [DEBUG] [shadow] param_pages fps: 59 draws / 59 ticks / 1000ms
16:58:34.981 [DEBUG] [shadow] param_pages midi: 14 events (0 knob turns) / 1662ms
16:58:34.982 [DEBUG] [shim] Screen reader: Queued "0.6 x" (pending=1)
16:58:34.982 [DEBUG] [shim] Screen reader: "0.6 x" (injected 130 bytes to FD 12, serial=719)
16:58:34.982 [DEBUG] [shim] D-Bus signal: com.ableton.move.ScreenReader.text path=/com/ableton/move/screenreader sender=:1.12 arg0="0.6 x"
16:58:34.982 [DEBUG] [shim] D-Bus text: "0.6 x" (held_track=-1)
16:58:35.000 [DEBUG] [shadow] ui_view: parampages slot=0 component=global_settings step_observe_want=true
16:58:35.017 [DEBUG] [shadow_ui] param_giveup: claim=0 response=0 error=62 last_key=global_settings_module | claimwedge: rt=0 rr=0 blocked=0ms | slow>=90ms: n=0 worst=0ms key=- where=-
16:58:35.088 [DEBUG] [shadow] widgets: id="" params=0 vizKinds=[]
16:58:35.115 [DEBUG] [shim] Screen reader: Queued "0.5 x" (pending=1)
16:58:35.116 [DEBUG] [shim] Screen reader: "0.5 x" (injected 130 bytes to FD 12, serial=720)
16:58:35.116 [DEBUG] [shim] D-Bus signal: com.ableton.move.ScreenReader.text path=/com/ableton/move/screenreader sender=:1.12 arg0="0.5 x"
16:58:35.116 [DEBUG] [shim] D-Bus text: "0.5 x" (held_track=-1)
16:58:35.249 [DEBUG] [shim] Screen reader: Queued "0.5 x" (pending=1)
16:58:35.249 [DEBUG] [shim] Screen reader: "0.5 x" (injected 130 bytes to FD 12, serial=721)
16:58:35.249 [DEBUG] [shim] D-Bus signal: com.ableton.move.ScreenReader.text path=/com/ableton/move/screenreader sender=:1.12 arg0="0.5 x"
16:58:35.249 [DEBUG] [shim] D-Bus text: "0.5 x" (held_track=-1)
16:58:35.336 [DEBUG] [shadow] widgets: id="" params=0 vizKinds=[]
16:58:35.615 [DEBUG] [shadow] widgets: id="" params=0 vizKinds=[]
16:58:35.864 [DEBUG] [shadow] widgets: id="" params=0 vizKinds=[]
16:58:35.929 [DEBUG] [shadow] param_pages fps: 57 draws / 57 ticks / 1006ms
16:58:36.039 [DEBUG] [shadow_ui] param_giveup: claim=0 response=0 error=62 last_key=global_settings_module | claimwedge: rt=0 rr=0 blocked=0ms | slow>=90ms: n=0 worst=0ms key=- where=-
16:58:36.056 [DEBUG] [shadow] ui_view: parampages slot=0 component=global_settings step_observe_want=true
16:58:36.143 [DEBUG] [shadow] widgets: id="" params=0 vizKinds=[]
16:58:36.393 [DEBUG] [shadow] widgets: id="" params=0 vizKinds=[]
16:58:36.672 [DEBUG] [shadow] widgets: id="" params=0 vizKinds=[]
16:58:36.925 [DEBUG] [shadow] widgets: id="" params=0 vizKinds=[]
16:58:36.936 [DEBUG] [shadow] param_pages fps: 57 draws / 57 ticks / 1007ms
16:58:37.020 [DEBUG] [shadow_ui] param_giveup: claim=0 response=0 error=61 last_key=global_settings_module | claimwedge: rt=0 rr=0 blocked=0ms | slow>=90ms: n=0 worst=0ms key=- where=-
16:58:37.113 [DEBUG] [shadow] ui_view: parampages slot=0 component=global_settings step_observe_want=true
16:58:37.199 [DEBUG] [shadow] widgets: id="" params=0 vizKinds=[]
16:58:37.449 [DEBUG] [shadow] widgets: id="" params=0 vizKinds=[]
16:58:37.729 [DEBUG] [shadow] widgets: id="" params=0 vizKinds=[]
16:58:37.847 [DEBUG] [shim] D-Bus signal: org.freedesktop.DBus.ObjectManager.InterfacesAdded path=/ sender=:1.0
16:58:37.847 [DEBUG] [shim] D-Bus signal: org.freedesktop.DBus.ObjectManager.InterfacesAdded path=/ sender=:1.0
16:58:37.849 [DEBUG] [shim] D-Bus signal: net.connman.Service.PropertyChanged path=/net/connman/service/wifi_b047e9589495_47696c6c65747465_managed_psk sender=:1.0 arg0="Strength"
16:58:37.849 [DEBUG] [shim] D-Bus signal: net.connman.Service.PropertyChanged path=/net/connman/service/wifi_b047e9589495_5866696e697479204d6f62696c65_managed_ieee8021x sender=:1.0 arg0="Strength"
16:58:37.849 [DEBUG] [shim] D-Bus signal: net.connman.Service.PropertyChanged path=/net/connman/service/wifi_b047e9589495_7866696e69747977696669_managed_none sender=:1.0 arg0="Strength"
16:58:37.947 [DEBUG] [shim] D-Bus signal: net.connman.Manager.ServicesChanged path=/ sender=:1.0
16:58:37.952 [DEBUG] [shadow] param_pages fps: 57 draws / 57 ticks / 1016ms
16:58:37.968 [DEBUG] [spi_timing] Frame(us): total avg=2683 max=2823 | pre avg=113 max=295 | ioctl avg=2553 max=2700 | post avg=15 max=34 | overruns=22
16:58:37.968 [DEBUG] [spi_timing] Pre(us): midi_mon=1/6 fwd_midi=2/69 mix_audio=7/31 ui_req=1/23 param=7/73 fwd_cc=0/0 proc_midi=1/7 jack_stash=1/5 drain_dsp=0/0 jack_wake=0/9 mix_buf=45/75 tts=9/38 display=6/179
16:58:37.968 [DEBUG] [spi_timing] Post(us): clear_leds=2/19 jack_midi=0/4 ui_midi=0/3 flush_leds=6/29 screenreader=0/225 jack_pre=0/0 jack_disp=0/0 pin=0/4 midi_scan=8/28 drain_dsp2=0/16 render=4/13
16:58:37.968 [DEBUG] [spi_timing] Slot render max(us): s0=0 s1=0 s2=0 s3=0 probe_burst_max=0
16:58:37.968 [DEBUG] [spi_timing] Slot synth max(us): s0=0 s1=0 s2=0 s3=0 | Slot fx max(us): s0=0 s1=0 s2=0 s3=0
16:58:37.978 [DEBUG] [shadow] widgets: id="" params=0 vizKinds=[]
16:58:38.007 [DEBUG] [shadow_ui] param_giveup: claim=0 response=0 error=60 last_key=global_settings_module | claimwedge: rt=0 rr=0 blocked=0ms | slow>=90ms: n=0 worst=0ms key=- where=-
16:58:38.178 [DEBUG] [shadow] ui_view: parampages slot=0 component=global_settings step_observe_want=true
16:58:38.266 [DEBUG] [shadow] widgets: id="" params=0 vizKinds=[]
16:58:38.515 [DEBUG] [shadow] widgets: id="" params=0 vizKinds=[]
16:58:38.794 [DEBUG] [shadow] widgets: id="" params=0 vizKinds=[]
16:58:38.960 [DEBUG] [shadow] param_pages fps: 57 draws / 57 ticks / 1008ms
16:58:39.008 [DEBUG] [shadow_ui] param_giveup: claim=0 response=0 error=60 last_key=global_settings_module | claimwedge: rt=0 rr=0 blocked=0ms | slow>=90ms: n=0 worst=0ms key=- where=-
16:58:39.046 [DEBUG] [shadow] widgets: id="" params=0 vizKinds=[]
16:58:39.238 [DEBUG] [shadow] ui_view: parampages slot=0 component=global_settings step_observe_want=true
16:58:39.324 [DEBUG] [shadow] widgets: id="" params=0 vizKinds=[]
16:58:39.574 [DEBUG] [shadow] widgets: id="" params=0 vizKinds=[]
16:58:39.853 [DEBUG] [shadow] widgets: id="" params=0 vizKinds=[]
16:58:39.967 [DEBUG] [shadow] param_pages fps: 57 draws / 57 ticks / 1007ms
16:58:40.015 [DEBUG] [shadow_ui] param_giveup: claim=0 response=0 error=61 last_key=global_settings_module | claimwedge: rt=0 rr=0 blocked=0ms | slow>=90ms: n=0 worst=0ms key=- where=-
16:58:40.102 [DEBUG] [shadow] widgets: id="" params=0 vizKinds=[]
16:58:40.294 [DEBUG] [shadow] ui_view: parampages slot=0 component=global_settings step_observe_want=true
16:58:40.342 [DEBUG] [shadow] param_pages midi: 13 events (0 knob turns) / 5361ms
16:58:40.343 [DEBUG] [shim] Screen reader: Queued "0.5 x" (pending=1)
16:58:40.343 [DEBUG] [shim] Screen reader: "0.5 x" (injected 130 bytes to FD 12, serial=722)
16:58:40.344 [DEBUG] [shim] D-Bus signal: com.ableton.move.ScreenReader.text path=/com/ableton/move/screenreader sender=:1.12 arg0="0.5 x"
16:58:40.344 [DEBUG] [shim] D-Bus text: "0.5 x" (held_track=-1)
16:58:40.382 [DEBUG] [shadow] widgets: id="" params=0 vizKinds=[]
16:58:40.578 [DEBUG] [shim] Screen reader: Queued "0.5 x" (pending=1)
16:58:40.578 [DEBUG] [shim] Screen reader: "0.5 x" (injected 130 bytes to FD 12, serial=723)
16:58:40.579 [DEBUG] [shim] D-Bus signal: com.ableton.move.ScreenReader.text path=/com/ableton/move/screenreader sender=:1.12 arg0="0.5 x"
16:58:40.579 [DEBUG] [shim] D-Bus text: "0.5 x" (held_track=-1)
16:58:40.632 [DEBUG] [shadow] widgets: id="" params=0 vizKinds=[]
16:58:40.744 [DEBUG] [shim] Screen reader: Queued "0.5 x" (pending=1)
16:58:40.744 [DEBUG] [shim] Screen reader: "0.5 x" (injected 130 bytes to FD 12, serial=724)
16:58:40.744 [DEBUG] [shim] D-Bus signal: com.ableton.move.ScreenReader.text path=/com/ableton/move/screenreader sender=:1.12 arg0="0.5 x"
16:58:40.744 [DEBUG] [shim] D-Bus text: "0.5 x" (held_track=-1)
16:58:40.874 [DEBUG] [shim] Screen reader: Queued "0.5 x" (pending=1)
16:58:40.874 [DEBUG] [shim] Screen reader: "0.5 x" (injected 130 bytes to FD 12, serial=725)
16:58:40.875 [DEBUG] [shim] D-Bus signal: com.ableton.move.ScreenReader.text path=/com/ableton/move/screenreader sender=:1.12 arg0="0.5 x"
16:58:40.875 [DEBUG] [shim] D-Bus text: "0.5 x" (held_track=-1)
16:58:40.910 [DEBUG] [shadow] widgets: id="" params=0 vizKinds=[]
16:58:40.968 [DEBUG] [shadow] param_pages fps: 56 draws / 56 ticks / 1001ms
16:58:41.005 [DEBUG] [shim] Screen reader: Queued "0.5 x" (pending=1)
16:58:41.005 [DEBUG] [shim] Screen reader: "0.5 x" (injected 130 bytes to FD 12, serial=726)
16:58:41.005 [DEBUG] [shim] D-Bus signal: com.ableton.move.ScreenReader.text path=/com/ableton/move/screenreader sender=:1.12 arg0="0.5 x"
16:58:41.005 [DEBUG] [shim] D-Bus text: "0.5 x" (held_track=-1)
16:58:41.008 [DEBUG] [shadow_ui] param_giveup: claim=0 response=0 error=60 last_key=global_settings_module | claimwedge: rt=0 rr=0 blocked=0ms | slow>=90ms: n=0 worst=0ms key=- where=-
16:58:41.159 [DEBUG] [shadow] widgets: id="" params=0 vizKinds=[]
16:58:41.351 [DEBUG] [shadow] ui_view: parampages slot=0 component=global_settings step_observe_want=true
16:58:41.438 [DEBUG] [shadow] widgets: id="" params=0 vizKinds=[]
16:58:41.688 [DEBUG] [shadow] widgets: id="" params=0 vizKinds=[]
16:58:41.966 [DEBUG] [shadow] widgets: id="" params=0 vizKinds=[]
16:58:41.981 [DEBUG] [shadow] param_pages fps: 58 draws / 58 ticks / 1013ms
16:58:42.013 [DEBUG] [shadow_ui] param_giveup: claim=0 response=0 error=61 last_key=global_settings_module | claimwedge: rt=0 rr=0 blocked=0ms | slow>=90ms: n=0 worst=0ms key=- where=-
16:58:42.215 [DEBUG] [shadow] widgets: id="" params=0 vizKinds=[]
16:58:42.407 [DEBUG] [shadow] ui_view: parampages slot=0 component=global_settings step_observe_want=true
16:58:42.495 [DEBUG] [shadow] widgets: id="" params=0 vizKinds=[]
16:58:42.744 [DEBUG] [shadow] widgets: id="" params=0 vizKinds=[]
16:58:42.968 [DEBUG] [spi_timing] Frame(us): total avg=2688 max=2792 | pre avg=106 max=276 | ioctl avg=2566 max=2701 | post avg=14 max=32 | overruns=22
16:58:42.968 [DEBUG] [spi_timing] Pre(us): midi_mon=1/20 fwd_midi=2/62 mix_audio=7/34 ui_req=1/11 param=7/76 fwd_cc=0/0 proc_midi=1/11 jack_stash=1/23 drain_dsp=0/0 jack_wake=0/20 mix_buf=44/69 tts=4/17 display=6/201
16:58:42.969 [DEBUG] [spi_timing] Post(us): clear_leds=2/26 jack_midi=0/2 ui_midi=0/4 flush_leds=6/26 screenreader=0/245 jack_pre=0/0 jack_disp=0/0 pin=0/1 midi_scan=8/25 drain_dsp2=0/4 render=4/12
16:58:42.969 [DEBUG] [spi_timing] Slot render max(us): s0=0 s1=0 s2=0 s3=0 probe_burst_max=0
16:58:42.969 [DEBUG] [spi_timing] Slot synth max(us): s0=0 s1=0 s2=0 s3=0 | Slot fx max(us): s0=0 s1=0 s2=0 s3=0
16:58:42.985 [DEBUG] [shadow] param_pages fps: 57 draws / 57 ticks / 1004ms
16:58:43.020 [DEBUG] [shadow_ui] param_giveup: claim=0 response=0 error=60 last_key=global_settings_module | claimwedge: rt=0 rr=0 blocked=0ms | slow>=90ms: n=0 worst=0ms key=- where=-
16:58:43.023 [DEBUG] [shadow] widgets: id="" params=0 vizKinds=[]
16:58:43.272 [DEBUG] [shadow] widgets: id="" params=0 vizKinds=[]
16:58:43.472 [DEBUG] [shadow] ui_view: parampages slot=0 component=global_settings step_observe_want=true
16:58:43.559 [DEBUG] [shadow] widgets: id="" params=0 vizKinds=[]
16:58:43.810 [DEBUG] [shadow] widgets: id="" params=0 vizKinds=[]
16:58:44.002 [DEBUG] [shadow] param_pages fps: 57 draws / 57 ticks / 1017ms
16:58:44.018 [DEBUG] [shadow_ui] param_giveup: claim=0 response=0 error=61 last_key=global_settings_module | claimwedge: rt=0 rr=0 blocked=0ms | slow>=90ms: n=0 worst=0ms key=- where=-
16:58:44.088 [DEBUG] [shadow] widgets: id="" params=0 vizKinds=[]
16:58:44.337 [DEBUG] [shadow] widgets: id="" params=0 vizKinds=[]
16:58:44.530 [DEBUG] [shadow] ui_view: parampages slot=0 component=global_settings step_observe_want=true
16:58:44.617 [DEBUG] [shadow] widgets: id="" params=0 vizKinds=[]
16:58:44.866 [DEBUG] [shadow] widgets: id="" params=0 vizKinds=[]
16:58:45.037 [DEBUG] [shadow] param_pages fps: 58 draws / 58 ticks / 1035ms
16:58:45.040 [DEBUG] [shadow_ui] param_giveup: claim=0 response=0 error=62 last_key=global_settings_module | claimwedge: rt=0 rr=0 blocked=0ms | slow>=90ms: n=0 worst=0ms key=- where=-
16:58:45.144 [DEBUG] [shadow] widgets: id="" params=0 vizKinds=[]
16:58:45.394 [DEBUG] [shadow] widgets: id="" params=0 vizKinds=[]
16:58:45.586 [DEBUG] [shadow] ui_view: parampages slot=0 component=global_settings step_observe_want=true
16:58:45.673 [DEBUG] [shadow] widgets: id="" params=0 vizKinds=[]
16:58:45.922 [DEBUG] [shadow] widgets: id="" params=0 vizKinds=[]
16:58:46.021 [DEBUG] [shadow_ui] param_giveup: claim=0 response=0 error=61 last_key=global_settings_module | claimwedge: rt=0 rr=0 blocked=0ms | slow>=90ms: n=0 worst=0ms key=- where=-
16:58:46.093 [DEBUG] [shadow] param_pages fps: 60 draws / 60 ticks / 1056ms
16:58:46.202 [DEBUG] [shadow] widgets: id="" params=0 vizKinds=[]
16:58:46.451 [DEBUG] [shadow] widgets: id="" params=0 vizKinds=[]
16:58:46.643 [DEBUG] [shadow] ui_view: parampages slot=0 component=global_settings step_observe_want=true
16:58:46.730 [DEBUG] [shadow] widgets: id="" params=0 vizKinds=[]
16:58:46.979 [DEBUG] [shadow] widgets: id="" params=0 vizKinds=[]
16:58:47.008 [DEBUG] [shadow_ui] param_giveup: claim=0 response=0 error=60 last_key=global_settings_module | claimwedge: rt=0 rr=0 blocked=0ms | slow>=90ms: n=0 worst=0ms key=- where=-
16:58:47.151 [DEBUG] [shadow] param_pages fps: 60 draws / 60 ticks / 1058ms
16:58:47.258 [DEBUG] [shadow] widgets: id="" params=0 vizKinds=[]
16:58:47.507 [DEBUG] [shadow] widgets: id="" params=0 vizKinds=[]
16:58:47.699 [DEBUG] [shadow] ui_view: parampages slot=0 component=global_settings step_observe_want=true
16:58:47.787 [DEBUG] [shadow] widgets: id="" params=0 vizKinds=[]
16:58:47.969 [DEBUG] [spi_timing] Frame(us): total avg=2693 max=2791 | pre avg=102 max=289 | ioctl avg=2574 max=2694 | post avg=14 max=40 | overruns=22
16:58:47.969 [DEBUG] [spi_timing] Pre(us): midi_mon=1/10 fwd_midi=2/62 mix_audio=7/24 ui_req=1/3 param=6/37 fwd_cc=0/18 proc_midi=1/8 jack_stash=1/11 drain_dsp=0/1 jack_wake=0/22 mix_buf=44/79 tts=2/17 display=6/180
16:58:47.969 [DEBUG] [spi_timing] Post(us): clear_leds=2/27 jack_midi=0/3 ui_midi=0/20 flush_leds=6/29 screenreader=0/0 jack_pre=0/0 jack_disp=0/0 pin=0/8 midi_scan=8/26 drain_dsp2=0/5 render=4/28
16:58:47.969 [DEBUG] [spi_timing] Slot render max(us): s0=0 s1=0 s2=0 s3=0 probe_burst_max=0
16:58:47.969 [DEBUG] [spi_timing] Slot synth max(us): s0=0 s1=0 s2=0 s3=0 | Slot fx max(us): s0=0 s1=0 s2=0 s3=0
16:58:48.015 [DEBUG] [shadow_ui] param_giveup: claim=0 response=0 error=61 last_key=global_settings_module | claimwedge: rt=0 rr=0 blocked=0ms | slow>=90ms: n=0 worst=0ms key=- where=-
16:58:48.035 [DEBUG] [shadow] widgets: id="" params=0 vizKinds=[]
16:58:48.208 [DEBUG] [shadow] param_pages fps: 60 draws / 60 ticks / 1057ms
16:58:48.314 [DEBUG] [shadow] widgets: id="" params=0 vizKinds=[]
16:58:48.567 [DEBUG] [shadow] widgets: id="" params=0 vizKinds=[]
16:58:48.767 [DEBUG] [shadow] ui_view: parampages slot=0 component=global_settings step_observe_want=true
16:58:48.854 [DEBUG] [shadow] widgets: id="" params=0 vizKinds=[]
16:58:48.965 [DEBUG] [shadow] param_pages midi: 9 events (0 knob turns) / 8623ms
16:58:48.967 [DEBUG] [shim] Screen reader: Queued "0.5 x" (pending=1)
16:58:48.967 [DEBUG] [shim] Screen reader: "0.5 x" (injected 130 bytes to FD 12, serial=727)
16:58:48.968 [DEBUG] [shim] D-Bus signal: com.ableton.move.ScreenReader.text path=/com/ableton/move/screenreader sender=:1.12 arg0="0.5 x"
16:58:48.968 [DEBUG] [shim] D-Bus text: "0.5 x" (held_track=-1)
16:58:49.017 [DEBUG] [shadow_ui] param_giveup: claim=0 response=0 error=60 last_key=global_settings_module | claimwedge: rt=0 rr=0 blocked=0ms | slow>=90ms: n=0 worst=0ms key=- where=-
16:58:49.101 [DEBUG] [shim] Screen reader: Queued "0.6 x" (pending=1)
16:58:49.101 [DEBUG] [shim] Screen reader: "0.6 x" (injected 130 bytes to FD 12, serial=728)
16:58:49.101 [DEBUG] [shim] D-Bus signal: com.ableton.move.ScreenReader.text path=/com/ableton/move/screenreader sender=:1.12 arg0="0.6 x"
16:58:49.101 [DEBUG] [shim] D-Bus text: "0.6 x" (held_track=-1)
16:58:49.107 [DEBUG] [shadow] widgets: id="" params=0 vizKinds=[]
16:58:49.217 [DEBUG] [shadow] param_pages fps: 59 draws / 59 ticks / 1009ms
16:58:49.234 [DEBUG] [shim] Screen reader: Queued "0.8 x" (pending=1)
16:58:49.234 [DEBUG] [shim] Screen reader: "0.8 x" (injected 130 bytes to FD 12, serial=729)
16:58:49.235 [DEBUG] [shim] D-Bus signal: com.ableton.move.ScreenReader.text path=/com/ableton/move/screenreader sender=:1.12 arg0="0.8 x"
16:58:49.235 [DEBUG] [shim] D-Bus text: "0.8 x" (held_track=-1)
16:58:49.382 [DEBUG] [shadow] widgets: id="" params=0 vizKinds=[]
16:58:49.635 [DEBUG] [shadow] widgets: id="" params=0 vizKinds=[]
16:58:49.826 [DEBUG] [shadow] ui_view: parampages slot=0 component=global_settings step_observe_want=true
16:58:49.914 [DEBUG] [shadow] widgets: id="" params=0 vizKinds=[]
16:58:49.975 [DEBUG] [shadow] param_pages midi: 17 events (0 knob turns) / 1010ms
16:58:49.977 [DEBUG] [shim] Screen reader: Queued "1.0 x" (pending=1)
16:58:49.977 [DEBUG] [shim] Screen reader: "1.0 x" (injected 130 bytes to FD 12, serial=730)
16:58:49.978 [DEBUG] [shim] D-Bus signal: com.ableton.move.ScreenReader.text path=/com/ableton/move/screenreader sender=:1.12 arg0="1.0 x"
16:58:49.978 [DEBUG] [shim] D-Bus text: "1.0 x" (held_track=-1)
16:58:50.009 [DEBUG] [shadow_ui] param_giveup: claim=0 response=0 error=60 last_key=global_settings_module | claimwedge: rt=0 rr=0 blocked=0ms | slow>=90ms: n=0 worst=0ms key=- where=-
16:58:50.111 [DEBUG] [shim] Screen reader: Queued "1.1 x" (pending=1)
16:58:50.111 [DEBUG] [shim] Screen reader: "1.1 x" (injected 130 bytes to FD 12, serial=731)
16:58:50.113 [DEBUG] [shim] D-Bus signal: com.ableton.move.ScreenReader.text path=/com/ableton/move/screenreader sender=:1.12 arg0="1.1 x"
16:58:50.113 [DEBUG] [shim] D-Bus text: "1.1 x" (held_track=-1)
16:58:50.163 [DEBUG] [shadow] widgets: id="" params=0 vizKinds=[]
16:58:50.228 [DEBUG] [shadow] param_pages fps: 57 draws / 57 ticks / 1011ms
16:58:50.262 [DEBUG] [shim] Screen reader: Queued "1.2 x" (pending=1)
16:58:50.262 [DEBUG] [shim] Screen reader: "1.2 x" (injected 130 bytes to FD 12, serial=732)
16:58:50.262 [DEBUG] [shim] D-Bus signal: com.ableton.move.ScreenReader.text path=/com/ableton/move/screenreader sender=:1.12 arg0="1.2 x"
16:58:50.262 [DEBUG] [shim] D-Bus text: "1.2 x" (held_track=-1)
16:58:50.410 [DEBUG] [shim] Screen reader: Queued "1.3 x" (pending=1)
16:58:50.410 [DEBUG] [shim] Screen reader: "1.3 x" (injected 130 bytes to FD 12, serial=733)
16:58:50.410 [DEBUG] [shim] D-Bus signal: com.ableton.move.ScreenReader.text path=/com/ableton/move/screenreader sender=:1.12 arg0="1.3 x"
16:58:50.410 [DEBUG] [shim] D-Bus text: "1.3 x" (held_track=-1)
16:58:50.446 [DEBUG] [shadow] widgets: id="" params=0 vizKinds=[]
16:58:50.558 [DEBUG] [shim] Screen reader: Queued "1.5 x" (pending=1)
16:58:50.558 [DEBUG] [shim] Screen reader: "1.5 x" (injected 130 bytes to FD 12, serial=734)
16:58:50.558 [DEBUG] [shim] D-Bus signal: com.ableton.move.ScreenReader.text path=/com/ableton/move/screenreader sender=:1.12 arg0="1.5 x"
16:58:50.558 [DEBUG] [shim] D-Bus text: "1.5 x" (held_track=-1)
16:58:50.698 [DEBUG] [shadow] widgets: id="" params=0 vizKinds=[]
16:58:50.889 [DEBUG] [shadow] ui_view: parampages slot=0 component=global_settings step_observe_want=true
16:58:50.976 [DEBUG] [shadow] widgets: id="" params=0 vizKinds=[]
16:58:51.005 [DEBUG] [shadow_ui] param_giveup: claim=0 response=0 error=60 last_key=global_settings_module | claimwedge: rt=0 rr=0 blocked=0ms | slow>=90ms: n=0 worst=0ms key=- where=-
16:58:51.229 [DEBUG] [shadow] widgets: id="" params=0 vizKinds=[]
16:58:51.230 [DEBUG] [shadow] param_pages fps: 56 draws / 56 ticks / 1002ms
16:58:51.401 [DEBUG] [shadow] param_pages midi: 21 events (0 knob turns) / 1426ms
16:58:51.402 [DEBUG] [shim] Screen reader: Queued "1.6 x" (pending=1)
16:58:51.403 [DEBUG] [shim] Screen reader: "1.6 x" (injected 130 bytes to FD 12, serial=735)
16:58:51.403 [DEBUG] [shim] D-Bus signal: com.ableton.move.ScreenReader.text path=/com/ableton/move/screenreader sender=:1.12 arg0="1.6 x"
16:58:51.403 [DEBUG] [shim] D-Bus text: "1.6 x" (held_track=-1)
16:58:51.507 [DEBUG] [shadow] widgets: id="" params=0 vizKinds=[]
16:58:51.553 [DEBUG] [shim] Screen reader: Queued "1.7 x" (pending=1)
16:58:51.554 [DEBUG] [shim] Screen reader: "1.7 x" (injected 130 bytes to FD 12, serial=736)
16:58:51.554 [DEBUG] [shim] D-Bus signal: com.ableton.move.ScreenReader.text path=/com/ableton/move/screenreader sender=:1.12 arg0="1.7 x"
16:58:51.554 [DEBUG] [shim] D-Bus text: "1.7 x" (held_track=-1)
16:58:51.704 [DEBUG] [shim] Screen reader: Queued "1.8 x" (pending=1)
16:58:51.705 [DEBUG] [shim] Screen reader: "1.8 x" (injected 130 bytes to FD 12, serial=737)
16:58:51.705 [DEBUG] [shim] D-Bus signal: com.ableton.move.ScreenReader.text path=/com/ableton/move/screenreader sender=:1.12 arg0="1.8 x"
16:58:51.705 [DEBUG] [shim] D-Bus text: "1.8 x" (held_track=-1)
16:58:51.757 [DEBUG] [shadow] widgets: id="" params=0 vizKinds=[]
16:58:51.838 [DEBUG] [shim] Screen reader: Queued "2.0 x" (pending=1)
16:58:51.838 [DEBUG] [shim] Screen reader: "2.0 x" (injected 130 bytes to FD 12, serial=738)
16:58:51.839 [DEBUG] [shim] D-Bus signal: com.ableton.move.ScreenReader.text path=/com/ableton/move/screenreader sender=:1.12 arg0="2.0 x"
16:58:51.839 [DEBUG] [shim] D-Bus text: "2.0 x" (held_track=-1)
16:58:51.952 [DEBUG] [shadow] ui_view: parampages slot=0 component=global_settings step_observe_want=true
16:58:52.018 [DEBUG] [shadow_ui] param_giveup: claim=0 response=0 error=60 last_key=global_settings_module | claimwedge: rt=0 rr=0 blocked=0ms | slow>=90ms: n=0 worst=0ms key=- where=-
16:58:52.035 [DEBUG] [shadow] widgets: id="" params=0 vizKinds=[]
16:58:52.233 [DEBUG] [shadow] param_pages fps: 57 draws / 57 ticks / 1003ms
16:58:52.288 [DEBUG] [shadow] widgets: id="" params=0 vizKinds=[]
16:58:52.564 [DEBUG] [shadow] widgets: id="" params=0 vizKinds=[]
16:58:52.814 [DEBUG] [shadow] widgets: id="" params=0 vizKinds=[]
16:58:52.969 [DEBUG] [spi_timing] Frame(us): total avg=2451 max=2553 | pre avg=124 max=312 | ioctl avg=2309 max=2439 | post avg=16 max=45 | overruns=22
16:58:52.969 [DEBUG] [spi_timing] Pre(us): midi_mon=2/30 fwd_midi=2/68 mix_audio=8/36 ui_req=1/5 param=8/33 fwd_cc=0/1 proc_midi=1/23 jack_stash=1/25 drain_dsp=0/17 jack_wake=0/2 mix_buf=47/74 tts=10/36 display=7/192
16:58:52.969 [DEBUG] [spi_timing] Post(us): clear_leds=3/24 jack_midi=0/4 ui_midi=0/20 flush_leds=7/32 screenreader=1/230 jack_pre=0/3 jack_disp=0/0 pin=0/4 midi_scan=9/32 drain_dsp2=0/5 render=5/21
16:58:52.969 [DEBUG] [spi_timing] Slot render max(us): s0=0 s1=0 s2=0 s3=0 probe_burst_max=0
16:58:52.969 [DEBUG] [spi_timing] Slot synth max(us): s0=0 s1=0 s2=0 s3=0 | Slot fx max(us): s0=0 s1=0 s2=0 s3=0
16:58:53.005 [DEBUG] [shadow_ui] param_giveup: claim=0 response=0 error=61 last_key=global_settings_module | claimwedge: rt=0 rr=0 blocked=0ms | slow>=90ms: n=0 worst=0ms key=- where=-
16:58:53.005 [DEBUG] [shadow] ui_view: parampages slot=0 component=global_settings step_observe_want=true
16:58:53.092 [DEBUG] [shadow] widgets: id="" params=0 vizKinds=[]
16:58:53.234 [DEBUG] [shadow] param_pages fps: 56 draws / 56 ticks / 1001ms
16:58:53.342 [DEBUG] [shadow] widgets: id="" params=0 vizKinds=[]
16:58:53.620 [DEBUG] [shadow] widgets: id="" params=0 vizKinds=[]
16:58:53.870 [DEBUG] [shadow] widgets: id="" params=0 vizKinds=[]
16:58:54.009 [DEBUG] [shadow_ui] param_giveup: claim=0 response=0 error=62 last_key=global_settings_module | claimwedge: rt=0 rr=0 blocked=0ms | slow>=90ms: n=0 worst=0ms key=- where=-
16:58:54.073 [DEBUG] [shadow] ui_view: parampages slot=0 component=global_settings step_observe_want=true
16:58:54.157 [DEBUG] [shadow] widgets: id="" params=0 vizKinds=[]
16:58:54.239 [DEBUG] [shadow] param_pages fps: 57 draws / 57 ticks / 1005ms
16:58:54.411 [DEBUG] [shadow] widgets: id="" params=0 vizKinds=[]
16:58:54.688 [DEBUG] [shadow] widgets: id="" params=0 vizKinds=[]
16:58:54.938 [DEBUG] [shadow] widgets: id="" params=0 vizKinds=[]
16:58:55.020 [DEBUG] [shadow_ui] param_giveup: claim=0 response=0 error=61 last_key=global_settings_module | claimwedge: rt=0 rr=0 blocked=0ms | slow>=90ms: n=0 worst=0ms key=- where=-
16:58:55.132 [DEBUG] [shadow] ui_view: parampages slot=0 component=global_settings step_observe_want=true
16:58:55.218 [DEBUG] [shadow] widgets: id="" params=0 vizKinds=[]
16:58:55.250 [DEBUG] [shadow] param_pages fps: 57 draws / 57 ticks / 1011ms
16:58:55.470 [DEBUG] [shadow] widgets: id="" params=0 vizKinds=[]
16:58:55.673 [DEBUG] [shadow] param_pages midi: 19 events (0 knob turns) / 4272ms
16:58:55.675 [DEBUG] [shim] Screen reader: Queued "2.1 x" (pending=1)
16:58:55.675 [DEBUG] [shim] Screen reader: "2.1 x" (injected 130 bytes to FD 12, serial=739)
16:58:55.676 [DEBUG] [shim] D-Bus signal: com.ableton.move.ScreenReader.text path=/com/ableton/move/screenreader sender=:1.12 arg0="2.1 x"
16:58:55.676 [DEBUG] [shim] D-Bus text: "2.1 x" (held_track=-1)
16:58:55.746 [DEBUG] [shadow] widgets: id="" params=0 vizKinds=[]
16:58:55.809 [DEBUG] [shim] Screen reader: Queued "2.2 x" (pending=1)
16:58:55.809 [DEBUG] [shim] Screen reader: "2.2 x" (injected 130 bytes to FD 12, serial=740)
16:58:55.809 [DEBUG] [shim] D-Bus signal: com.ableton.move.ScreenReader.text path=/com/ableton/move/screenreader sender=:1.12 arg0="2.2 x"
16:58:55.809 [DEBUG] [shim] D-Bus text: "2.2 x" (held_track=-1)
16:58:55.942 [DEBUG] [shim] Screen reader: Queued "2.3 x" (pending=1)
16:58:55.942 [DEBUG] [shim] Screen reader: "2.3 x" (injected 130 bytes to FD 12, serial=741)
16:58:55.943 [DEBUG] [shim] D-Bus signal: com.ableton.move.ScreenReader.text path=/com/ableton/move/screenreader sender=:1.12 arg0="2.3 x"
16:58:55.943 [DEBUG] [shim] D-Bus text: "2.3 x" (held_track=-1)
16:58:55.994 [DEBUG] [shadow] widgets: id="" params=0 vizKinds=[]
16:58:56.010 [DEBUG] [shadow_ui] param_giveup: claim=0 response=0 error=60 last_key=global_settings_module | claimwedge: rt=0 rr=0 blocked=0ms | slow>=90ms: n=0 worst=0ms key=- where=-
16:58:56.093 [DEBUG] [shim] Screen reader: Queued "2.4 x" (pending=1)
16:58:56.093 [DEBUG] [shim] Screen reader: "2.4 x" (injected 130 bytes to FD 12, serial=742)
16:58:56.093 [DEBUG] [shim] D-Bus signal: com.ableton.move.ScreenReader.text path=/com/ableton/move/screenreader sender=:1.12 arg0="2.4 x"
16:58:56.093 [DEBUG] [shim] D-Bus text: "2.4 x" (held_track=-1)
16:58:56.190 [DEBUG] [shadow] ui_view: parampages slot=0 component=global_settings step_observe_want=true
16:58:56.221 [DEBUG] [shim] Screen reader: Queued "2.5 x" (pending=1)
16:58:56.221 [DEBUG] [shim] Screen reader: "2.5 x" (injected 130 bytes to FD 12, serial=743)
16:58:56.221 [DEBUG] [shim] D-Bus signal: com.ableton.move.ScreenReader.text path=/com/ableton/move/screenreader sender=:1.12 arg0="2.5 x"
16:58:56.221 [DEBUG] [shim] D-Bus text: "2.5 x" (held_track=-1)
16:58:56.257 [DEBUG] [shadow] param_pages fps: 57 draws / 57 ticks / 1007ms
16:58:56.274 [DEBUG] [shadow] widgets: id="" params=0 vizKinds=[]
16:58:56.441 [DEBUG] [shim] Screen reader: Queued "2.6 x" (pending=1)
16:58:56.441 [DEBUG] [shim] Screen reader: "2.6 x" (injected 130 bytes to FD 12, serial=744)
16:58:56.442 [DEBUG] [shim] D-Bus signal: com.ableton.move.ScreenReader.text path=/com/ableton/move/screenreader sender=:1.12 arg0="2.6 x"
16:58:56.442 [DEBUG] [shim] D-Bus text: "2.6 x" (held_track=-1)
16:58:56.529 [DEBUG] [shadow] widgets: id="" params=0 vizKinds=[]
16:58:56.807 [DEBUG] [shadow] widgets: id="" params=0 vizKinds=[]
16:58:57.004 [DEBUG] [shadow_ui] param_giveup: claim=0 response=0 error=59 last_key=global_settings_module | claimwedge: rt=0 rr=0 blocked=0ms | slow>=90ms: n=0 worst=0ms key=- where=-
16:58:57.057 [DEBUG] [shadow] widgets: id="" params=0 vizKinds=[]
16:58:57.102 [DEBUG] [shadow] param_pages midi: 23 events (0 knob turns) / 1429ms
16:58:57.103 [DEBUG] [shim] Screen reader: Queued "2.7 x" (pending=1)
16:58:57.103 [DEBUG] [shim] Screen reader: "2.7 x" (injected 130 bytes to FD 12, serial=745)
16:58:57.104 [DEBUG] [shim] D-Bus signal: com.ableton.move.ScreenReader.text path=/com/ableton/move/screenreader sender=:1.12 arg0="2.7 x"
16:58:57.104 [DEBUG] [shim] D-Bus text: "2.7 x" (held_track=-1)
16:58:57.231 [DEBUG] [shim] Screen reader: Queued "2.8 x" (pending=1)
16:58:57.231 [DEBUG] [shim] Screen reader: "2.8 x" (injected 130 bytes to FD 12, serial=746)
16:58:57.231 [DEBUG] [shim] D-Bus signal: com.ableton.move.ScreenReader.text path=/com/ableton/move/screenreader sender=:1.12 arg0="2.8 x"
16:58:57.231 [DEBUG] [shim] D-Bus text: "2.8 x" (held_track=-1)
16:58:57.248 [DEBUG] [shadow] ui_view: parampages slot=0 component=global_settings step_observe_want=true
16:58:57.267 [DEBUG] [shadow] param_pages fps: 57 draws / 57 ticks / 1010ms
16:58:57.335 [DEBUG] [shadow] widgets: id="" params=0 vizKinds=[]
16:58:57.586 [DEBUG] [shadow] widgets: id="" params=0 vizKinds=[]
16:58:57.864 [DEBUG] [shadow] widgets: id="" params=0 vizKinds=[]
16:58:57.969 [DEBUG] [spi_timing] Frame(us): total avg=2461 max=2647 | pre avg=111 max=314 | ioctl avg=2333 max=2522 | post avg=15 max=42 | overruns=22
16:58:57.969 [DEBUG] [spi_timing] Pre(us): midi_mon=2/18 fwd_midi=2/68 mix_audio=8/30 ui_req=1/15 param=8/76 fwd_cc=0/0 proc_midi=1/14 jack_stash=1/11 drain_dsp=0/1 jack_wake=0/4 mix_buf=47/79 tts=1/2 display=7/205
16:58:57.969 [DEBUG] [spi_timing] Post(us): clear_leds=2/15 jack_midi=0/2 ui_midi=0/18 flush_leds=7/29 screenreader=0/0 jack_pre=0/3 jack_disp=0/0 pin=0/18 midi_scan=8/31 drain_dsp2=0/5 render=5/27
16:58:57.969 [DEBUG] [spi_timing] Slot render max(us): s0=0 s1=0 s2=0 s3=0 probe_burst_max=0
16:58:57.969 [DEBUG] [spi_timing] Slot synth max(us): s0=0 s1=0 s2=0 s3=0 | Slot fx max(us): s0=0 s1=0 s2=0 s3=0
16:58:58.009 [DEBUG] [shadow_ui] param_giveup: claim=0 response=0 error=62 last_key=global_settings_module | claimwedge: rt=0 rr=0 blocked=0ms | slow>=90ms: n=0 worst=0ms key=- where=-
16:58:58.113 [DEBUG] [shadow] widgets: id="" params=0 vizKinds=[]
16:58:58.191 [DEBUG] [shadow] param_pages midi: 9 events (0 knob turns) / 1089ms
16:58:58.194 [DEBUG] [shim] Screen reader: Queued "3.0 x" (pending=1)
16:58:58.195 [DEBUG] [shim] Screen reader: "3.0 x" (injected 130 bytes to FD 12, serial=747)
16:58:58.195 [DEBUG] [shim] D-Bus signal: com.ableton.move.ScreenReader.text path=/com/ableton/move/screenreader sender=:1.12 arg0="3.0 x"
16:58:58.195 [DEBUG] [shim] D-Bus text: "3.0 x" (held_track=-1)
16:58:58.285 [DEBUG] [shadow] param_pages fps: 57 draws / 57 ticks / 1018ms
16:58:58.305 [DEBUG] [shadow] ui_view: parampages slot=0 component=global_settings step_observe_want=true
16:58:58.372 [DEBUG] [shim] Screen reader: Queued "3.1 x" (pending=1)
16:58:58.372 [DEBUG] [shim] Screen reader: "3.1 x" (injected 130 bytes to FD 12, serial=748)
16:58:58.372 [DEBUG] [shim] D-Bus signal: com.ableton.move.ScreenReader.text path=/com/ableton/move/screenreader sender=:1.12 arg0="3.1 x"
16:58:58.372 [DEBUG] [shim] D-Bus text: "3.1 x" (held_track=-1)
16:58:58.392 [DEBUG] [shadow] widgets: id="" params=0 vizKinds=[]
16:58:58.642 [DEBUG] [shadow] widgets: id="" params=0 vizKinds=[]
16:58:58.816 [DEBUG] [shim] Screen reader: Queued "3.1 x" (pending=1)
16:58:58.816 [DEBUG] [shim] Screen reader: "3.1 x" (injected 130 bytes to FD 12, serial=749)
16:58:58.816 [DEBUG] [shim] D-Bus signal: com.ableton.move.ScreenReader.text path=/com/ableton/move/screenreader sender=:1.12 arg0="3.1 x"
16:58:58.816 [DEBUG] [shim] D-Bus text: "3.1 x" (held_track=-1)
16:58:58.922 [DEBUG] [shadow] widgets: id="" params=0 vizKinds=[]
16:58:58.949 [DEBUG] [shim] Screen reader: Queued "3.3 x" (pending=1)
16:58:58.949 [DEBUG] [shim] Screen reader: "3.3 x" (injected 130 bytes to FD 12, serial=750)
16:58:58.950 [DEBUG] [shim] D-Bus signal: com.ableton.move.ScreenReader.text path=/com/ableton/move/screenreader sender=:1.12 arg0="3.3 x"
16:58:58.950 [DEBUG] [shim] D-Bus text: "3.3 x" (held_track=-1)
16:58:59.016 [DEBUG] [shadow_ui] param_giveup: claim=0 response=0 error=61 last_key=global_settings_module | claimwedge: rt=0 rr=0 blocked=0ms | slow>=90ms: n=0 worst=0ms key=- where=-
16:58:59.170 [DEBUG] [shadow] widgets: id="" params=0 vizKinds=[]
16:58:59.293 [DEBUG] [shadow] param_pages fps: 59 draws / 59 ticks / 1008ms
16:58:59.370 [DEBUG] [shadow] ui_view: parampages slot=0 component=global_settings step_observe_want=true
16:58:59.457 [DEBUG] [shadow] widgets: id="" params=0 vizKinds=[]
16:58:59.486 [DEBUG] [shadow] param_pages midi: 11 events (0 knob turns) / 1294ms
16:58:59.489 [DEBUG] [shim] Screen reader: Queued "3.2 x" (pending=1)
16:58:59.489 [DEBUG] [shim] Screen reader: "3.2 x" (injected 130 bytes to FD 12, serial=751)
16:58:59.489 [DEBUG] [shim] D-Bus signal: com.ableton.move.ScreenReader.text path=/com/ableton/move/screenreader sender=:1.12 arg0="3.2 x"
16:58:59.489 [DEBUG] [shim] D-Bus text: "3.2 x" (held_track=-1)
16:58:59.623 [DEBUG] [shim] Screen reader: Queued "3.1 x" (pending=1)
16:58:59.623 [DEBUG] [shim] Screen reader: "3.1 x" (injected 130 bytes to FD 12, serial=752)
16:58:59.623 [DEBUG] [shim] D-Bus signal: com.ableton.move.ScreenReader.text path=/com/ableton/move/screenreader sender=:1.12 arg0="3.1 x"
16:58:59.623 [DEBUG] [shim] D-Bus text: "3.1 x" (held_track=-1)
16:58:59.707 [DEBUG] [shadow] widgets: id="" params=0 vizKinds=[]
16:58:59.986 [DEBUG] [shadow] widgets: id="" params=0 vizKinds=[]
16:59:00.018 [DEBUG] [shadow_ui] param_giveup: claim=0 response=0 error=60 last_key=global_settings_module | claimwedge: rt=0 rr=0 blocked=0ms | slow>=90ms: n=0 worst=0ms key=- where=-
16:59:00.235 [DEBUG] [shadow] widgets: id="" params=0 vizKinds=[]
16:59:00.299 [DEBUG] [shim] Screen reader: Queued "3.0 x" (pending=1)
16:59:00.299 [DEBUG] [shim] Screen reader: "3.0 x" (injected 130 bytes to FD 12, serial=753)
16:59:00.299 [DEBUG] [shadow] param_pages fps: 57 draws / 57 ticks / 1006ms
16:59:00.299 [DEBUG] [shim] D-Bus signal: com.ableton.move.ScreenReader.text path=/com/ableton/move/screenreader sender=:1.12 arg0="3.0 x"
16:59:00.299 [DEBUG] [shim] D-Bus text: "3.0 x" (held_track=-1)
16:59:00.427 [DEBUG] [shim] Screen reader: Queued "2.8 x" (pending=1)
16:59:00.427 [DEBUG] [shim] Screen reader: "2.8 x" (injected 130 bytes to FD 12, serial=754)
16:59:00.427 [DEBUG] [shadow] ui_view: parampages slot=0 component=global_settings step_observe_want=true
16:59:00.427 [DEBUG] [shim] D-Bus signal: com.ableton.move.ScreenReader.text path=/com/ableton/move/screenreader sender=:1.12 arg0="2.8 x"
16:59:00.427 [DEBUG] [shim] D-Bus text: "2.8 x" (held_track=-1)
16:59:00.515 [DEBUG] [shadow] widgets: id="" params=0 vizKinds=[]
16:59:00.764 [DEBUG] [shadow] widgets: id="" params=0 vizKinds=[]
16:59:01.007 [DEBUG] [shadow_ui] param_giveup: claim=0 response=0 error=59 last_key=global_settings_module | claimwedge: rt=0 rr=0 blocked=0ms | slow>=90ms: n=0 worst=0ms key=- where=-
16:59:01.043 [DEBUG] [shadow] widgets: id="" params=0 vizKinds=[]
16:59:01.105 [DEBUG] [shadow] param_pages midi: 17 events (0 knob turns) / 1620ms
16:59:01.106 [DEBUG] [shim] Screen reader: Queued "2.8 x" (pending=1)
16:59:01.106 [DEBUG] [shim] Screen reader: "2.8 x" (injected 130 bytes to FD 12, serial=755)
16:59:01.106 [DEBUG] [shim] D-Bus signal: com.ableton.move.ScreenReader.text path=/com/ableton/move/screenreader sender=:1.12 arg0="2.8 x"
16:59:01.106 [DEBUG] [shim] D-Bus text: "2.8 x" (held_track=-1)
16:59:01.292 [DEBUG] [shadow] widgets: id="" params=0 vizKinds=[]
16:59:01.307 [DEBUG] [shadow] param_pages fps: 57 draws / 57 ticks / 1008ms
16:59:01.483 [DEBUG] [shadow] ui_view: parampages slot=0 component=global_settings step_observe_want=true
16:59:01.571 [DEBUG] [shadow] widgets: id="" params=0 vizKinds=[]
16:59:01.824 [DEBUG] [shadow] widgets: id="" params=0 vizKinds=[]
16:59:02.014 [DEBUG] [shadow_ui] param_giveup: claim=0 response=0 error=62 last_key=global_settings_module | claimwedge: rt=0 rr=0 blocked=0ms | slow>=90ms: n=0 worst=0ms key=- where=-
16:59:02.102 [DEBUG] [shadow] widgets: id="" params=0 vizKinds=[]
16:59:02.163 [DEBUG] [shadow] param_pages midi: 6 events (0 knob turns) / 1058ms
16:59:02.165 [DEBUG] [shim] Screen reader: Queued "2.6 x" (pending=1)
16:59:02.165 [DEBUG] [shim] Screen reader: "2.6 x" (injected 130 bytes to FD 12, serial=756)
16:59:02.166 [DEBUG] [shim] D-Bus signal: com.ableton.move.ScreenReader.text path=/com/ableton/move/screenreader sender=:1.12 arg0="2.6 x"
16:59:02.166 [DEBUG] [shim] D-Bus text: "2.6 x" (held_track=-1)
16:59:02.325 [DEBUG] [shadow] param_pages fps: 57 draws / 57 ticks / 1018ms
16:59:02.351 [DEBUG] [shadow] widgets: id="" params=0 vizKinds=[]
16:59:02.543 [DEBUG] [shadow] ui_view: parampages slot=0 component=global_settings step_observe_want=true
16:59:02.630 [DEBUG] [shadow] widgets: id="" params=0 vizKinds=[]
16:59:02.879 [DEBUG] [shadow] widgets: id="" params=0 vizKinds=[]
16:59:02.969 [DEBUG] [spi_timing] Frame(us): total avg=2682 max=2836 | pre avg=110 max=308 | ioctl avg=2555 max=2703 | post avg=15 max=43 | overruns=22
16:59:02.970 [DEBUG] [spi_timing] Pre(us): midi_mon=1/5 fwd_midi=2/66 mix_audio=7/38 ui_req=1/5 param=7/76 fwd_cc=0/0 proc_midi=1/11 jack_stash=1/22 drain_dsp=0/1 jack_wake=0/9 mix_buf=45/77 tts=6/32 display=6/186
16:59:02.970 [DEBUG] [spi_timing] Post(us): clear_leds=2/14 jack_midi=0/0 ui_midi=0/9 flush_leds=6/27 screenreader=1/223 jack_pre=0/0 jack_disp=0/1 pin=0/26 midi_scan=8/27 drain_dsp2=0/4 render=4/24
16:59:02.970 [DEBUG] [spi_timing] Slot render max(us): s0=0 s1=0 s2=0 s3=0 probe_burst_max=0
16:59:02.970 [DEBUG] [spi_timing] Slot synth max(us): s0=0 s1=0 s2=0 s3=0 | Slot fx max(us): s0=0 s1=0 s2=0 s3=0
16:59:03.010 [DEBUG] [shadow_ui] param_giveup: claim=0 response=0 error=62 last_key=global_settings_module | claimwedge: rt=0 rr=0 blocked=0ms | slow>=90ms: n=0 worst=0ms key=- where=-
16:59:03.158 [DEBUG] [shadow] widgets: id="" params=0 vizKinds=[]
16:59:03.338 [DEBUG] [shadow] param_pages fps: 58 draws / 58 ticks / 1013ms
16:59:03.408 [DEBUG] [shadow] widgets: id="" params=0 vizKinds=[]
16:59:03.599 [DEBUG] [shadow] ui_view: parampages slot=0 component=global_settings step_observe_want=true
16:59:03.687 [DEBUG] [shadow] widgets: id="" params=0 vizKinds=[]
16:59:03.731 [DEBUG] [shadow] param_pages midi: 1 events (0 knob turns) / 1568ms
16:59:03.733 [DEBUG] [shim] Screen reader: Queued "2.6 x" (pending=1)
16:59:03.733 [DEBUG] [shim] Screen reader: "2.6 x" (injected 130 bytes to FD 12, serial=757)
16:59:03.733 [DEBUG] [shim] D-Bus signal: com.ableton.move.ScreenReader.text path=/com/ableton/move/screenreader sender=:1.12 arg0="2.6 x"
16:59:03.733 [DEBUG] [shim] D-Bus text: "2.6 x" (held_track=-1)
16:59:03.937 [DEBUG] [shadow] widgets: id="" params=0 vizKinds=[]
16:59:04.018 [DEBUG] [shadow_ui] param_giveup: claim=0 response=0 error=61 last_key=global_settings_module | claimwedge: rt=0 rr=0 blocked=0ms | slow>=90ms: n=0 worst=0ms key=- where=-
16:59:04.215 [DEBUG] [shadow] widgets: id="" params=0 vizKinds=[]
16:59:04.358 [DEBUG] [shadow] param_pages fps: 57 draws / 57 ticks / 1020ms
16:59:04.465 [DEBUG] [shadow] widgets: id="" params=0 vizKinds=[]
16:59:04.664 [DEBUG] [shadow] ui_view: parampages slot=0 component=global_settings step_observe_want=true
16:59:04.752 [DEBUG] [shadow] widgets: id="" params=0 vizKinds=[]
16:59:04.780 [DEBUG] [shadow] param_pages midi: 1 events (0 knob turns) / 1049ms
16:59:04.781 [DEBUG] [shim] Screen reader: Queued "Speed, 2.6 x, 3 of 12" (pending=1)
16:59:04.781 [DEBUG] [shim] Screen reader: "Speed, 2.6 x, 3 of 12" (injected 146 bytes to FD 12, serial=758)
16:59:04.781 [DEBUG] [shim] D-Bus signal: com.ableton.move.ScreenReader.text path=/com/ableton/move/screenreader sender=:1.12 arg0="Speed, 2.6 x, 3 of 12"
16:59:04.781 [DEBUG] [shim] D-Bus text: "Speed, 2.6 x, 3 of 12" (held_track=-1)
16:59:05.002 [DEBUG] [shadow] widgets: id="" params=0 vizKinds=[]
16:59:05.016 [DEBUG] [shadow_ui] param_giveup: claim=0 response=0 error=60 last_key=global_settings_module | claimwedge: rt=0 rr=0 blocked=0ms | slow>=90ms: n=0 worst=0ms key=- where=-
16:59:05.280 [DEBUG] [shadow] widgets: id="" params=0 vizKinds=[]
16:59:05.362 [DEBUG] [shadow] param_pages fps: 57 draws / 57 ticks / 1004ms
16:59:05.530 [DEBUG] [shadow] widgets: id="" params=0 vizKinds=[]
16:59:05.721 [DEBUG] [shadow] ui_view: parampages slot=0 component=global_settings step_observe_want=true
16:59:05.809 [DEBUG] [shadow] widgets: id="" params=0 vizKinds=[]
16:59:06.006 [DEBUG] [shadow_ui] param_giveup: claim=0 response=0 error=59 last_key=global_settings_module | claimwedge: rt=0 rr=0 blocked=0ms | slow>=90ms: n=0 worst=0ms key=- where=-
16:59:06.062 [DEBUG] [shadow] widgets: id="" params=0 vizKinds=[]
16:59:06.340 [DEBUG] [shadow] widgets: id="" params=0 vizKinds=[]
16:59:06.369 [DEBUG] [shadow] param_pages fps: 57 draws / 57 ticks / 1007ms
16:59:06.589 [DEBUG] [shadow] widgets: id="" params=0 vizKinds=[]
16:59:06.785 [DEBUG] [shadow] ui_view: parampages slot=0 component=global_settings step_observe_want=true
16:59:06.869 [DEBUG] [shadow] widgets: id="" params=0 vizKinds=[]
16:59:07.016 [DEBUG] [shadow_ui] param_giveup: claim=0 response=0 error=62 last_key=global_settings_module | claimwedge: rt=0 rr=0 blocked=0ms | slow>=90ms: n=0 worst=0ms key=- where=-
16:59:07.121 [DEBUG] [shadow] widgets: id="" params=0 vizKinds=[]
16:59:07.383 [DEBUG] [shadow] param_pages fps: 57 draws / 57 ticks / 1014ms
16:59:07.400 [DEBUG] [shadow] widgets: id="" params=0 vizKinds=[]
16:59:07.652 [DEBUG] [shadow] widgets: id="" params=0 vizKinds=[]
16:59:07.844 [DEBUG] [shadow] ui_view: parampages slot=0 component=global_settings step_observe_want=true
16:59:07.927 [DEBUG] [shadow] widgets: id="" params=0 vizKinds=[]
16:59:07.970 [DEBUG] [spi_timing] Frame(us): total avg=2508 max=2795 | pre avg=112 max=354 | ioctl avg=2379 max=2708 | post avg=15 max=35 | overruns=22
16:59:07.970 [DEBUG] [spi_timing] Pre(us): midi_mon=2/12 fwd_midi=2/69 mix_audio=8/34 ui_req=1/4 param=8/78 fwd_cc=0/0 proc_midi=1/8 jack_stash=1/16 drain_dsp=0/7 jack_wake=0/24 mix_buf=46/77 tts=4/19 display=6/219
16:59:07.970 [DEBUG] [spi_timing] Post(us): clear_leds=2/14 jack_midi=0/0 ui_midi=0/10 flush_leds=7/23 screenreader=0/207 jack_pre=0/0 jack_disp=0/0 pin=0/11 midi_scan=8/26 drain_dsp2=0/1 render=5/23
16:59:07.970 [DEBUG] [spi_timing] Slot render max(us): s0=0 s1=0 s2=0 s3=0 probe_burst_max=0
16:59:07.970 [DEBUG] [spi_timing] Slot synth max(us): s0=0 s1=0 s2=0 s3=0 | Slot fx max(us): s0=0 s1=0 s2=0 s3=0
16:59:08.009 [DEBUG] [shadow_ui] param_giveup: claim=0 response=0 error=60 last_key=global_settings_module | claimwedge: rt=0 rr=0 blocked=0ms | slow>=90ms: n=0 worst=0ms key=- where=-
16:59:08.180 [DEBUG] [shadow] widgets: id="" params=0 vizKinds=[]
16:59:08.387 [DEBUG] [shadow] param_pages fps: 57 draws / 57 ticks / 1004ms
16:59:08.456 [DEBUG] [shadow] widgets: id="" params=0 vizKinds=[]
16:59:08.708 [DEBUG] [shadow] widgets: id="" params=0 vizKinds=[]
16:59:08.903 [DEBUG] [shadow] ui_view: parampages slot=0 component=global_settings step_observe_want=true
16:59:08.987 [DEBUG] [shadow] widgets: id="" params=0 vizKinds=[]
16:59:09.019 [DEBUG] [shadow_ui] param_giveup: claim=0 response=0 error=61 last_key=global_settings_module | claimwedge: rt=0 rr=0 blocked=0ms | slow>=90ms: n=0 worst=0ms key=- where=-
16:59:09.243 [DEBUG] [shadow] widgets: id="" params=0 vizKinds=[]
16:59:09.414 [DEBUG] [shadow] param_pages fps: 57 draws / 57 ticks / 1027ms
16:59:09.521 [DEBUG] [shadow] widgets: id="" params=0 vizKinds=[]
16:59:09.775 [DEBUG] [shadow] widgets: id="" params=0 vizKinds=[]
16:59:09.980 [DEBUG] [shadow] ui_view: parampages slot=0 component=global_settings step_observe_want=true
16:59:10.012 [DEBUG] [shadow_ui] param_giveup: claim=0 response=0 error=58 last_key=global_settings_module | claimwedge: rt=0 rr=0 blocked=0ms | slow>=90ms: n=0 worst=0ms key=- where=-
16:59:10.064 [DEBUG] [shadow] widgets: id="" params=0 vizKinds=[]
16:59:10.319 [DEBUG] [shadow] widgets: id="" params=0 vizKinds=[]
16:59:10.416 [DEBUG] [shadow] param_pages fps: 58 draws / 58 ticks / 1002ms
16:59:10.598 [DEBUG] [shadow] widgets: id="" params=0 vizKinds=[]
16:59:10.849 [DEBUG] [shadow] widgets: id="" params=0 vizKinds=[]
16:59:11.022 [DEBUG] [shadow_ui] param_giveup: claim=0 response=0 error=62 last_key=global_settings_module | claimwedge: rt=0 rr=0 blocked=0ms | slow>=90ms: n=0 worst=0ms key=- where=-
16:59:11.039 [DEBUG] [shadow] ui_view: parampages slot=0 component=global_settings step_observe_want=true
16:59:11.126 [DEBUG] [shadow] widgets: id="" params=0 vizKinds=[]
16:59:11.380 [DEBUG] [shadow] widgets: id="" params=0 vizKinds=[]
16:59:11.426 [DEBUG] [shadow] param_pages fps: 57 draws / 57 ticks / 1010ms
16:59:11.657 [DEBUG] [shadow] widgets: id="" params=0 vizKinds=[]
16:59:11.911 [DEBUG] [shadow] widgets: id="" params=0 vizKinds=[]
16:59:12.006 [DEBUG] [shadow_ui] param_giveup: claim=0 response=0 error=61 last_key=global_settings_module | claimwedge: rt=0 rr=0 blocked=0ms | slow>=90ms: n=0 worst=0ms key=- where=-
16:59:12.105 [DEBUG] [shadow] ui_view: parampages slot=0 component=global_settings step_observe_want=true
16:59:12.190 [DEBUG] [shadow] widgets: id="" params=0 vizKinds=[]
16:59:12.441 [DEBUG] [shadow] widgets: id="" params=0 vizKinds=[]
16:59:12.442 [DEBUG] [shadow] param_pages fps: 57 draws / 57 ticks / 1016ms
16:59:12.720 [DEBUG] [shadow] widgets: id="" params=0 vizKinds=[]
16:59:12.970 [DEBUG] [spi_timing] Frame(us): total avg=2373 max=2527 | pre avg=112 max=290 | ioctl avg=2243 max=2418 | post avg=16 max=37 | overruns=22
16:59:12.970 [DEBUG] [spi_timing] Pre(us): midi_mon=2/23 fwd_midi=2/64 mix_audio=8/34 ui_req=1/30 param=7/40 fwd_cc=0/2 proc_midi=1/17 jack_stash=1/14 drain_dsp=0/19 jack_wake=0/12 mix_buf=47/76 tts=1/6 display=7/180
16:59:12.970 [DEBUG] [spi_timing] Post(us): clear_leds=3/24 jack_midi=0/0 ui_midi=0/4 flush_leds=7/30 screenreader=0/0 jack_pre=0/2 jack_disp=0/1 pin=0/2 midi_scan=8/29 drain_dsp2=0/1 render=5/25
16:59:12.970 [DEBUG] [spi_timing] Slot render max(us): s0=0 s1=0 s2=0 s3=0 probe_burst_max=0
16:59:12.970 [DEBUG] [spi_timing] Slot synth max(us): s0=0 s1=0 s2=0 s3=0 | Slot fx max(us): s0=0 s1=0 s2=0 s3=0
16:59:12.973 [DEBUG] [shadow] widgets: id="" params=0 vizKinds=[]
16:59:13.019 [DEBUG] [shadow_ui] param_giveup: claim=0 response=0 error=61 last_key=global_settings_module | claimwedge: rt=0 rr=0 blocked=0ms | slow>=90ms: n=0 worst=0ms key=- where=-
16:59:13.167 [DEBUG] [shadow] ui_view: parampages slot=0 component=global_settings step_observe_want=true
16:59:13.255 [DEBUG] [shadow] widgets: id="" params=0 vizKinds=[]
16:59:13.452 [DEBUG] [shadow] param_pages fps: 57 draws / 57 ticks / 1010ms
16:59:13.507 [DEBUG] [shadow] widgets: id="" params=0 vizKinds=[]
16:59:13.789 [DEBUG] [shadow] widgets: id="" params=0 vizKinds=[]
16:59:14.017 [DEBUG] [shadow_ui] param_giveup: claim=0 response=0 error=59 last_key=global_settings_module | claimwedge: rt=0 rr=0 blocked=0ms | slow>=90ms: n=0 worst=0ms key=- where=-
16:59:14.038 [DEBUG] [shadow] widgets: id="" params=0 vizKinds=[]
16:59:14.233 [DEBUG] [shadow] ui_view: parampages slot=0 component=global_settings step_observe_want=true
16:59:14.316 [DEBUG] [shadow] widgets: id="" params=0 vizKinds=[]
16:59:14.459 [DEBUG] [shadow] param_pages fps: 56 draws / 56 ticks / 1007ms
16:59:14.570 [DEBUG] [shadow] widgets: id="" params=0 vizKinds=[]
16:59:14.849 [DEBUG] [shadow] widgets: id="" params=0 vizKinds=[]
16:59:15.017 [DEBUG] [shadow_ui] param_giveup: claim=0 response=0 error=60 last_key=global_settings_module | claimwedge: rt=0 rr=0 blocked=0ms | slow>=90ms: n=0 worst=0ms key=- where=-
16:59:15.104 [DEBUG] [shadow] widgets: id="" params=0 vizKinds=[]
16:59:15.306 [DEBUG] [shadow] ui_view: parampages slot=0 component=global_settings step_observe_want=true
16:59:15.390 [DEBUG] [shadow] widgets: id="" params=0 vizKinds=[]
16:59:15.472 [DEBUG] [shadow] param_pages fps: 57 draws / 57 ticks / 1013ms
16:59:15.644 [DEBUG] [shadow] widgets: id="" params=0 vizKinds=[]
16:59:15.921 [DEBUG] [shadow] widgets: id="" params=0 vizKinds=[]
16:59:16.017 [DEBUG] [shadow_ui] param_giveup: claim=0 response=0 error=61 last_key=global_settings_module | claimwedge: rt=0 rr=0 blocked=0ms | slow>=90ms: n=0 worst=0ms key=- where=-
16:59:16.175 [DEBUG] [shadow] widgets: id="" params=0 vizKinds=[]
16:59:16.366 [DEBUG] [shadow] ui_view: parampages slot=0 component=global_settings step_observe_want=true
16:59:16.453 [DEBUG] [shadow] widgets: id="" params=0 vizKinds=[]
16:59:16.482 [DEBUG] [shadow] param_pages fps: 57 draws / 57 ticks / 1010ms
16:59:16.706 [DEBUG] [shadow] widgets: id="" params=0 vizKinds=[]
16:59:16.988 [DEBUG] [shadow] widgets: id="" params=0 vizKinds=[]
16:59:17.016 [DEBUG] [shadow_ui] param_giveup: claim=0 response=0 error=60 last_key=global_settings_module | claimwedge: rt=0 rr=0 blocked=0ms | slow>=90ms: n=0 worst=0ms key=- where=-
16:59:17.236 [DEBUG] [shadow] widgets: id="" params=0 vizKinds=[]
16:59:17.432 [DEBUG] [shadow] ui_view: parampages slot=0 component=global_settings step_observe_want=true
16:59:17.499 [DEBUG] [shadow] param_pages fps: 57 draws / 57 ticks / 1017ms
16:59:17.516 [DEBUG] [shadow] widgets: id="" params=0 vizKinds=[]
16:59:17.770 [DEBUG] [shadow] widgets: id="" params=0 vizKinds=[]
16:59:17.971 [DEBUG] [spi_timing] Frame(us): total avg=2320 max=2479 | pre avg=111 max=313 | ioctl avg=2191 max=2359 | post avg=16 max=37 | overruns=22
16:59:17.971 [DEBUG] [spi_timing] Pre(us): midi_mon=2/10 fwd_midi=2/71 mix_audio=8/34 ui_req=1/9 param=8/72 fwd_cc=0/0 proc_midi=1/8 jack_stash=1/24 drain_dsp=0/1 jack_wake=0/4 mix_buf=47/81 tts=1/26 display=7/205
16:59:17.971 [DEBUG] [spi_timing] Post(us): clear_leds=3/25 jack_midi=0/0 ui_midi=0/4 flush_leds=7/33 screenreader=0/3 jack_pre=0/0 jack_disp=0/2 pin=0/3 midi_scan=8/18 drain_dsp2=0/1 render=5/23
16:59:17.971 [DEBUG] [spi_timing] Slot render max(us): s0=0 s1=0 s2=0 s3=0 probe_burst_max=0
16:59:17.971 [DEBUG] [spi_timing] Slot synth max(us): s0=0 s1=0 s2=0 s3=0 | Slot fx max(us): s0=0 s1=0 s2=0 s3=0
16:59:18.011 [DEBUG] [shadow_ui] param_giveup: claim=0 response=0 error=59 last_key=global_settings_module | claimwedge: rt=0 rr=0 blocked=0ms | slow>=90ms: n=0 worst=0ms key=- where=-
16:59:18.050 [DEBUG] [shadow] widgets: id="" params=0 vizKinds=[]
16:59:18.299 [DEBUG] [shadow] widgets: id="" params=0 vizKinds=[]
16:59:18.491 [DEBUG] [shadow] ui_view: parampages slot=0 component=global_settings step_observe_want=true
16:59:18.500 [DEBUG] [shadow] param_pages fps: 56 draws / 56 ticks / 1001ms
16:59:18.577 [DEBUG] [shadow] widgets: id="" params=0 vizKinds=[]
16:59:18.830 [DEBUG] [shadow] widgets: id="" params=0 vizKinds=[]
16:59:19.021 [DEBUG] [shadow_ui] param_giveup: claim=0 response=0 error=61 last_key=global_settings_module | claimwedge: rt=0 rr=0 blocked=0ms | slow>=90ms: n=0 worst=0ms key=- where=-
16:59:19.110 [DEBUG] [shadow] widgets: id="" params=0 vizKinds=[]
16:59:19.361 [DEBUG] [shadow] widgets: id="" params=0 vizKinds=[]
16:59:19.533 [DEBUG] [shadow] param_pages fps: 58 draws / 58 ticks / 1033ms
16:59:19.555 [DEBUG] [shadow] ui_view: parampages slot=0 component=global_settings step_observe_want=true
16:59:19.640 [DEBUG] [shadow] widgets: id="" params=0 vizKinds=[]
16:59:19.892 [DEBUG] [shadow] widgets: id="" params=0 vizKinds=[]
16:59:20.009 [DEBUG] [shadow_ui] param_giveup: claim=0 response=0 error=62 last_key=global_settings_module | claimwedge: rt=0 rr=0 blocked=0ms | slow>=90ms: n=0 worst=0ms key=- where=-
16:59:20.171 [DEBUG] [shadow] widgets: id="" params=0 vizKinds=[]
16:59:20.421 [DEBUG] [shadow] widgets: id="" params=0 vizKinds=[]
16:59:20.543 [DEBUG] [shadow] param_pages fps: 59 draws / 59 ticks / 1010ms
16:59:20.621 [DEBUG] [shadow] ui_view: parampages slot=0 component=global_settings step_observe_want=true
16:59:20.708 [DEBUG] [shadow] widgets: id="" params=0 vizKinds=[]
16:59:20.962 [DEBUG] [shadow] widgets: id="" params=0 vizKinds=[]
16:59:21.007 [DEBUG] [shadow_ui] param_giveup: claim=0 response=0 error=60 last_key=global_settings_module | claimwedge: rt=0 rr=0 blocked=0ms | slow>=90ms: n=0 worst=0ms key=- where=-
16:59:21.239 [DEBUG] [shadow] widgets: id="" params=0 vizKinds=[]
16:59:21.489 [DEBUG] [shadow] widgets: id="" params=0 vizKinds=[]
16:59:21.553 [DEBUG] [shadow] param_pages fps: 57 draws / 57 ticks / 1010ms
16:59:21.680 [DEBUG] [shadow] ui_view: parampages slot=0 component=global_settings step_observe_want=true
16:59:21.767 [DEBUG] [shadow] widgets: id="" params=0 vizKinds=[]
16:59:22.014 [DEBUG] [shadow_ui] param_giveup: claim=0 response=0 error=60 last_key=global_settings_module | claimwedge: rt=0 rr=0 blocked=0ms | slow>=90ms: n=0 worst=0ms key=- where=-
16:59:22.017 [DEBUG] [shadow] widgets: id="" params=0 vizKinds=[]
16:59:22.297 [DEBUG] [shadow] widgets: id="" params=0 vizKinds=[]
16:59:22.549 [DEBUG] [shadow] widgets: id="" params=0 vizKinds=[]
16:59:22.561 [DEBUG] [shadow] param_pages fps: 57 draws / 57 ticks / 1007ms
16:59:22.737 [DEBUG] [shadow] ui_view: parampages slot=0 component=global_settings step_observe_want=true
16:59:22.824 [DEBUG] [shadow] widgets: id="" params=0 vizKinds=[]
16:59:22.971 [DEBUG] [spi_timing] Frame(us): total avg=2347 max=2467 | pre avg=111 max=297 | ioctl avg=2218 max=2346 | post avg=15 max=25 | overruns=22
16:59:22.971 [DEBUG] [spi_timing] Pre(us): midi_mon=2/51 fwd_midi=2/69 mix_audio=8/37 ui_req=1/19 param=8/75 fwd_cc=0/11 proc_midi=1/25 jack_stash=1/22 drain_dsp=0/1 jack_wake=0/18 mix_buf=47/74 tts=1/6 display=7/189
16:59:22.971 [DEBUG] [spi_timing] Post(us): clear_leds=3/24 jack_midi=0/2 ui_midi=0/23 flush_leds=7/29 screenreader=0/0 jack_pre=0/25 jack_disp=0/8 pin=0/1 midi_scan=8/18 drain_dsp2=0/1 render=5/8
16:59:22.971 [DEBUG] [spi_timing] Slot render max(us): s0=0 s1=0 s2=0 s3=0 probe_burst_max=0
16:59:22.971 [DEBUG] [spi_timing] Slot synth max(us): s0=0 s1=0 s2=0 s3=0 | Slot fx max(us): s0=0 s1=0 s2=0 s3=0
16:59:23.022 [DEBUG] [shadow_ui] param_giveup: claim=0 response=0 error=61 last_key=global_settings_module | claimwedge: rt=0 rr=0 blocked=0ms | slow>=90ms: n=0 worst=0ms key=- where=-
16:59:23.075 [DEBUG] [shadow] widgets: id="" params=0 vizKinds=[]
16:59:23.353 [DEBUG] [shadow] widgets: id="" params=0 vizKinds=[]
16:59:23.583 [DEBUG] [shadow] param_pages fps: 57 draws / 57 ticks / 1023ms
16:59:23.609 [DEBUG] [shadow] widgets: id="" params=0 vizKinds=[]
16:59:23.799 [DEBUG] [shadow] ui_view: parampages slot=0 component=global_settings step_observe_want=true
16:59:23.887 [DEBUG] [shadow] widgets: id="" params=0 vizKinds=[]
16:59:24.017 [DEBUG] [shadow_ui] param_giveup: claim=0 response=0 error=60 last_key=global_settings_module | claimwedge: rt=0 rr=0 blocked=0ms | slow>=90ms: n=0 worst=0ms key=- where=-
16:59:24.136 [DEBUG] [shadow] widgets: id="" params=0 vizKinds=[]
16:59:24.415 [DEBUG] [shadow] widgets: id="" params=0 vizKinds=[]
16:59:24.595 [DEBUG] [shadow] param_pages fps: 58 draws / 58 ticks / 1012ms
16:59:24.664 [DEBUG] [shadow] widgets: id="" params=0 vizKinds=[]
16:59:24.856 [DEBUG] [shadow] ui_view: parampages slot=0 component=global_settings step_observe_want=true
16:59:24.943 [DEBUG] [shadow] widgets: id="" params=0 vizKinds=[]
16:59:25.007 [DEBUG] [shadow_ui] param_giveup: claim=0 response=0 error=61 last_key=global_settings_module | claimwedge: rt=0 rr=0 blocked=0ms | slow>=90ms: n=0 worst=0ms key=- where=-
16:59:25.195 [DEBUG] [shadow] widgets: id="" params=0 vizKinds=[]
16:59:25.474 [DEBUG] [shadow] widgets: id="" params=0 vizKinds=[]
16:59:25.617 [DEBUG] [shadow] param_pages fps: 57 draws / 57 ticks / 1022ms
16:59:25.727 [DEBUG] [shadow] widgets: id="" params=0 vizKinds=[]
16:59:25.927 [DEBUG] [shadow] ui_view: parampages slot=0 component=global_settings step_observe_want=true
16:59:26.011 [DEBUG] [shadow_ui] param_giveup: claim=0 response=0 error=59 last_key=global_settings_module | claimwedge: rt=0 rr=0 blocked=0ms | slow>=90ms: n=0 worst=0ms key=- where=-
16:59:26.014 [DEBUG] [shadow] widgets: id="" params=0 vizKinds=[]
16:59:26.267 [DEBUG] [shadow] widgets: id="" params=0 vizKinds=[]
16:59:26.545 [DEBUG] [shadow] widgets: id="" params=0 vizKinds=[]
16:59:26.630 [DEBUG] [shadow] param_pages fps: 57 draws / 57 ticks / 1013ms
16:59:26.801 [DEBUG] [shadow] widgets: id="" params=0 vizKinds=[]
16:59:26.992 [DEBUG] [shadow] ui_view: parampages slot=0 component=global_settings step_observe_want=true
16:59:27.007 [DEBUG] [shadow_ui] param_giveup: claim=0 response=0 error=60 last_key=global_settings_module | claimwedge: rt=0 rr=0 blocked=0ms | slow>=90ms: n=0 worst=0ms key=- where=-
16:59:27.076 [DEBUG] [shadow] widgets: id="" params=0 vizKinds=[]
16:59:27.329 [DEBUG] [shadow] widgets: id="" params=0 vizKinds=[]
16:59:27.608 [DEBUG] [shadow] widgets: id="" params=0 vizKinds=[]
16:59:27.637 [DEBUG] [shadow] param_pages fps: 57 draws / 57 ticks / 1007ms
16:59:27.857 [DEBUG] [shadow] widgets: id="" params=0 vizKinds=[]
16:59:27.971 [DEBUG] [spi_timing] Frame(us): total avg=2395 max=2553 | pre avg=112 max=306 | ioctl avg=2266 max=2421 | post avg=15 max=37 | overruns=22
16:59:27.971 [DEBUG] [spi_timing] Pre(us): midi_mon=2/35 fwd_midi=2/80 mix_audio=8/41 ui_req=1/17 param=8/74 fwd_cc=0/0 proc_midi=1/20 jack_stash=1/16 drain_dsp=0/3 jack_wake=0/6 mix_buf=47/73 tts=1/10 display=7/201
16:59:27.971 [DEBUG] [spi_timing] Post(us): clear_leds=3/11 jack_midi=0/9 ui_midi=0/22 flush_leds=7/16 screenreader=0/0 jack_pre=0/0 jack_disp=0/2 pin=0/6 midi_scan=8/27 drain_dsp2=0/1 render=5/25
16:59:27.971 [DEBUG] [spi_timing] Slot render max(us): s0=0 s1=0 s2=0 s3=0 probe_burst_max=0
16:59:27.971 [DEBUG] [spi_timing] Slot synth max(us): s0=0 s1=0 s2=0 s3=0 | Slot fx max(us): s0=0 s1=0 s2=0 s3=0
16:59:28.031 [DEBUG] [shadow_ui] param_giveup: claim=0 response=0 error=62 last_key=global_settings_module | claimwedge: rt=0 rr=0 blocked=0ms | slow>=90ms: n=0 worst=0ms key=- where=-
16:59:28.049 [DEBUG] [shadow] ui_view: parampages slot=0 component=global_settings step_observe_want=true
16:59:28.136 [DEBUG] [shadow] widgets: id="" params=0 vizKinds=[]
16:59:28.386 [DEBUG] [shadow] widgets: id="" params=0 vizKinds=[]
16:59:28.644 [DEBUG] [shadow] param_pages fps: 57 draws / 57 ticks / 1007ms
16:59:28.664 [DEBUG] [shadow] widgets: id="" params=0 vizKinds=[]
16:59:28.918 [DEBUG] [shadow] widgets: id="" params=0 vizKinds=[]
16:59:29.012 [DEBUG] [shadow_ui] param_giveup: claim=0 response=0 error=62 last_key=global_settings_module | claimwedge: rt=0 rr=0 blocked=0ms | slow>=90ms: n=0 worst=0ms key=- where=-
16:59:29.108 [DEBUG] [shadow] ui_view: parampages slot=0 component=global_settings step_observe_want=true
16:59:29.195 [DEBUG] [shadow] widgets: id="" params=0 vizKinds=[]
16:59:29.445 [DEBUG] [shadow] widgets: id="" params=0 vizKinds=[]
16:59:29.658 [DEBUG] [shadow] param_pages fps: 57 draws / 57 ticks / 1014ms
16:59:29.724 [DEBUG] [shadow] widgets: id="" params=0 vizKinds=[]
16:59:29.976 [DEBUG] [shadow] widgets: id="" params=0 vizKinds=[]
16:59:30.008 [DEBUG] [shadow_ui] param_giveup: claim=0 response=0 error=60 last_key=global_settings_module | claimwedge: rt=0 rr=0 blocked=0ms | slow>=90ms: n=0 worst=0ms key=- where=-
16:59:30.172 [DEBUG] [shadow] ui_view: parampages slot=0 component=global_settings step_observe_want=true
16:59:30.255 [DEBUG] [shadow] widgets: id="" params=0 vizKinds=[]
16:59:30.507 [DEBUG] [shadow] widgets: id="" params=0 vizKinds=[]
16:59:30.676 [DEBUG] [shadow] param_pages fps: 57 draws / 57 ticks / 1018ms
16:59:30.783 [DEBUG] [shadow] widgets: id="" params=0 vizKinds=[]
16:59:31.015 [DEBUG] [shadow_ui] param_giveup: claim=0 response=0 error=60 last_key=global_settings_module | claimwedge: rt=0 rr=0 blocked=0ms | slow>=90ms: n=0 worst=0ms key=- where=-
16:59:31.037 [DEBUG] [shadow] widgets: id="" params=0 vizKinds=[]
16:59:31.239 [DEBUG] [shadow] ui_view: parampages slot=0 component=global_settings step_observe_want=true
16:59:31.323 [DEBUG] [shadow] widgets: id="" params=0 vizKinds=[]
16:59:31.576 [DEBUG] [shadow] widgets: id="" params=0 vizKinds=[]
16:59:31.693 [DEBUG] [shadow] param_pages fps: 59 draws / 59 ticks / 1017ms
16:59:31.855 [DEBUG] [shadow] widgets: id="" params=0 vizKinds=[]
16:59:32.019 [DEBUG] [shadow_ui] param_giveup: claim=0 response=0 error=60 last_key=global_settings_module | claimwedge: rt=0 rr=0 blocked=0ms | slow>=90ms: n=0 worst=0ms key=- where=-
16:59:32.107 [DEBUG] [shadow] widgets: id="" params=0 vizKinds=[]
16:59:32.298 [DEBUG] [shadow] ui_view: parampages slot=0 component=global_settings step_observe_want=true
16:59:32.383 [DEBUG] [shadow] widgets: id="" params=0 vizKinds=[]
16:59:32.639 [DEBUG] [shadow] widgets: id="" params=0 vizKinds=[]
16:59:32.702 [DEBUG] [shadow] param_pages fps: 57 draws / 57 ticks / 1009ms
16:59:32.917 [DEBUG] [shadow] widgets: id="" params=0 vizKinds=[]
16:59:32.972 [DEBUG] [spi_timing] Frame(us): total avg=2363 max=2512 | pre avg=112 max=299 | ioctl avg=2233 max=2401 | post avg=16 max=37 | overruns=22
16:59:32.972 [DEBUG] [spi_timing] Pre(us): midi_mon=2/13 fwd_midi=2/67 mix_audio=8/30 ui_req=1/15 param=7/35 fwd_cc=0/0 proc_midi=1/7 jack_stash=1/21 drain_dsp=0/6 jack_wake=0/1 mix_buf=47/81 tts=1/3 display=7/198
16:59:32.972 [DEBUG] [spi_timing] Post(us): clear_leds=3/16 jack_midi=0/22 ui_midi=0/3 flush_leds=7/27 screenreader=0/0 jack_pre=0/0 jack_disp=0/2 pin=0/2 midi_scan=8/29 drain_dsp2=0/1 render=5/23
16:59:32.972 [DEBUG] [spi_timing] Slot render max(us): s0=0 s1=0 s2=0 s3=0 probe_burst_max=0
16:59:32.972 [DEBUG] [spi_timing] Slot synth max(us): s0=0 s1=0 s2=0 s3=0 | Slot fx max(us): s0=0 s1=0 s2=0 s3=0
16:59:33.018 [DEBUG] [shadow_ui] param_giveup: claim=0 response=0 error=60 last_key=global_settings_module | claimwedge: rt=0 rr=0 blocked=0ms | slow>=90ms: n=0 worst=0ms key=- where=-
16:59:33.173 [DEBUG] [shadow] widgets: id="" params=0 vizKinds=[]
16:59:33.300 [DEBUG] [shadow] param_pages midi: 2 events (0 knob turns) / 28520ms
16:59:33.300 [DEBUG] [param_pages] touch slot=2 DOWN t=1790096373300 sincePrev=674655ms held=[]
16:59:33.302 [DEBUG] [shim] Screen reader: Queued "Speed, 2.6 x" (pending=1)
16:59:33.303 [DEBUG] [shim] Screen reader: "Speed, 2.6 x" (injected 137 bytes to FD 12, serial=759)
16:59:33.303 [DEBUG] [shim] D-Bus signal: com.ableton.move.ScreenReader.text path=/com/ableton/move/screenreader sender=:1.12 arg0="Speed, 2.6 x"
16:59:33.303 [DEBUG] [shim] D-Bus text: "Speed, 2.6 x" (held_track=-1)
16:59:33.364 [DEBUG] [shadow] ui_view: parampages slot=0 component=global_settings step_observe_want=true
16:59:33.451 [DEBUG] [shadow] widgets: id="" params=0 vizKinds=[]
16:59:33.578 [DEBUG] [param_pages] touch slot=2 up   t=1790096373578 sincePrev=278ms held=[2]
16:59:33.700 [DEBUG] [shadow] widgets: id="" params=0 vizKinds=[]
16:59:33.716 [DEBUG] [shadow] param_pages fps: 57 draws / 57 ticks / 1014ms
16:59:33.980 [DEBUG] [shadow] widgets: id="" params=0 vizKinds=[]
16:59:34.011 [DEBUG] [shadow_ui] param_giveup: claim=0 response=0 error=61 last_key=global_settings_module | claimwedge: rt=0 rr=0 blocked=0ms | slow>=90ms: n=0 worst=0ms key=- where=-
16:59:34.232 [DEBUG] [shadow] widgets: id="" params=0 vizKinds=[]
16:59:34.424 [DEBUG] [shadow] ui_view: parampages slot=0 component=global_settings step_observe_want=true
16:59:34.511 [DEBUG] [shadow] widgets: id="" params=0 vizKinds=[]
16:59:34.743 [DEBUG] [shadow] param_pages fps: 57 draws / 57 ticks / 1027ms
16:59:34.768 [DEBUG] [shadow] widgets: id="" params=0 vizKinds=[]
16:59:35.009 [DEBUG] [shadow_ui] param_giveup: claim=0 response=0 error=59 last_key=global_settings_module | claimwedge: rt=0 rr=0 blocked=0ms | slow>=90ms: n=0 worst=0ms key=- where=-
16:59:35.048 [DEBUG] [shadow] widgets: id="" params=0 vizKinds=[]
16:59:35.300 [DEBUG] [shadow] widgets: id="" params=0 vizKinds=[]
16:59:35.495 [DEBUG] [shadow] ui_view: parampages slot=0 component=global_settings step_observe_want=true
16:59:35.578 [DEBUG] [shadow] widgets: id="" params=0 vizKinds=[]
16:59:35.744 [DEBUG] [shadow] param_pages fps: 57 draws / 57 ticks / 1001ms
16:59:35.835 [DEBUG] [shadow] widgets: id="" params=0 vizKinds=[]
16:59:36.011 [DEBUG] [shadow_ui] param_giveup: claim=0 response=0 error=60 last_key=global_settings_module | claimwedge: rt=0 rr=0 blocked=0ms | slow>=90ms: n=0 worst=0ms key=- where=-
16:59:36.112 [DEBUG] [shadow] widgets: id="" params=0 vizKinds=[]
16:59:36.369 [DEBUG] [shadow] widgets: id="" params=0 vizKinds=[]
16:59:36.571 [DEBUG] [shadow] ui_view: parampages slot=0 component=global_settings step_observe_want=true
16:59:36.658 [DEBUG] [shadow] widgets: id="" params=0 vizKinds=[]
16:59:36.754 [DEBUG] [shadow] param_pages fps: 56 draws / 56 ticks / 1010ms
16:59:36.908 [DEBUG] [shadow] widgets: id="" params=0 vizKinds=[]
16:59:37.006 [DEBUG] [shadow_ui] param_giveup: claim=0 response=0 error=61 last_key=global_settings_module | claimwedge: rt=0 rr=0 blocked=0ms | slow>=90ms: n=0 worst=0ms key=- where=-
16:59:37.186 [DEBUG] [shadow] widgets: id="" params=0 vizKinds=[]
16:59:37.440 [DEBUG] [shadow] widgets: id="" params=0 vizKinds=[]
16:59:37.630 [DEBUG] [shadow] ui_view: parampages slot=0 component=global_settings step_observe_want=true
16:59:37.719 [DEBUG] [shadow] widgets: id="" params=0 vizKinds=[]
16:59:37.776 [DEBUG] [shadow] param_pages fps: 57 draws / 57 ticks / 1022ms
16:59:37.967 [DEBUG] [shadow] widgets: id="" params=0 vizKinds=[]
16:59:37.972 [DEBUG] [spi_timing] Frame(us): total avg=2403 max=2556 | pre avg=114 max=303 | ioctl avg=2271 max=2437 | post avg=16 max=41 | overruns=22
16:59:37.972 [DEBUG] [spi_timing] Pre(us): midi_mon=2/19 fwd_midi=2/71 mix_audio=8/34 ui_req=1/5 param=7/36 fwd_cc=0/0 proc_midi=1/12 jack_stash=1/23 drain_dsp=0/2 jack_wake=0/4 mix_buf=47/75 tts=3/31 display=7/194
16:59:37.972 [DEBUG] [spi_timing] Post(us): clear_leds=3/29 jack_midi=0/0 ui_midi=0/2 flush_leds=7/30 screenreader=0/172 jack_pre=0/4 jack_disp=0/0 pin=0/2 midi_scan=8/27 drain_dsp2=0/1 render=5/25
16:59:37.972 [DEBUG] [spi_timing] Slot render max(us): s0=0 s1=0 s2=0 s3=0 probe_burst_max=0
16:59:37.972 [DEBUG] [spi_timing] Slot synth max(us): s0=0 s1=0 s2=0 s3=0 | Slot fx max(us): s0=0 s1=0 s2=0 s3=0
16:59:38.014 [DEBUG] [shadow_ui] param_giveup: claim=0 response=0 error=62 last_key=global_settings_module | claimwedge: rt=0 rr=0 blocked=0ms | slow>=90ms: n=0 worst=0ms key=- where=-
16:59:38.246 [DEBUG] [shadow] widgets: id="" params=0 vizKinds=[]
16:59:38.498 [DEBUG] [shadow] widgets: id="" params=0 vizKinds=[]
16:59:38.691 [DEBUG] [shadow] ui_view: parampages slot=0 component=global_settings step_observe_want=true
16:59:38.777 [DEBUG] [shadow] widgets: id="" params=0 vizKinds=[]
16:59:38.777 [DEBUG] [shadow] param_pages fps: 57 draws / 57 ticks / 1001ms
16:59:39.006 [DEBUG] [shadow_ui] param_giveup: claim=0 response=0 error=59 last_key=global_settings_module | claimwedge: rt=0 rr=0 blocked=0ms | slow>=90ms: n=0 worst=0ms key=- where=-
16:59:39.027 [DEBUG] [shadow] widgets: id="" params=0 vizKinds=[]
16:59:39.305 [DEBUG] [shadow] widgets: id="" params=0 vizKinds=[]
16:59:39.555 [DEBUG] [shadow] widgets: id="" params=0 vizKinds=[]
16:59:39.746 [DEBUG] [shadow] ui_view: parampages slot=0 component=global_settings step_observe_want=true
16:59:39.783 [DEBUG] [shadow] param_pages fps: 57 draws / 57 ticks / 1006ms
16:59:39.834 [DEBUG] [shadow] widgets: id="" params=0 vizKinds=[]
16:59:39.928 [DEBUG] [shadow] param_pages midi: 2 events (0 knob turns) / 6628ms
16:59:39.932 [DEBUG] [shim] Screen reader: Queued "Volume, 50%, 4 of 12" (pending=1)
16:59:39.932 [DEBUG] [shim] Screen reader: "Volume, 50%, 4 of 12" (injected 145 bytes to FD 12, serial=760)
16:59:39.933 [DEBUG] [shim] D-Bus signal: com.ableton.move.ScreenReader.text path=/com/ableton/move/screenreader sender=:1.12 arg0="Volume, 50%, 4 of 12"
16:59:39.933 [DEBUG] [shim] D-Bus text: "Volume, 50%, 4 of 12" (held_track=-1)
16:59:40.014 [DEBUG] [shadow_ui] param_giveup: claim=0 response=0 error=61 last_key=global_settings_module | claimwedge: rt=0 rr=0 blocked=0ms | slow>=90ms: n=0 worst=0ms key=- where=-
16:59:40.086 [DEBUG] [shadow] widgets: id="" params=0 vizKinds=[]
16:59:40.365 [DEBUG] [shadow] widgets: id="" params=0 vizKinds=[]
16:59:40.615 [DEBUG] [shadow] widgets: id="" params=0 vizKinds=[]
16:59:40.786 [DEBUG] [shadow] param_pages fps: 56 draws / 56 ticks / 1003ms
16:59:40.806 [DEBUG] [shadow] ui_view: parampages slot=0 component=global_settings step_observe_want=true
16:59:40.893 [DEBUG] [shadow] widgets: id="" params=0 vizKinds=[]
16:59:41.006 [DEBUG] [shadow_ui] param_giveup: claim=0 response=0 error=60 last_key=global_settings_module | claimwedge: rt=0 rr=0 blocked=0ms | slow>=90ms: n=0 worst=0ms key=- where=-
16:59:41.146 [DEBUG] [shadow] widgets: id="" params=0 vizKinds=[]
16:59:41.424 [DEBUG] [shadow] widgets: id="" params=0 vizKinds=[]
16:59:41.635 [DEBUG] [shadow] param_pages midi: 1 events (0 knob turns) / 1707ms
16:59:41.639 [DEBUG] [shim] Screen reader: Queued "Speak Delay, 50 ms, 5 of 12" (pending=1)
16:59:41.639 [DEBUG] [shim] Screen reader: "Speak Delay, 50 ms, 5 of 12" (injected 152 bytes to FD 12, serial=761)
16:59:41.639 [DEBUG] [shim] D-Bus signal: com.ableton.move.ScreenReader.text path=/com/ableton/move/screenreader sender=:1.12 arg0="Speak Delay, 50 ms, 5 of 12"
16:59:41.639 [DEBUG] [shim] D-Bus text: "Speak Delay, 50 ms, 5 of 12" (held_track=-1)
16:59:41.678 [DEBUG] [shadow] widgets: id="" params=0 vizKinds=[]
16:59:41.802 [DEBUG] [shadow] param_pages fps: 59 draws / 59 ticks / 1016ms
16:59:41.881 [DEBUG] [shadow] ui_view: parampages slot=0 component=global_settings step_observe_want=true
16:59:41.964 [DEBUG] [shadow] widgets: id="" params=0 vizKinds=[]
16:59:42.014 [DEBUG] [shadow_ui] param_giveup: claim=0 response=0 error=60 last_key=global_settings_module | claimwedge: rt=0 rr=0 blocked=0ms | slow>=90ms: n=0 worst=0ms key=- where=-
16:59:42.217 [DEBUG] [shadow] widgets: id="" params=0 vizKinds=[]
16:59:42.493 [DEBUG] [shadow] widgets: id="" params=0 vizKinds=[]
16:59:42.742 [DEBUG] [shadow] widgets: id="" params=0 vizKinds=[]
16:59:42.806 [DEBUG] [shadow] param_pages fps: 57 draws / 57 ticks / 1004ms
16:59:42.936 [DEBUG] [shadow] ui_view: parampages slot=0 component=global_settings step_observe_want=true
16:59:42.972 [DEBUG] [spi_timing] Frame(us): total avg=2458 max=2573 | pre avg=116 max=313 | ioctl avg=2324 max=2454 | post avg=16 max=34 | overruns=22
16:59:42.972 [DEBUG] [spi_timing] Pre(us): midi_mon=2/15 fwd_midi=2/85 mix_audio=8/43 ui_req=1/7 param=8/76 fwd_cc=0/0 proc_midi=1/13 jack_stash=1/23 drain_dsp=0/3 jack_wake=0/3 mix_buf=47/80 tts=4/24 display=7/200
16:59:42.972 [DEBUG] [spi_timing] Post(us): clear_leds=2/10 jack_midi=0/2 ui_midi=0/24 flush_leds=7/30 screenreader=0/247 jack_pre=0/0 jack_disp=0/1 pin=0/3 midi_scan=8/27 drain_dsp2=0/8 render=5/23
16:59:42.972 [DEBUG] [spi_timing] Slot render max(us): s0=0 s1=0 s2=0 s3=0 probe_burst_max=0
16:59:42.972 [DEBUG] [spi_timing] Slot synth max(us): s0=0 s1=0 s2=0 s3=0 | Slot fx max(us): s0=0 s1=0 s2=0 s3=0
16:59:43.018 [DEBUG] [shadow_ui] param_giveup: claim=0 response=0 error=61 last_key=global_settings_module | claimwedge: rt=0 rr=0 blocked=0ms | slow>=90ms: n=0 worst=0ms key=- where=-
16:59:43.021 [DEBUG] [shadow] widgets: id="" params=0 vizKinds=[]
16:59:43.273 [DEBUG] [shadow] widgets: id="" params=0 vizKinds=[]
16:59:43.283 [DEBUG] [shadow] param_pages midi: 1 events (0 knob turns) / 1648ms
16:59:43.285 [DEBUG] [shim] Screen reader: Queued "Speak Delay, 50 ms, 5 of 12" (pending=1)
16:59:43.285 [DEBUG] [shim] Screen reader: "Speak Delay, 50 ms, 5 of 12" (injected 152 bytes to FD 12, serial=762)
16:59:43.285 [DEBUG] [shim] D-Bus signal: com.ableton.move.ScreenReader.text path=/com/ableton/move/screenreader sender=:1.12 arg0="Speak Delay, 50 ms, 5 of 12"
16:59:43.285 [DEBUG] [shim] D-Bus text: "Speak Delay, 50 ms, 5 of 12" (held_track=-1)
16:59:43.549 [DEBUG] [shadow] widgets: id="" params=0 vizKinds=[]
16:59:43.802 [DEBUG] [shadow] widgets: id="" params=0 vizKinds=[]
16:59:43.814 [DEBUG] [shadow] param_pages fps: 57 draws / 57 ticks / 1008ms
16:59:43.997 [DEBUG] [shadow] ui_view: parampages slot=0 component=global_settings step_observe_want=true
16:59:44.010 [DEBUG] [shadow_ui] param_giveup: claim=0 response=0 error=60 last_key=global_settings_module | claimwedge: rt=0 rr=0 blocked=0ms | slow>=90ms: n=0 worst=0ms key=- where=-
16:59:44.080 [DEBUG] [shadow] widgets: id="" params=0 vizKinds=[]
16:59:44.333 [DEBUG] [shadow] widgets: id="" params=0 vizKinds=[]
16:59:44.523 [DEBUG] [shadow] param_pages midi: 2 events (0 knob turns) / 1240ms
16:59:44.524 [DEBUG] [shim] Screen reader: Queued "75 ms" (pending=1)
16:59:44.524 [DEBUG] [shim] Screen reader: "75 ms" (injected 130 bytes to FD 12, serial=763)
16:59:44.525 [DEBUG] [shim] D-Bus signal: com.ableton.move.ScreenReader.text path=/com/ableton/move/screenreader sender=:1.12 arg0="75 ms"
16:59:44.525 [DEBUG] [shim] D-Bus text: "75 ms" (held_track=-1)
16:59:44.611 [DEBUG] [shadow] widgets: id="" params=0 vizKinds=[]
16:59:44.838 [DEBUG] [shadow] param_pages fps: 57 draws / 57 ticks / 1024ms
16:59:44.864 [DEBUG] [shadow] widgets: id="" params=0 vizKinds=[]
16:59:45.035 [DEBUG] [shadow_ui] param_giveup: claim=0 response=0 error=62 last_key=global_settings_module | claimwedge: rt=0 rr=0 blocked=0ms | slow>=90ms: n=0 worst=0ms key=- where=-
16:59:45.052 [DEBUG] [shadow] ui_view: parampages slot=0 component=global_settings step_observe_want=true
16:59:45.139 [DEBUG] [shadow] widgets: id="" params=0 vizKinds=[]
16:59:45.389 [DEBUG] [shadow] widgets: id="" params=0 vizKinds=[]
16:59:45.668 [DEBUG] [shadow] widgets: id="" params=0 vizKinds=[]
16:59:45.745 [DEBUG] [shadow] param_pages midi: 1 events (0 knob turns) / 1222ms
16:59:45.749 [DEBUG] [shim] Screen reader: Queued "50 ms" (pending=1)
16:59:45.749 [DEBUG] [shim] Screen reader: "50 ms" (injected 130 bytes to FD 12, serial=764)
16:59:45.749 [DEBUG] [shim] D-Bus signal: com.ableton.move.ScreenReader.text path=/com/ableton/move/screenreader sender=:1.12 arg0="50 ms"
16:59:45.749 [DEBUG] [shim] D-Bus text: "50 ms" (held_track=-1)
16:59:45.849 [DEBUG] [shadow] param_pages fps: 58 draws / 58 ticks / 1011ms
16:59:45.917 [DEBUG] [shadow] widgets: id="" params=0 vizKinds=[]
16:59:46.013 [DEBUG] [shadow_ui] param_giveup: claim=0 response=0 error=61 last_key=global_settings_module | claimwedge: rt=0 rr=0 blocked=0ms | slow>=90ms: n=0 worst=0ms key=- where=-
16:59:46.109 [DEBUG] [shadow] ui_view: parampages slot=0 component=global_settings step_observe_want=true
16:59:46.196 [DEBUG] [shadow] widgets: id="" params=0 vizKinds=[]
16:59:46.393 [DEBUG] [shim] Screen reader: Queued "25 ms" (pending=1)
16:59:46.393 [DEBUG] [shim] Screen reader: "25 ms" (injected 130 bytes to FD 12, serial=765)
16:59:46.394 [DEBUG] [shim] D-Bus signal: com.ableton.move.ScreenReader.text path=/com/ableton/move/screenreader sender=:1.12 arg0="25 ms"
16:59:46.394 [DEBUG] [shim] D-Bus text: "25 ms" (held_track=-1)
16:59:46.446 [DEBUG] [shadow] widgets: id="" params=0 vizKinds=[]
16:59:46.704 [DEBUG] [shim] Screen reader: Queued "0 ms" (pending=1)
16:59:46.704 [DEBUG] [shim] Screen reader: "0 ms" (injected 129 bytes to FD 12, serial=766)
16:59:46.704 [DEBUG] [shim] D-Bus signal: com.ableton.move.ScreenReader.text path=/com/ableton/move/screenreader sender=:1.12 arg0="0 ms"
16:59:46.704 [DEBUG] [shim] D-Bus text: "0 ms" (held_track=-1)
16:59:46.725 [DEBUG] [shadow] widgets: id="" params=0 vizKinds=[]
16:59:46.785 [DEBUG] [shadow] param_pages midi: 3 events (0 knob turns) / 1040ms
16:59:46.870 [DEBUG] [shadow] param_pages fps: 57 draws / 57 ticks / 1021ms
16:59:46.977 [DEBUG] [shadow] widgets: id="" params=0 vizKinds=[]
16:59:47.006 [DEBUG] [shadow_ui] param_giveup: claim=0 response=0 error=61 last_key=global_settings_module | claimwedge: rt=0 rr=0 blocked=0ms | slow>=90ms: n=0 worst=0ms key=- where=-
16:59:47.171 [DEBUG] [shadow] ui_view: parampages slot=0 component=global_settings step_observe_want=true
16:59:47.258 [DEBUG] [shadow] widgets: id="" params=0 vizKinds=[]
16:59:47.305 [DEBUG] [shim] Screen reader: Queued "25 ms" (pending=1)
16:59:47.305 [DEBUG] [shim] Screen reader: "25 ms" (injected 130 bytes to FD 12, serial=767)
16:59:47.305 [DEBUG] [shim] D-Bus signal: com.ableton.move.ScreenReader.text path=/com/ableton/move/screenreader sender=:1.12 arg0="25 ms"
16:59:47.305 [DEBUG] [shim] D-Bus text: "25 ms" (held_track=-1)
16:59:47.473 [DEBUG] [shim] Screen reader: Queued "175 ms" (pending=1)
16:59:47.473 [DEBUG] [shim] Screen reader: "175 ms" (injected 131 bytes to FD 12, serial=768)
16:59:47.473 [DEBUG] [shim] D-Bus signal: com.ableton.move.ScreenReader.text path=/com/ableton/move/screenreader sender=:1.12 arg0="175 ms"
16:59:47.473 [DEBUG] [shim] D-Bus text: "175 ms" (held_track=-1)
16:59:47.509 [DEBUG] [shadow] widgets: id="" params=0 vizKinds=[]
16:59:47.787 [DEBUG] [shadow] widgets: id="" params=0 vizKinds=[]
16:59:47.849 [DEBUG] [shadow] param_pages midi: 8 events (0 knob turns) / 1064ms
16:59:47.850 [DEBUG] [shim] Screen reader: Queued "150 ms" (pending=1)
16:59:47.851 [DEBUG] [shim] Screen reader: "150 ms" (injected 131 bytes to FD 12, serial=769)
16:59:47.851 [DEBUG] [shim] D-Bus signal: com.ableton.move.ScreenReader.text path=/com/ableton/move/screenreader sender=:1.12 arg0="150 ms"
16:59:47.851 [DEBUG] [shim] D-Bus text: "150 ms" (held_track=-1)
16:59:47.886 [DEBUG] [shadow] param_pages fps: 58 draws / 58 ticks / 1016ms
16:59:47.973 [DEBUG] [spi_timing] Frame(us): total avg=2685 max=2798 | pre avg=109 max=312 | ioctl avg=2559 max=2703 | post avg=15 max=38 | overruns=22
16:59:47.973 [DEBUG] [spi_timing] Pre(us): midi_mon=1/22 fwd_midi=2/64 mix_audio=7/39 ui_req=1/3 param=7/70 fwd_cc=0/8 proc_midi=1/19 jack_stash=1/7 drain_dsp=0/1 jack_wake=0/11 mix_buf=45/72 tts=7/32 display=6/194
16:59:47.973 [DEBUG] [spi_timing] Post(us): clear_leds=2/27 jack_midi=0/0 ui_midi=0/27 flush_leds=6/26 screenreader=0/202 jack_pre=0/0 jack_disp=0/0 pin=0/1 midi_scan=8/28 drain_dsp2=0/1 render=4/14
16:59:47.973 [DEBUG] [spi_timing] Slot render max(us): s0=0 s1=0 s2=0 s3=0 probe_burst_max=0
16:59:47.973 [DEBUG] [spi_timing] Slot synth max(us): s0=0 s1=0 s2=0 s3=0 | Slot fx max(us): s0=0 s1=0 s2=0 s3=0
16:59:48.001 [DEBUG] [shim] Screen reader: Queued "25 ms" (pending=1)
16:59:48.002 [DEBUG] [shim] Screen reader: "25 ms" (injected 130 bytes to FD 12, serial=770)
16:59:48.002 [DEBUG] [shim] D-Bus signal: com.ableton.move.ScreenReader.text path=/com/ableton/move/screenreader sender=:1.12 arg0="25 ms"
16:59:48.002 [DEBUG] [shim] D-Bus text: "25 ms" (held_track=-1)
16:59:48.019 [DEBUG] [shadow_ui] param_giveup: claim=0 response=0 error=60 last_key=global_settings_module | claimwedge: rt=0 rr=0 blocked=0ms | slow>=90ms: n=0 worst=0ms key=- where=-
16:59:48.037 [DEBUG] [shadow] widgets: id="" params=0 vizKinds=[]
16:59:48.228 [DEBUG] [shadow] ui_view: parampages slot=0 component=global_settings step_observe_want=true
16:59:48.315 [DEBUG] [shadow] widgets: id="" params=0 vizKinds=[]
16:59:48.411 [DEBUG] [shim] Screen reader: Queued "0 ms" (pending=1)
16:59:48.411 [DEBUG] [shim] Screen reader: "0 ms" (injected 129 bytes to FD 12, serial=771)
16:59:48.411 [DEBUG] [shim] D-Bus signal: com.ableton.move.ScreenReader.text path=/com/ableton/move/screenreader sender=:1.12 arg0="0 ms"
16:59:48.411 [DEBUG] [shim] D-Bus text: "0 ms" (held_track=-1)
16:59:48.566 [DEBUG] [shadow] widgets: id="" params=0 vizKinds=[]
16:59:48.843 [DEBUG] [shadow] widgets: id="" params=0 vizKinds=[]
16:59:48.902 [DEBUG] [shadow] param_pages fps: 57 draws / 57 ticks / 1015ms
16:59:49.006 [DEBUG] [shadow_ui] param_giveup: claim=0 response=0 error=60 last_key=global_settings_module | claimwedge: rt=0 rr=0 blocked=0ms | slow>=90ms: n=0 worst=0ms key=- where=-
16:59:49.038 [DEBUG] [shadow] param_pages midi: 10 events (0 knob turns) / 1189ms
16:59:49.041 [DEBUG] [shim] Screen reader: Queued "Speak Delay, 0 ms, 5 of 12" (pending=1)
16:59:49.041 [DEBUG] [shim] Screen reader: "Speak Delay, 0 ms, 5 of 12" (injected 151 bytes to FD 12, serial=772)
16:59:49.041 [DEBUG] [shim] D-Bus signal: com.ableton.move.ScreenReader.text path=/com/ableton/move/screenreader sender=:1.12 arg0="Speak Delay, 0 ms, 5 of 12"
16:59:49.041 [DEBUG] [shim] D-Bus text: "Speak Delay, 0 ms, 5 of 12" (held_track=-1)
16:59:49.093 [DEBUG] [shadow] widgets: id="" params=0 vizKinds=[]
16:59:49.284 [DEBUG] [shadow] ui_view: parampages slot=0 component=global_settings step_observe_want=true
16:59:49.372 [DEBUG] [shadow] widgets: id="" params=0 vizKinds=[]
16:59:49.400 [DEBUG] [shim] Screen reader: Queued "Volume, 50%, 4 of 12" (pending=1)
16:59:49.401 [DEBUG] [shim] Screen reader: "Volume, 50%, 4 of 12" (injected 145 bytes to FD 12, serial=773)
16:59:49.401 [DEBUG] [shim] D-Bus signal: com.ableton.move.ScreenReader.text path=/com/ableton/move/screenreader sender=:1.12 arg0="Volume, 50%, 4 of 12"
16:59:49.401 [DEBUG] [shim] D-Bus text: "Volume, 50%, 4 of 12" (held_track=-1)
16:59:49.621 [DEBUG] [shadow] widgets: id="" params=0 vizKinds=[]
16:59:49.702 [DEBUG] [shim] Screen reader: Queued "Speak Delay, 0 ms, 5 of 12" (pending=1)
16:59:49.702 [DEBUG] [shim] Screen reader: "Speak Delay, 0 ms, 5 of 12" (injected 151 bytes to FD 12, serial=774)
16:59:49.703 [DEBUG] [shim] D-Bus signal: com.ableton.move.ScreenReader.text path=/com/ableton/move/screenreader sender=:1.12 arg0="Speak Delay, 0 ms, 5 of 12"
16:59:49.703 [DEBUG] [shim] D-Bus text: "Speak Delay, 0 ms, 5 of 12" (held_track=-1)
16:59:49.901 [DEBUG] [shadow] widgets: id="" params=0 vizKinds=[]
16:59:49.901 [DEBUG] [shadow] param_pages fps: 57 draws / 57 ticks / 1000ms
16:59:49.981 [DEBUG] [shim] Screen reader: Queued "Voice, Old Male, 6 of 12" (pending=1)
16:59:49.981 [DEBUG] [shim] Screen reader: "Voice, Old Male, 6 of 12" (injected 149 bytes to FD 12, serial=775)
16:59:49.981 [DEBUG] [shim] D-Bus signal: com.ableton.move.ScreenReader.text path=/com/ableton/move/screenreader sender=:1.12 arg0="Voice, Old Male, 6 of 12"
16:59:49.981 [DEBUG] [shim] D-Bus text: "Voice, Old Male, 6 of 12" (held_track=-1)
16:59:50.013 [DEBUG] [shadow_ui] param_giveup: claim=0 response=0 error=61 last_key=global_settings_module | claimwedge: rt=0 rr=0 blocked=0ms | slow>=90ms: n=0 worst=0ms key=- where=-
16:59:50.153 [DEBUG] [shadow] widgets: id="" params=0 vizKinds=[]
16:59:50.342 [DEBUG] [shadow] ui_view: parampages slot=0 component=global_settings step_observe_want=true
16:59:50.428 [DEBUG] [shadow] widgets: id="" params=0 vizKinds=[]
16:59:50.678 [DEBUG] [shadow] widgets: id="" params=0 vizKinds=[]
16:59:50.689 [DEBUG] [shadow] param_pages midi: 5 events (0 knob turns) / 1651ms
16:59:50.692 [DEBUG] [shim] Screen reader: Queued "Speak Delay, 0 ms, 5 of 12" (pending=1)
16:59:50.692 [DEBUG] [shim] Screen reader: "Speak Delay, 0 ms, 5 of 12" (injected 151 bytes to FD 12, serial=776)
16:59:50.693 [DEBUG] [shim] D-Bus signal: com.ableton.move.ScreenReader.text path=/com/ableton/move/screenreader sender=:1.12 arg0="Speak Delay, 0 ms, 5 of 12"
16:59:50.693 [DEBUG] [shim] D-Bus text: "Speak Delay, 0 ms, 5 of 12" (held_track=-1)
16:59:50.905 [DEBUG] [shadow] param_pages fps: 57 draws / 57 ticks / 1004ms
16:59:50.956 [DEBUG] [shadow] widgets: id="" params=0 vizKinds=[]
16:59:51.021 [DEBUG] [shadow_ui] param_giveup: claim=0 response=0 error=61 last_key=global_settings_module | claimwedge: rt=0 rr=0 blocked=0ms | slow>=90ms: n=0 worst=0ms key=- where=-
16:59:51.052 [DEBUG] [shim] Screen reader: Queued "Voice, Old Male, 6 of 12" (pending=1)
16:59:51.052 [DEBUG] [shim] Screen reader: "Voice, Old Male, 6 of 12" (injected 149 bytes to FD 12, serial=777)
16:59:51.053 [DEBUG] [shim] D-Bus signal: com.ableton.move.ScreenReader.text path=/com/ableton/move/screenreader sender=:1.12 arg0="Voice, Old Male, 6 of 12"
16:59:51.053 [DEBUG] [shim] D-Bus text: "Voice, Old Male, 6 of 12" (held_track=-1)
16:59:51.206 [DEBUG] [shadow] widgets: id="" params=0 vizKinds=[]
16:59:51.397 [DEBUG] [shadow] ui_view: parampages slot=0 component=global_settings step_observe_want=true
16:59:51.485 [DEBUG] [shadow] widgets: id="" params=0 vizKinds=[]
16:59:51.596 [DEBUG] [shadow_ui] shadow_ui: step_observe OFF
16:59:51.598 [DEBUG] [shim] Screen reader: Queued "Voice, Old Male, 8 of 8" (pending=1)
16:59:51.598 [DEBUG] [shim] Screen reader: "Voice, Old Male, 8 of 8" (injected 148 bytes to FD 12, serial=778)
16:59:51.598 [DEBUG] [shim] D-Bus signal: com.ableton.move.ScreenReader.text path=/com/ableton/move/screenreader sender=:1.12 arg0="Voice, Old Male, 8 of 8"
16:59:51.598 [DEBUG] [shim] D-Bus text: "Voice, Old Male, 8 of 8" (held_track=-1)
16:59:51.905 [DEBUG] [shim] Screen reader: Queued "Old Female, 7 of 8" (pending=1)
16:59:51.906 [DEBUG] [shim] Screen reader: "Old Female, 7 of 8" (injected 143 bytes to FD 12, serial=779)
16:59:51.906 [DEBUG] [shim] D-Bus signal: com.ableton.move.ScreenReader.text path=/com/ableton/move/screenreader sender=:1.12 arg0="Old Female, 7 of 8"
16:59:51.906 [DEBUG] [shim] D-Bus text: "Old Female, 7 of 8" (held_track=-1)
16:59:51.940 [DEBUG] [shim] Screen reader: Queued "Female 2, 6 of 8" (pending=1)
16:59:51.940 [DEBUG] [shim] Screen reader: "Female 2, 6 of 8" (injected 141 bytes to FD 12, serial=780)
16:59:51.941 [DEBUG] [shim] D-Bus signal: com.ableton.move.ScreenReader.text path=/com/ableton/move/screenreader sender=:1.12 arg0="Female 2, 6 of 8"
16:59:51.941 [DEBUG] [shim] D-Bus text: "Female 2, 6 of 8" (held_track=-1)
16:59:52.007 [DEBUG] [shim] Screen reader: Queued "Male 3, 5 of 8" (pending=1)
16:59:52.007 [DEBUG] [shim] Screen reader: "Male 3, 5 of 8" (injected 139 bytes to FD 12, serial=781)
16:59:52.008 [DEBUG] [shim] D-Bus signal: com.ableton.move.ScreenReader.text path=/com/ableton/move/screenreader sender=:1.12 arg0="Male 3, 5 of 8"
16:59:52.008 [DEBUG] [shim] D-Bus text: "Male 3, 5 of 8" (held_track=-1)
16:59:52.074 [DEBUG] [shim] Screen reader: Queued "Male 2, 4 of 8" (pending=1)
16:59:52.074 [DEBUG] [shim] Screen reader: "Male 2, 4 of 8" (injected 139 bytes to FD 12, serial=782)
16:59:52.074 [DEBUG] [shim] D-Bus signal: com.ableton.move.ScreenReader.text path=/com/ableton/move/screenreader sender=:1.12 arg0="Male 2, 4 of 8"
16:59:52.074 [DEBUG] [shim] D-Bus text: "Male 2, 4 of 8" (held_track=-1)
16:59:52.446 [DEBUG] [shadow] ui_view: enumpick slot=0 component=global_settings step_observe_want=false
16:59:52.698 [DEBUG] [shim] Screen reader: Queued "Child, 3 of 8" (pending=1)
16:59:52.698 [DEBUG] [shim] Screen reader: "Child, 3 of 8" (injected 138 bytes to FD 12, serial=783)
16:59:52.698 [DEBUG] [shim] D-Bus signal: com.ableton.move.ScreenReader.text path=/com/ableton/move/screenreader sender=:1.12 arg0="Child, 3 of 8"
16:59:52.698 [DEBUG] [shim] D-Bus text: "Child, 3 of 8" (held_track=-1)
16:59:52.973 [DEBUG] [spi_timing] Frame(us): total avg=2681 max=2808 | pre avg=113 max=300 | ioctl avg=2551 max=2702 | post avg=15 max=45 | overruns=22
16:59:52.973 [DEBUG] [spi_timing] Pre(us): midi_mon=1/18 fwd_midi=2/66 mix_audio=7/42 ui_req=1/5 param=7/31 fwd_cc=0/0 proc_midi=1/19 jack_stash=1/18 drain_dsp=0/1 jack_wake=0/3 mix_buf=45/81 tts=10/35 display=6/202
16:59:52.973 [DEBUG] [spi_timing] Post(us): clear_leds=2/10 jack_midi=0/0 ui_midi=0/18 flush_leds=6/10 screenreader=1/200 jack_pre=0/3 jack_disp=0/0 pin=0/2 midi_scan=8/34 drain_dsp2=0/1 render=4/24
16:59:52.973 [DEBUG] [spi_timing] Slot render max(us): s0=0 s1=0 s2=0 s3=0 probe_burst_max=0
16:59:52.973 [DEBUG] [spi_timing] Slot synth max(us): s0=0 s1=0 s2=0 s3=0 | Slot fx max(us): s0=0 s1=0 s2=0 s3=0
16:59:53.441 [DEBUG] [shim] Screen reader: Queued "Female 1, 2 of 8" (pending=1)
16:59:53.441 [DEBUG] [shim] Screen reader: "Female 1, 2 of 8" (injected 141 bytes to FD 12, serial=784)
16:59:53.441 [DEBUG] [shim] D-Bus signal: com.ableton.move.ScreenReader.text path=/com/ableton/move/screenreader sender=:1.12 arg0="Female 1, 2 of 8"
16:59:53.441 [DEBUG] [shim] D-Bus text: "Female 1, 2 of 8" (held_track=-1)
16:59:53.497 [DEBUG] [shadow] ui_view: enumpick slot=0 component=global_settings step_observe_want=false
16:59:53.516 [DEBUG] [shim] Screen reader: Queued "Male 1, 1 of 8" (pending=1)
16:59:53.517 [DEBUG] [shim] Screen reader: "Male 1, 1 of 8" (injected 139 bytes to FD 12, serial=785)
16:59:53.517 [DEBUG] [shim] D-Bus signal: com.ableton.move.ScreenReader.text path=/com/ableton/move/screenreader sender=:1.12 arg0="Male 1, 1 of 8"
16:59:53.517 [DEBUG] [shim] D-Bus text: "Male 1, 1 of 8" (held_track=-1)
16:59:54.547 [DEBUG] [shadow] handleSelect called, view=enumpick
16:59:54.550 [DEBUG] [shim] Screen reader: Queued "Voice: Male 1" (pending=1)
16:59:54.550 [DEBUG] [shim] Screen reader: "Voice: Male 1" (injected 138 bytes to FD 12, serial=786)
16:59:54.550 [DEBUG] [shim] D-Bus signal: com.ableton.move.ScreenReader.text path=/com/ableton/move/screenreader sender=:1.12 arg0="Voice: Male 1"
16:59:54.550 [DEBUG] [shim] D-Bus text: "Voice: Male 1" (held_track=-1)
16:59:54.550 [DEBUG] [shadow_ui] param_giveup: claim=0 response=0 error=36 last_key=global_settings_module | claimwedge: rt=0 rr=0 blocked=0ms | slow>=90ms: n=0 worst=0ms key=- where=-
16:59:54.550 [DEBUG] [shadow_ui] shadow_ui: step_observe ON
16:59:54.550 [DEBUG] [shadow] ui_view: parampages slot=0 component=global_settings step_observe_want=true
16:59:54.553 [DEBUG] [shadow] widgets: id="" params=0 vizKinds=[]
16:59:54.554 [DEBUG] [shadow] param_pages fps: 40 draws / 40 ticks / 3649ms
16:59:54.681 [DEBUG] [shadow] param_pages midi: 3 events (0 knob turns) / 3992ms
16:59:54.803 [DEBUG] [shadow] widgets: id="" params=0 vizKinds=[]
16:59:55.017 [DEBUG] [shadow_ui] param_giveup: claim=0 response=0 error=30 last_key=global_settings_module | claimwedge: rt=0 rr=0 blocked=0ms | slow>=90ms: n=0 worst=0ms key=- where=-
16:59:55.081 [DEBUG] [shadow] widgets: id="" params=0 vizKinds=[]
16:59:55.095 [DEBUG] [shim] Screen reader: Queued "Gender, Male, 7 of 12" (pending=1)
16:59:55.096 [DEBUG] [shim] Screen reader: "Gender, Male, 7 of 12" (injected 146 bytes to FD 12, serial=787)
16:59:55.096 [DEBUG] [shim] D-Bus signal: com.ableton.move.ScreenReader.text path=/com/ableton/move/screenreader sender=:1.12 arg0="Gender, Male, 7 of 12"
16:59:55.096 [DEBUG] [shim] D-Bus text: "Gender, Male, 7 of 12" (held_track=-1)
16:59:55.331 [DEBUG] [shadow] widgets: id="" params=0 vizKinds=[]
16:59:55.586 [DEBUG] [shadow] param_pages fps: 58 draws / 58 ticks / 1032ms
16:59:55.607 [DEBUG] [shadow] ui_view: parampages slot=0 component=global_settings step_observe_want=true
16:59:55.609 [DEBUG] [shadow] widgets: id="" params=0 vizKinds=[]
16:59:55.862 [DEBUG] [shadow] widgets: id="" params=0 vizKinds=[]
16:59:56.007 [DEBUG] [shadow_ui] param_giveup: claim=0 response=0 error=60 last_key=global_settings_module | claimwedge: rt=0 rr=0 blocked=0ms | slow>=90ms: n=0 worst=0ms key=- where=-
16:59:56.138 [DEBUG] [shadow] widgets: id="" params=0 vizKinds=[]
16:59:56.388 [DEBUG] [shadow] widgets: id="" params=0 vizKinds=[]
16:59:56.400 [DEBUG] [shadow] param_pages midi: 2 events (0 knob turns) / 1719ms
16:59:56.402 [DEBUG] [shim] Screen reader: Queued "Head Size, 50, 8 of 12" (pending=1)
16:59:56.402 [DEBUG] [shim] Screen reader: "Head Size, 50, 8 of 12" (injected 147 bytes to FD 12, serial=788)
16:59:56.402 [DEBUG] [shim] D-Bus signal: com.ableton.move.ScreenReader.text path=/com/ableton/move/screenreader sender=:1.12 arg0="Head Size, 50, 8 of 12"
16:59:56.402 [DEBUG] [shim] D-Bus text: "Head Size, 50, 8 of 12" (held_track=-1)
16:59:56.643 [DEBUG] [shadow] param_pages fps: 60 draws / 60 ticks / 1057ms
16:59:56.663 [DEBUG] [shadow] ui_view: parampages slot=0 component=global_settings step_observe_want=true
16:59:56.667 [DEBUG] [shadow] widgets: id="" params=0 vizKinds=[]
16:59:56.916 [DEBUG] [shadow] widgets: id="" params=0 vizKinds=[]
16:59:57.015 [DEBUG] [shadow_ui] param_giveup: claim=0 response=0 error=61 last_key=global_settings_module | claimwedge: rt=0 rr=0 blocked=0ms | slow>=90ms: n=0 worst=0ms key=- where=-
16:59:57.046 [DEBUG] [shim] Screen reader: Queued "Head Size, 50, 8 of 12" (pending=1)
16:59:57.046 [DEBUG] [shim] Screen reader: "Head Size, 50, 8 of 12" (injected 147 bytes to FD 12, serial=789)
16:59:57.046 [DEBUG] [shim] D-Bus signal: com.ableton.move.ScreenReader.text path=/com/ableton/move/screenreader sender=:1.12 arg0="Head Size, 50, 8 of 12"
16:59:57.046 [DEBUG] [shim] D-Bus text: "Head Size, 50, 8 of 12" (held_track=-1)
16:59:57.194 [DEBUG] [shadow] widgets: id="" params=0 vizKinds=[]
16:59:57.374 [DEBUG] [shim] Screen reader: Queued "62" (pending=1)
16:59:57.374 [DEBUG] [shim] Screen reader: "62" (injected 127 bytes to FD 12, serial=790)
16:59:57.375 [DEBUG] [shim] D-Bus signal: com.ableton.move.ScreenReader.text path=/com/ableton/move/screenreader sender=:1.12 arg0="62"
16:59:57.375 [DEBUG] [shim] D-Bus text: "62" (held_track=-1)
16:59:57.423 [DEBUG] [shadow] param_pages midi: 5 events (0 knob turns) / 1023ms
16:59:57.445 [DEBUG] [shadow] widgets: id="" params=0 vizKinds=[]
16:59:57.647 [DEBUG] [shadow] param_pages fps: 59 draws / 59 ticks / 1004ms
16:59:57.725 [DEBUG] [shadow] ui_view: parampages slot=0 component=global_settings step_observe_want=true
16:59:57.728 [DEBUG] [shadow] widgets: id="" params=0 vizKinds=[]
16:59:57.973 [DEBUG] [spi_timing] Frame(us): total avg=2691 max=2804 | pre avg=106 max=297 | ioctl avg=2569 max=2698 | post avg=14 max=30 | overruns=22
16:59:57.973 [DEBUG] [spi_timing] Pre(us): midi_mon=1/7 fwd_midi=2/65 mix_audio=7/37 ui_req=1/23 param=5/33 fwd_cc=0/0 proc_midi=1/19 jack_stash=1/11 drain_dsp=0/17 jack_wake=0/11 mix_buf=44/76 tts=6/34 display=6/190
16:59:57.973 [DEBUG] [spi_timing] Post(us): clear_leds=2/26 jack_midi=0/0 ui_midi=0/3 flush_leds=6/29 screenreader=0/187 jack_pre=0/0 jack_disp=0/0 pin=0/18 midi_scan=8/25 drain_dsp2=0/1 render=4/21
16:59:57.973 [DEBUG] [spi_timing] Slot render max(us): s0=0 s1=0 s2=0 s3=0 probe_burst_max=0
16:59:57.973 [DEBUG] [spi_timing] Slot synth max(us): s0=0 s1=0 s2=0 s3=0 | Slot fx max(us): s0=0 s1=0 s2=0 s3=0
16:59:57.979 [DEBUG] [shadow] widgets: id="" params=0 vizKinds=[]
16:59:58.010 [DEBUG] [shadow_ui] param_giveup: claim=0 response=0 error=60 last_key=global_settings_module | claimwedge: rt=0 rr=0 blocked=0ms | slow>=90ms: n=0 worst=0ms key=- where=-
16:59:58.094 [DEBUG] [shim] Screen reader: Queued "67" (pending=1)
16:59:58.094 [DEBUG] [shim] Screen reader: "67" (injected 127 bytes to FD 12, serial=791)
16:59:58.094 [DEBUG] [shim] D-Bus signal: com.ableton.move.ScreenReader.text path=/com/ableton/move/screenreader sender=:1.12 arg0="67"
16:59:58.094 [DEBUG] [shim] D-Bus text: "67" (held_track=-1)
16:59:58.258 [DEBUG] [shadow] widgets: id="" params=0 vizKinds=[]
16:59:58.271 [DEBUG] [shim] Screen reader: Queued "71" (pending=1)
16:59:58.271 [DEBUG] [shim] Screen reader: "71" (injected 127 bytes to FD 12, serial=792)
16:59:58.271 [DEBUG] [shim] D-Bus signal: com.ableton.move.ScreenReader.text path=/com/ableton/move/screenreader sender=:1.12 arg0="71"
16:59:58.271 [DEBUG] [shim] D-Bus text: "71" (held_track=-1)
16:59:58.507 [DEBUG] [shadow] widgets: id="" params=0 vizKinds=[]
16:59:58.569 [DEBUG] [shadow] param_pages midi: 8 events (0 knob turns) / 1145ms
16:59:58.570 [DEBUG] [shim] Screen reader: Queued "70" (pending=1)
16:59:58.570 [DEBUG] [shim] Screen reader: "70" (injected 127 bytes to FD 12, serial=793)
16:59:58.570 [DEBUG] [shim] D-Bus signal: com.ableton.move.ScreenReader.text path=/com/ableton/move/screenreader sender=:1.12 arg0="70"
16:59:58.570 [DEBUG] [shim] D-Bus text: "70" (held_track=-1)
16:59:58.655 [DEBUG] [shadow] param_pages fps: 57 draws / 57 ticks / 1008ms
16:59:58.782 [DEBUG] [shadow] ui_view: parampages slot=0 component=global_settings step_observe_want=true
16:59:58.785 [DEBUG] [shadow] widgets: id="" params=0 vizKinds=[]
16:59:59.018 [DEBUG] [shadow_ui] param_giveup: claim=0 response=0 error=61 last_key=global_settings_module | claimwedge: rt=0 rr=0 blocked=0ms | slow>=90ms: n=0 worst=0ms key=- where=-
16:59:59.035 [DEBUG] [shadow] widgets: id="" params=0 vizKinds=[]
16:59:59.217 [DEBUG] [shim] Screen reader: Queued "65" (pending=1)
16:59:59.217 [DEBUG] [shim] Screen reader: "65" (injected 127 bytes to FD 12, serial=794)
16:59:59.218 [DEBUG] [shim] D-Bus signal: com.ableton.move.ScreenReader.text path=/com/ableton/move/screenreader sender=:1.12 arg0="65"
16:59:59.218 [DEBUG] [shim] D-Bus text: "65" (held_track=-1)
16:59:59.314 [DEBUG] [shadow] widgets: id="" params=0 vizKinds=[]
16:59:59.563 [DEBUG] [shadow] widgets: id="" params=0 vizKinds=[]
16:59:59.592 [DEBUG] [shadow] param_pages midi: 7 events (0 knob turns) / 1024ms
16:59:59.595 [DEBUG] [shim] Screen reader: Queued "65" (pending=1)
16:59:59.595 [DEBUG] [shim] Screen reader: "65" (injected 127 bytes to FD 12, serial=795)
16:59:59.595 [DEBUG] [shim] D-Bus signal: com.ableton.move.ScreenReader.text path=/com/ableton/move/screenreader sender=:1.12 arg0="65"
16:59:59.595 [DEBUG] [shim] D-Bus text: "65" (held_track=-1)
16:59:59.662 [DEBUG] [shadow] param_pages fps: 57 draws / 57 ticks / 1007ms
16:59:59.838 [DEBUG] [shadow] ui_view: parampages slot=0 component=global_settings step_observe_want=true
16:59:59.842 [DEBUG] [shadow] widgets: id="" params=0 vizKinds=[]
16:59:59.905 [DEBUG] [shim] Screen reader: Queued "66" (pending=1)
16:59:59.905 [DEBUG] [shim] Screen reader: "66" (injected 127 bytes to FD 12, serial=796)
16:59:59.906 [DEBUG] [shim] D-Bus signal: com.ableton.move.ScreenReader.text path=/com/ableton/move/screenreader sender=:1.12 arg0="66"
16:59:59.906 [DEBUG] [shim] D-Bus text: "66" (held_track=-1)
17:00:00.007 [DEBUG] [shadow_ui] param_giveup: claim=0 response=0 error=60 last_key=global_settings_module | claimwedge: rt=0 rr=0 blocked=0ms | slow>=90ms: n=0 worst=0ms key=- where=-
17:00:00.092 [DEBUG] [shadow] widgets: id="" params=0 vizKinds=[]
17:00:00.352 [DEBUG] [shim] Screen reader: Queued "63" (pending=1)
17:00:00.352 [DEBUG] [shim] Screen reader: "63" (injected 127 bytes to FD 12, serial=797)
17:00:00.353 [DEBUG] [shim] D-Bus signal: com.ableton.move.ScreenReader.text path=/com/ableton/move/screenreader sender=:1.12 arg0="63"
17:00:00.353 [DEBUG] [shim] D-Bus text: "63" (held_track=-1)
17:00:00.374 [DEBUG] [shadow] widgets: id="" params=0 vizKinds=[]
17:00:00.623 [DEBUG] [shadow] widgets: id="" params=0 vizKinds=[]
17:00:00.680 [DEBUG] [shadow] param_pages fps: 57 draws / 57 ticks / 1018ms
17:00:00.768 [DEBUG] [shadow] param_pages midi: 15 events (0 knob turns) / 1176ms
17:00:00.770 [DEBUG] [shim] Screen reader: Queued "70" (pending=1)
17:00:00.770 [DEBUG] [shim] Screen reader: "70" (injected 127 bytes to FD 12, serial=798)
17:00:00.771 [DEBUG] [shim] D-Bus signal: com.ableton.move.ScreenReader.text path=/com/ableton/move/screenreader sender=:1.12 arg0="70"
17:00:00.771 [DEBUG] [shim] D-Bus text: "70" (held_track=-1)
17:00:00.901 [DEBUG] [shadow] ui_view: parampages slot=0 component=global_settings step_observe_want=true
17:00:00.904 [DEBUG] [shadow] widgets: id="" params=0 vizKinds=[]
17:00:01.018 [DEBUG] [shadow_ui] param_giveup: claim=0 response=0 error=61 last_key=global_settings_module | claimwedge: rt=0 rr=0 blocked=0ms | slow>=90ms: n=0 worst=0ms key=- where=-
17:00:01.153 [DEBUG] [shadow] widgets: id="" params=0 vizKinds=[]
17:00:01.217 [DEBUG] [shim] Screen reader: Queued "76" (pending=1)
17:00:01.217 [DEBUG] [shim] Screen reader: "76" (injected 127 bytes to FD 12, serial=799)
17:00:01.218 [DEBUG] [shim] D-Bus signal: com.ableton.move.ScreenReader.text path=/com/ableton/move/screenreader sender=:1.12 arg0="76"
17:00:01.218 [DEBUG] [shim] D-Bus text: "76" (held_track=-1)
17:00:01.429 [DEBUG] [shadow] widgets: id="" params=0 vizKinds=[]
17:00:01.679 [DEBUG] [shadow] widgets: id="" params=0 vizKinds=[]
17:00:01.694 [DEBUG] [shadow] param_pages fps: 58 draws / 58 ticks / 1014ms
17:00:01.711 [DEBUG] [shim] Screen reader: Queued "81" (pending=1)
17:00:01.711 [DEBUG] [shim] Screen reader: "81" (injected 127 bytes to FD 12, serial=800)
17:00:01.711 [DEBUG] [shim] D-Bus signal: com.ableton.move.ScreenReader.text path=/com/ableton/move/screenreader sender=:1.12 arg0="81"
17:00:01.711 [DEBUG] [shim] D-Bus text: "81" (held_track=-1)
17:00:01.775 [DEBUG] [shadow] param_pages midi: 15 events (0 knob turns) / 1007ms
17:00:01.954 [DEBUG] [shadow] ui_view: parampages slot=0 component=global_settings step_observe_want=true
17:00:01.958 [DEBUG] [shadow] widgets: id="" params=0 vizKinds=[]
17:00:02.022 [DEBUG] [shadow_ui] param_giveup: claim=0 response=0 error=61 last_key=global_settings_module | claimwedge: rt=0 rr=0 blocked=0ms | slow>=90ms: n=0 worst=0ms key=- where=-
17:00:02.105 [DEBUG] [shim] Screen reader: Queued "88" (pending=1)
17:00:02.106 [DEBUG] [shim] Screen reader: "88" (injected 127 bytes to FD 12, serial=801)
17:00:02.106 [DEBUG] [shim] D-Bus signal: com.ableton.move.ScreenReader.text path=/com/ableton/move/screenreader sender=:1.12 arg0="88"
17:00:02.106 [DEBUG] [shim] D-Bus text: "88" (held_track=-1)
17:00:02.208 [DEBUG] [shadow] widgets: id="" params=0 vizKinds=[]
17:00:02.483 [DEBUG] [shim] Screen reader: Queued "94" (pending=1)
17:00:02.483 [DEBUG] [shim] Screen reader: "94" (injected 127 bytes to FD 12, serial=802)
17:00:02.483 [DEBUG] [shim] D-Bus signal: com.ableton.move.ScreenReader.text path=/com/ableton/move/screenreader sender=:1.12 arg0="94"
17:00:02.483 [DEBUG] [shim] D-Bus text: "94" (held_track=-1)
17:00:02.487 [DEBUG] [shadow] widgets: id="" params=0 vizKinds=[]
17:00:02.712 [DEBUG] [shadow] param_pages fps: 57 draws / 57 ticks / 1018ms
17:00:02.735 [DEBUG] [shadow] widgets: id="" params=0 vizKinds=[]
17:00:02.973 [DEBUG] [spi_timing] Frame(us): total avg=2687 max=2789 | pre avg=110 max=308 | ioctl avg=2561 max=2688 | post avg=15 max=35 | overruns=22
17:00:02.973 [DEBUG] [spi_timing] Pre(us): midi_mon=1/23 fwd_midi=2/62 mix_audio=7/55 ui_req=1/20 param=6/37 fwd_cc=0/0 proc_midi=1/20 jack_stash=1/3 drain_dsp=0/1 jack_wake=0/9 mix_buf=45/84 tts=8/31 display=6/215
17:00:02.973 [DEBUG] [spi_timing] Post(us): clear_leds=2/13 jack_midi=0/20 ui_midi=0/4 flush_leds=6/32 screenreader=1/212 jack_pre=0/1 jack_disp=0/1 pin=0/4 midi_scan=8/26 drain_dsp2=0/17 render=4/21
17:00:02.973 [DEBUG] [spi_timing] Slot render max(us): s0=0 s1=0 s2=0 s3=0 probe_burst_max=0
17:00:02.973 [DEBUG] [spi_timing] Slot synth max(us): s0=0 s1=0 s2=0 s3=0 | Slot fx max(us): s0=0 s1=0 s2=0 s3=0
17:00:03.021 [DEBUG] [shadow_ui] param_giveup: claim=0 response=0 error=59 last_key=global_settings_module | claimwedge: rt=0 rr=0 blocked=0ms | slow>=90ms: n=0 worst=0ms key=- where=-
17:00:03.021 [DEBUG] [shadow] ui_view: parampages slot=0 component=global_settings step_observe_want=true
17:00:03.023 [DEBUG] [shadow] widgets: id="" params=0 vizKinds=[]
17:00:03.185 [DEBUG] [shadow] param_pages midi: 15 events (0 knob turns) / 1410ms
17:00:03.188 [DEBUG] [shim] Screen reader: Queued "98" (pending=1)
17:00:03.188 [DEBUG] [shim] Screen reader: "98" (injected 127 bytes to FD 12, serial=803)
17:00:03.189 [DEBUG] [shim] D-Bus signal: com.ableton.move.ScreenReader.text path=/com/ableton/move/screenreader sender=:1.12 arg0="98"
17:00:03.189 [DEBUG] [shim] D-Bus text: "98" (held_track=-1)
17:00:03.273 [DEBUG] [shadow] widgets: id="" params=0 vizKinds=[]
17:00:03.336 [DEBUG] [shim] Screen reader: Queued "97" (pending=1)
17:00:03.336 [DEBUG] [shim] Screen reader: "97" (injected 127 bytes to FD 12, serial=804)
17:00:03.337 [DEBUG] [shim] D-Bus signal: com.ableton.move.ScreenReader.text path=/com/ableton/move/screenreader sender=:1.12 arg0="97"
17:00:03.337 [DEBUG] [shim] D-Bus text: "97" (held_track=-1)
17:00:03.552 [DEBUG] [shadow] widgets: id="" params=0 vizKinds=[]
17:00:03.565 [DEBUG] [shim] Screen reader: Queued "95" (pending=1)
17:00:03.566 [DEBUG] [shim] Screen reader: "95" (injected 127 bytes to FD 12, serial=805)
17:00:03.566 [DEBUG] [shim] D-Bus signal: com.ableton.move.ScreenReader.text path=/com/ableton/move/screenreader sender=:1.12 arg0="95"
17:00:03.566 [DEBUG] [shim] D-Bus text: "95" (held_track=-1)
17:00:03.717 [DEBUG] [shadow] param_pages fps: 57 draws / 57 ticks / 1005ms
17:00:03.748 [DEBUG] [shim] Screen reader: Queued "93" (pending=1)
17:00:03.748 [DEBUG] [shim] Screen reader: "93" (injected 127 bytes to FD 12, serial=806)
17:00:03.749 [DEBUG] [shim] D-Bus signal: com.ableton.move.ScreenReader.text path=/com/ableton/move/screenreader sender=:1.12 arg0="93"
17:00:03.749 [DEBUG] [shim] D-Bus text: "93" (held_track=-1)
17:00:03.801 [DEBUG] [shadow] widgets: id="" params=0 vizKinds=[]
17:00:03.949 [DEBUG] [shim] Screen reader: Queued "92" (pending=1)
17:00:03.949 [DEBUG] [shim] Screen reader: "92" (injected 127 bytes to FD 12, serial=807)
17:00:03.949 [DEBUG] [shim] D-Bus signal: com.ableton.move.ScreenReader.text path=/com/ableton/move/screenreader sender=:1.12 arg0="92"
17:00:03.949 [DEBUG] [shim] D-Bus text: "92" (held_track=-1)
17:00:04.016 [DEBUG] [shadow_ui] param_giveup: claim=0 response=0 error=63 last_key=global_settings_module | claimwedge: rt=0 rr=0 blocked=0ms | slow>=90ms: n=0 worst=0ms key=- where=-
17:00:04.077 [DEBUG] [shadow] ui_view: parampages slot=0 component=global_settings step_observe_want=true
17:00:04.080 [DEBUG] [shadow] widgets: id="" params=0 vizKinds=[]
17:00:04.330 [DEBUG] [shadow] widgets: id="" params=0 vizKinds=[]
17:00:04.408 [DEBUG] [shadow] param_pages midi: 7 events (0 knob turns) / 1223ms
17:00:04.410 [DEBUG] [shim] Screen reader: Queued "91" (pending=1)
17:00:04.410 [DEBUG] [shim] Screen reader: "91" (injected 127 bytes to FD 12, serial=808)
17:00:04.411 [DEBUG] [shim] D-Bus signal: com.ableton.move.ScreenReader.text path=/com/ableton/move/screenreader sender=:1.12 arg0="91"
17:00:04.411 [DEBUG] [shim] D-Bus text: "91" (held_track=-1)
17:00:04.544 [DEBUG] [shim] Screen reader: Queued "87" (pending=1)
17:00:04.544 [DEBUG] [shim] Screen reader: "87" (injected 127 bytes to FD 12, serial=809)
17:00:04.544 [DEBUG] [shim] D-Bus signal: com.ableton.move.ScreenReader.text path=/com/ableton/move/screenreader sender=:1.12 arg0="87"
17:00:04.544 [DEBUG] [shim] D-Bus text: "87" (held_track=-1)
17:00:04.608 [DEBUG] [shadow] widgets: id="" params=0 vizKinds=[]
17:00:04.721 [DEBUG] [shadow] param_pages fps: 57 draws / 57 ticks / 1004ms
17:00:04.822 [DEBUG] [shim] Screen reader: Queued "86" (pending=1)
17:00:04.822 [DEBUG] [shim] Screen reader: "86" (injected 127 bytes to FD 12, serial=810)
17:00:04.823 [DEBUG] [shim] D-Bus signal: com.ableton.move.ScreenReader.text path=/com/ableton/move/screenreader sender=:1.12 arg0="86"
17:00:04.823 [DEBUG] [shim] D-Bus text: "86" (held_track=-1)
17:00:04.860 [DEBUG] [shadow] widgets: id="" params=0 vizKinds=[]
17:00:05.005 [DEBUG] [shadow_ui] param_giveup: claim=0 response=0 error=60 last_key=global_settings_module | claimwedge: rt=0 rr=0 blocked=0ms | slow>=90ms: n=0 worst=0ms key=- where=-
17:00:05.133 [DEBUG] [shadow] ui_view: parampages slot=0 component=global_settings step_observe_want=true
17:00:05.136 [DEBUG] [shadow] widgets: id="" params=0 vizKinds=[]
17:00:05.217 [DEBUG] [shim] Screen reader: Queued "81" (pending=1)
17:00:05.217 [DEBUG] [shim] Screen reader: "81" (injected 127 bytes to FD 12, serial=811)
17:00:05.218 [DEBUG] [shim] D-Bus signal: com.ableton.move.ScreenReader.text path=/com/ableton/move/screenreader sender=:1.12 arg0="81"
17:00:05.218 [DEBUG] [shim] D-Bus text: "81" (held_track=-1)
17:00:05.386 [DEBUG] [shadow] widgets: id="" params=0 vizKinds=[]
17:00:05.664 [DEBUG] [shadow] widgets: id="" params=0 vizKinds=[]
17:00:05.729 [DEBUG] [shadow] param_pages fps: 57 draws / 57 ticks / 1008ms
17:00:05.893 [DEBUG] [shadow] param_pages midi: 14 events (0 knob turns) / 1485ms
17:00:05.896 [DEBUG] [shim] Screen reader: Queued "77" (pending=1)
17:00:05.896 [DEBUG] [shim] Screen reader: "77" (injected 127 bytes to FD 12, serial=812)
17:00:05.897 [DEBUG] [shim] D-Bus signal: com.ableton.move.ScreenReader.text path=/com/ableton/move/screenreader sender=:1.12 arg0="77"
17:00:05.897 [DEBUG] [shim] D-Bus text: "77" (held_track=-1)
17:00:05.914 [DEBUG] [shadow] widgets: id="" params=0 vizKinds=[]
17:00:06.013 [DEBUG] [shadow_ui] param_giveup: claim=0 response=0 error=61 last_key=global_settings_module | claimwedge: rt=0 rr=0 blocked=0ms | slow>=90ms: n=0 worst=0ms key=- where=-
17:00:06.189 [DEBUG] [shadow] ui_view: parampages slot=0 component=global_settings step_observe_want=true
17:00:06.193 [DEBUG] [shadow] widgets: id="" params=0 vizKinds=[]
17:00:06.323 [DEBUG] [shim] Screen reader: Queued "74" (pending=1)
17:00:06.323 [DEBUG] [shim] Screen reader: "74" (injected 127 bytes to FD 12, serial=813)
17:00:06.323 [DEBUG] [shim] D-Bus signal: com.ableton.move.ScreenReader.text path=/com/ableton/move/screenreader sender=:1.12 arg0="74"
17:00:06.323 [DEBUG] [shim] D-Bus text: "74" (held_track=-1)
17:00:06.442 [DEBUG] [shadow] widgets: id="" params=0 vizKinds=[]
17:00:06.721 [DEBUG] [shadow] widgets: id="" params=0 vizKinds=[]
17:00:06.735 [DEBUG] [shadow] param_pages fps: 57 draws / 57 ticks / 1006ms
17:00:06.819 [DEBUG] [shim] Screen reader: Queued "71" (pending=1)
17:00:06.819 [DEBUG] [shim] Screen reader: "71" (injected 127 bytes to FD 12, serial=814)
17:00:06.820 [DEBUG] [shim] D-Bus signal: com.ableton.move.ScreenReader.text path=/com/ableton/move/screenreader sender=:1.12 arg0="71"
17:00:06.820 [DEBUG] [shim] D-Bus text: "71" (held_track=-1)
17:00:06.970 [DEBUG] [shadow] widgets: id="" params=0 vizKinds=[]
17:00:06.983 [DEBUG] [shadow] param_pages midi: 8 events (0 knob turns) / 1090ms
17:00:06.985 [DEBUG] [shim] Screen reader: Queued "69" (pending=1)
17:00:06.985 [DEBUG] [shim] Screen reader: "69" (injected 127 bytes to FD 12, serial=815)
17:00:06.985 [DEBUG] [shim] D-Bus signal: com.ableton.move.ScreenReader.text path=/com/ableton/move/screenreader sender=:1.12 arg0="69"
17:00:06.985 [DEBUG] [shim] D-Bus text: "69" (held_track=-1)
17:00:07.017 [DEBUG] [shadow_ui] param_giveup: claim=0 response=0 error=61 last_key=global_settings_module | claimwedge: rt=0 rr=0 blocked=0ms | slow>=90ms: n=0 worst=0ms key=- where=-
17:00:07.246 [DEBUG] [shadow] ui_view: parampages slot=0 component=global_settings step_observe_want=true
17:00:07.250 [DEBUG] [shadow] widgets: id="" params=0 vizKinds=[]
17:00:07.380 [DEBUG] [shim] Screen reader: Queued "69" (pending=1)
17:00:07.380 [DEBUG] [shim] Screen reader: "69" (injected 127 bytes to FD 12, serial=816)
17:00:07.380 [DEBUG] [shim] D-Bus signal: com.ableton.move.ScreenReader.text path=/com/ableton/move/screenreader sender=:1.12 arg0="69"
17:00:07.380 [DEBUG] [shim] D-Bus text: "69" (held_track=-1)
17:00:07.499 [DEBUG] [shadow] widgets: id="" params=0 vizKinds=[]
17:00:07.755 [DEBUG] [shadow] param_pages fps: 57 draws / 57 ticks / 1020ms
17:00:07.760 [DEBUG] [shim] Screen reader: Queued "72" (pending=1)
17:00:07.760 [DEBUG] [shim] Screen reader: "72" (injected 127 bytes to FD 12, serial=817)
17:00:07.760 [DEBUG] [shim] D-Bus signal: com.ableton.move.ScreenReader.text path=/com/ableton/move/screenreader sender=:1.12 arg0="72"
17:00:07.760 [DEBUG] [shim] D-Bus text: "72" (held_track=-1)
17:00:07.778 [DEBUG] [shadow] widgets: id="" params=0 vizKinds=[]
17:00:07.974 [DEBUG] [spi_timing] Frame(us): total avg=2682 max=2829 | pre avg=112 max=293 | ioctl avg=2553 max=2721 | post avg=15 max=48 | overruns=22
17:00:07.974 [DEBUG] [spi_timing] Pre(us): midi_mon=1/21 fwd_midi=2/64 mix_audio=7/48 ui_req=1/17 param=7/70 fwd_cc=0/0 proc_midi=1/11 jack_stash=1/20 drain_dsp=0/7 jack_wake=0/10 mix_buf=45/73 tts=8/35 display=6/189
17:00:07.974 [DEBUG] [spi_timing] Post(us): clear_leds=2/6 jack_midi=0/3 ui_midi=0/9 flush_leds=6/31 screenreader=1/221 jack_pre=0/1 jack_disp=0/0 pin=0/19 midi_scan=8/32 drain_dsp2=0/18 render=4/13
17:00:07.974 [DEBUG] [spi_timing] Slot render max(us): s0=0 s1=0 s2=0 s3=0 probe_burst_max=0
17:00:07.974 [DEBUG] [spi_timing] Slot synth max(us): s0=0 s1=0 s2=0 s3=0 | Slot fx max(us): s0=0 s1=0 s2=0 s3=0
17:00:07.975 [DEBUG] [shim] Screen reader: Queued "73" (pending=1)
17:00:07.975 [DEBUG] [shim] Screen reader: "73" (injected 127 bytes to FD 12, serial=818)
17:00:07.975 [DEBUG] [shim] D-Bus signal: com.ableton.move.ScreenReader.text path=/com/ableton/move/screenreader sender=:1.12 arg0="73"
17:00:07.975 [DEBUG] [shim] D-Bus text: "73" (held_track=-1)
17:00:08.010 [DEBUG] [shadow_ui] param_giveup: claim=0 response=0 error=60 last_key=global_settings_module | claimwedge: rt=0 rr=0 blocked=0ms | slow>=90ms: n=0 worst=0ms key=- where=-
17:00:08.027 [DEBUG] [shadow] widgets: id="" params=0 vizKinds=[]
17:00:08.226 [DEBUG] [shadow] param_pages midi: 7 events (0 knob turns) / 1243ms
17:00:08.227 [DEBUG] [shim] Screen reader: Queued "74" (pending=1)
17:00:08.227 [DEBUG] [shim] Screen reader: "74" (injected 127 bytes to FD 12, serial=819)
17:00:08.228 [DEBUG] [shim] D-Bus signal: com.ableton.move.ScreenReader.text path=/com/ableton/move/screenreader sender=:1.12 arg0="74"
17:00:08.228 [DEBUG] [shim] D-Bus text: "74" (held_track=-1)
17:00:08.305 [DEBUG] [shadow] ui_view: parampages slot=0 component=global_settings step_observe_want=true
17:00:08.310 [DEBUG] [shadow] widgets: id="" params=0 vizKinds=[]
17:00:08.488 [DEBUG] [shim] Screen reader: Queued "75" (pending=1)
17:00:08.489 [DEBUG] [shim] Screen reader: "75" (injected 127 bytes to FD 12, serial=820)
17:00:08.489 [DEBUG] [shim] D-Bus signal: com.ableton.move.ScreenReader.text path=/com/ableton/move/screenreader sender=:1.12 arg0="75"
17:00:08.489 [DEBUG] [shim] D-Bus text: "75" (held_track=-1)
17:00:08.558 [DEBUG] [shadow] widgets: id="" params=0 vizKinds=[]
17:00:08.756 [DEBUG] [shadow] param_pages fps: 59 draws / 59 ticks / 1001ms
17:00:08.834 [DEBUG] [shim] Screen reader: Queued "74" (pending=1)
17:00:08.834 [DEBUG] [shim] Screen reader: "74" (injected 127 bytes to FD 12, serial=821)
17:00:08.834 [DEBUG] [shim] D-Bus signal: com.ableton.move.ScreenReader.text path=/com/ableton/move/screenreader sender=:1.12 arg0="74"
17:00:08.834 [DEBUG] [shim] D-Bus text: "74" (held_track=-1)
17:00:08.838 [DEBUG] [shadow] widgets: id="" params=0 vizKinds=[]
17:00:08.967 [DEBUG] [shim] Screen reader: Queued "69" (pending=1)
17:00:08.967 [DEBUG] [shim] Screen reader: "69" (injected 127 bytes to FD 12, serial=822)
17:00:08.968 [DEBUG] [shim] D-Bus signal: com.ableton.move.ScreenReader.text path=/com/ableton/move/screenreader sender=:1.12 arg0="69"
17:00:08.968 [DEBUG] [shim] D-Bus text: "69" (held_track=-1)
17:00:09.017 [DEBUG] [shadow_ui] param_giveup: claim=0 response=0 error=61 last_key=global_settings_module | claimwedge: rt=0 rr=0 blocked=0ms | slow>=90ms: n=0 worst=0ms key=- where=-
17:00:09.086 [DEBUG] [shadow] widgets: id="" params=0 vizKinds=[]
17:00:09.362 [DEBUG] [shadow] ui_view: parampages slot=0 component=global_settings step_observe_want=true
17:00:09.365 [DEBUG] [shadow] widgets: id="" params=0 vizKinds=[]
17:00:09.478 [DEBUG] [shadow] param_pages midi: 10 events (0 knob turns) / 1251ms
17:00:09.481 [DEBUG] [shim] Screen reader: Queued "66" (pending=1)
17:00:09.481 [DEBUG] [shim] Screen reader: "66" (injected 127 bytes to FD 12, serial=823)
17:00:09.482 [DEBUG] [shim] D-Bus signal: com.ableton.move.ScreenReader.text path=/com/ableton/move/screenreader sender=:1.12 arg0="66"
17:00:09.482 [DEBUG] [shim] D-Bus text: "66" (held_track=-1)
17:00:09.615 [DEBUG] [shadow] widgets: id="" params=0 vizKinds=[]
17:00:09.763 [DEBUG] [shadow] param_pages fps: 57 draws / 57 ticks / 1007ms
17:00:09.873 [DEBUG] [shim] Screen reader: Queued "62" (pending=1)
17:00:09.873 [DEBUG] [shim] Screen reader: "62" (injected 127 bytes to FD 12, serial=824)
17:00:09.873 [DEBUG] [shim] D-Bus signal: com.ableton.move.ScreenReader.text path=/com/ableton/move/screenreader sender=:1.12 arg0="62"
17:00:09.873 [DEBUG] [shim] D-Bus text: "62" (held_track=-1)
17:00:09.894 [DEBUG] [shadow] widgets: id="" params=0 vizKinds=[]
17:00:10.006 [DEBUG] [shadow_ui] param_giveup: claim=0 response=0 error=60 last_key=global_settings_module | claimwedge: rt=0 rr=0 blocked=0ms | slow>=90ms: n=0 worst=0ms key=- where=-
17:00:10.144 [DEBUG] [shadow] widgets: id="" params=0 vizKinds=[]
17:00:10.291 [DEBUG] [shim] Screen reader: Queued "57" (pending=1)
17:00:10.291 [DEBUG] [shim] Screen reader: "57" (injected 127 bytes to FD 12, serial=825)
17:00:10.291 [DEBUG] [shim] D-Bus signal: com.ableton.move.ScreenReader.text path=/com/ableton/move/screenreader sender=:1.12 arg0="57"
17:00:10.291 [DEBUG] [shim] D-Bus text: "57" (held_track=-1)
17:00:10.420 [DEBUG] [shadow] ui_view: parampages slot=0 component=global_settings step_observe_want=true
17:00:10.422 [DEBUG] [shadow] widgets: id="" params=0 vizKinds=[]
17:00:10.671 [DEBUG] [shadow] widgets: id="" params=0 vizKinds=[]
17:00:10.771 [DEBUG] [shadow] param_pages fps: 57 draws / 57 ticks / 1008ms
17:00:10.850 [DEBUG] [shadow] param_pages midi: 13 events (0 knob turns) / 1373ms
17:00:10.854 [DEBUG] [shim] Screen reader: Queued "55" (pending=1)
17:00:10.854 [DEBUG] [shim] Screen reader: "55" (injected 127 bytes to FD 12, serial=826)
17:00:10.855 [DEBUG] [shim] D-Bus signal: com.ableton.move.ScreenReader.text path=/com/ableton/move/screenreader sender=:1.12 arg0="55"
17:00:10.855 [DEBUG] [shim] D-Bus text: "55" (held_track=-1)
17:00:10.951 [DEBUG] [shadow] widgets: id="" params=0 vizKinds=[]
17:00:11.015 [DEBUG] [shadow_ui] param_giveup: claim=0 response=0 error=61 last_key=global_settings_module | claimwedge: rt=0 rr=0 blocked=0ms | slow>=90ms: n=0 worst=0ms key=- where=-
17:00:11.200 [DEBUG] [shadow] widgets: id="" params=0 vizKinds=[]
17:00:11.476 [DEBUG] [shadow] ui_view: parampages slot=0 component=global_settings step_observe_want=true
17:00:11.479 [DEBUG] [shadow] widgets: id="" params=0 vizKinds=[]
17:00:11.729 [DEBUG] [shadow] widgets: id="" params=0 vizKinds=[]
17:00:11.786 [DEBUG] [shadow] param_pages fps: 57 draws / 57 ticks / 1015ms
17:00:12.006 [DEBUG] [shadow_ui] param_giveup: claim=0 response=0 error=60 last_key=global_settings_module | claimwedge: rt=0 rr=0 blocked=0ms | slow>=90ms: n=0 worst=0ms key=- where=-
17:00:12.006 [DEBUG] [shadow] widgets: id="" params=0 vizKinds=[]
17:00:12.053 [DEBUG] [shadow] param_pages midi: 5 events (0 knob turns) / 1203ms
17:00:12.056 [DEBUG] [shim] Screen reader: Queued "60" (pending=1)
17:00:12.056 [DEBUG] [shim] Screen reader: "60" (injected 127 bytes to FD 12, serial=827)
17:00:12.056 [DEBUG] [shim] D-Bus signal: com.ableton.move.ScreenReader.text path=/com/ableton/move/screenreader sender=:1.12 arg0="60"
17:00:12.056 [DEBUG] [shim] D-Bus text: "60" (held_track=-1)
17:00:12.260 [DEBUG] [shadow] widgets: id="" params=0 vizKinds=[]
17:00:12.532 [DEBUG] [shadow] ui_view: parampages slot=0 component=global_settings step_observe_want=true
17:00:12.535 [DEBUG] [shadow] widgets: id="" params=0 vizKinds=[]
17:00:12.732 [DEBUG] [shim] Screen reader: Queued "Head Size, 60, 8 of 12" (pending=1)
17:00:12.732 [DEBUG] [shim] Screen reader: "Head Size, 60, 8 of 12" (injected 147 bytes to FD 12, serial=828)
17:00:12.733 [DEBUG] [shim] D-Bus signal: com.ableton.move.ScreenReader.text path=/com/ableton/move/screenreader sender=:1.12 arg0="Head Size, 60, 8 of 12"
17:00:12.733 [DEBUG] [shim] D-Bus text: "Head Size, 60, 8 of 12" (held_track=-1)
17:00:12.785 [DEBUG] [shadow] widgets: id="" params=0 vizKinds=[]
17:00:12.786 [DEBUG] [shadow] param_pages fps: 57 draws / 57 ticks / 1000ms
17:00:12.974 [DEBUG] [spi_timing] Frame(us): total avg=2682 max=2786 | pre avg=113 max=305 | ioctl avg=2553 max=2680 | post avg=15 max=34 | overruns=22
17:00:12.974 [DEBUG] [spi_timing] Pre(us): midi_mon=1/6 fwd_midi=2/66 mix_audio=7/43 ui_req=1/10 param=7/103 fwd_cc=0/0 proc_midi=1/22 jack_stash=1/5 drain_dsp=0/1 jack_wake=0/9 mix_buf=45/82 tts=8/35 display=6/194
17:00:12.974 [DEBUG] [spi_timing] Post(us): clear_leds=2/20 jack_midi=0/1 ui_midi=0/3 flush_leds=7/32 screenreader=1/208 jack_pre=0/1 jack_disp=0/0 pin=0/3 midi_scan=8/26 drain_dsp2=0/5 render=4/15
17:00:12.974 [DEBUG] [spi_timing] Slot render max(us): s0=0 s1=0 s2=0 s3=0 probe_burst_max=0
17:00:12.974 [DEBUG] [spi_timing] Slot synth max(us): s0=0 s1=0 s2=0 s3=0 | Slot fx max(us): s0=0 s1=0 s2=0 s3=0
17:00:13.043 [DEBUG] [shadow_ui] param_giveup: claim=0 response=0 error=63 last_key=global_settings_module | claimwedge: rt=0 rr=0 blocked=0ms | slow>=90ms: n=0 worst=0ms key=- where=-
17:00:13.063 [DEBUG] [shadow] widgets: id="" params=0 vizKinds=[]
17:00:13.125 [DEBUG] [shadow] param_pages midi: 3 events (0 knob turns) / 1072ms
17:00:13.127 [DEBUG] [shim] Screen reader: Queued "Base Pitch, 65, 9 of 12" (pending=1)
17:00:13.127 [DEBUG] [shim] Screen reader: "Base Pitch, 65, 9 of 12" (injected 148 bytes to FD 12, serial=829)
17:00:13.127 [DEBUG] [shim] D-Bus signal: com.ableton.move.ScreenReader.text path=/com/ableton/move/screenreader sender=:1.12 arg0="Base Pitch, 65, 9 of 12"
17:00:13.127 [DEBUG] [shim] D-Bus text: "Base Pitch, 65, 9 of 12" (held_track=-1)
17:00:13.313 [DEBUG] [shadow] widgets: id="" params=0 vizKinds=[]
17:00:13.594 [DEBUG] [shadow] ui_view: parampages slot=0 component=global_settings step_observe_want=true
17:00:13.598 [DEBUG] [shadow] widgets: id="" params=0 vizKinds=[]
17:00:13.795 [DEBUG] [shadow] param_pages fps: 57 draws / 57 ticks / 1009ms
17:00:13.847 [DEBUG] [shadow] widgets: id="" params=0 vizKinds=[]
17:00:14.012 [DEBUG] [shadow_ui] param_giveup: claim=0 response=0 error=60 last_key=global_settings_module | claimwedge: rt=0 rr=0 blocked=0ms | slow>=90ms: n=0 worst=0ms key=- where=-
17:00:14.126 [DEBUG] [shadow] widgets: id="" params=0 vizKinds=[]
17:00:14.376 [DEBUG] [shadow] widgets: id="" params=0 vizKinds=[]
17:00:14.651 [DEBUG] [shadow] ui_view: parampages slot=0 component=global_settings step_observe_want=true
17:00:14.654 [DEBUG] [shadow] widgets: id="" params=0 vizKinds=[]
17:00:14.666 [DEBUG] [shadow] param_pages midi: 1 events (0 knob turns) / 1541ms
17:00:14.668 [DEBUG] [shim] Screen reader: Queued "Base Pitch, 65, 9 of 12" (pending=1)
17:00:14.668 [DEBUG] [shim] Screen reader: "Base Pitch, 65, 9 of 12" (injected 148 bytes to FD 12, serial=830)
17:00:14.669 [DEBUG] [shim] D-Bus signal: com.ableton.move.ScreenReader.text path=/com/ableton/move/screenreader sender=:1.12 arg0="Base Pitch, 65, 9 of 12"
17:00:14.669 [DEBUG] [shim] D-Bus text: "Base Pitch, 65, 9 of 12" (held_track=-1)
17:00:14.796 [DEBUG] [shadow] param_pages fps: 56 draws / 56 ticks / 1001ms
17:00:14.904 [DEBUG] [shadow] widgets: id="" params=0 vizKinds=[]
17:00:14.935 [DEBUG] [shim] Screen reader: Queued "59" (pending=1)
17:00:14.935 [DEBUG] [shim] Screen reader: "59" (injected 127 bytes to FD 12, serial=831)
17:00:14.936 [DEBUG] [shim] D-Bus signal: com.ableton.move.ScreenReader.text path=/com/ableton/move/screenreader sender=:1.12 arg0="59"
17:00:14.936 [DEBUG] [shim] D-Bus text: "59" (held_track=-1)
17:00:15.020 [DEBUG] [shadow_ui] param_giveup: claim=0 response=0 error=61 last_key=global_settings_module | claimwedge: rt=0 rr=0 blocked=0ms | slow>=90ms: n=0 worst=0ms key=- where=-
17:00:15.183 [DEBUG] [shadow] widgets: id="" params=0 vizKinds=[]
17:00:15.432 [DEBUG] [shadow] widgets: id="" params=0 vizKinds=[]
17:00:15.707 [DEBUG] [shadow] ui_view: parampages slot=0 component=global_settings step_observe_want=true
17:00:15.711 [DEBUG] [shadow] widgets: id="" params=0 vizKinds=[]
17:00:15.810 [DEBUG] [shadow] param_pages fps: 58 draws / 58 ticks / 1014ms
17:00:15.961 [DEBUG] [shadow] widgets: id="" params=0 vizKinds=[]
17:00:16.010 [DEBUG] [shadow_ui] param_giveup: claim=0 response=0 error=60 last_key=global_settings_module | claimwedge: rt=0 rr=0 blocked=0ms | slow>=90ms: n=0 worst=0ms key=- where=-
17:00:16.023 [DEBUG] [shadow] param_pages midi: 6 events (0 knob turns) / 1357ms
17:00:16.024 [DEBUG] [shim] Screen reader: Queued "57" (pending=1)
17:00:16.024 [DEBUG] [shim] Screen reader: "57" (injected 127 bytes to FD 12, serial=832)
17:00:16.024 [DEBUG] [shim] D-Bus signal: com.ableton.move.ScreenReader.text path=/com/ableton/move/screenreader sender=:1.12 arg0="57"
17:00:16.024 [DEBUG] [shim] D-Bus text: "57" (held_track=-1)
17:00:16.239 [DEBUG] [shadow] widgets: id="" params=0 vizKinds=[]
17:00:16.488 [DEBUG] [shadow] widgets: id="" params=0 vizKinds=[]
17:00:16.520 [DEBUG] [shim] Screen reader: Queued "57" (pending=1)
17:00:16.520 [DEBUG] [shim] Screen reader: "57" (injected 127 bytes to FD 12, serial=833)
17:00:16.520 [DEBUG] [shim] D-Bus signal: com.ableton.move.ScreenReader.text path=/com/ableton/move/screenreader sender=:1.12 arg0="57"
17:00:16.520 [DEBUG] [shim] D-Bus text: "57" (held_track=-1)
17:00:16.668 [DEBUG] [shim] Screen reader: Queued "58" (pending=1)
17:00:16.668 [DEBUG] [shim] Screen reader: "58" (injected 127 bytes to FD 12, serial=834)
17:00:16.669 [DEBUG] [shim] D-Bus signal: com.ableton.move.ScreenReader.text path=/com/ableton/move/screenreader sender=:1.12 arg0="58"
17:00:16.669 [DEBUG] [shim] D-Bus text: "58" (held_track=-1)
17:00:16.764 [DEBUG] [shadow] ui_view: parampages slot=0 component=global_settings step_observe_want=true
17:00:16.767 [DEBUG] [shadow] widgets: id="" params=0 vizKinds=[]
17:00:16.814 [DEBUG] [shadow] param_pages fps: 57 draws / 57 ticks / 1004ms
17:00:17.013 [DEBUG] [shim] Screen reader: Queued "60" (pending=1)
17:00:17.014 [DEBUG] [shadow_ui] param_giveup: claim=0 response=0 error=61 last_key=global_settings_module | claimwedge: rt=0 rr=0 blocked=0ms | slow>=90ms: n=0 worst=0ms key=- where=-
17:00:17.014 [DEBUG] [shim] Screen reader: "60" (injected 127 bytes to FD 12, serial=835)
17:00:17.014 [DEBUG] [shim] D-Bus signal: com.ableton.move.ScreenReader.text path=/com/ableton/move/screenreader sender=:1.12 arg0="60"
17:00:17.014 [DEBUG] [shim] D-Bus text: "60" (held_track=-1)
17:00:17.019 [DEBUG] [shadow] widgets: id="" params=0 vizKinds=[]
17:00:17.295 [DEBUG] [shadow] widgets: id="" params=0 vizKinds=[]
17:00:17.324 [DEBUG] [shadow] param_pages midi: 6 events (0 knob turns) / 1301ms
17:00:17.327 [DEBUG] [shim] Screen reader: Queued "61" (pending=1)
17:00:17.327 [DEBUG] [shim] Screen reader: "61" (injected 127 bytes to FD 12, serial=836)
17:00:17.327 [DEBUG] [shim] D-Bus signal: com.ableton.move.ScreenReader.text path=/com/ableton/move/screenreader sender=:1.12 arg0="61"
17:00:17.327 [DEBUG] [shim] D-Bus text: "61" (held_track=-1)
17:00:17.545 [DEBUG] [shadow] widgets: id="" params=0 vizKinds=[]
17:00:17.821 [DEBUG] [shadow] ui_view: parampages slot=0 component=global_settings step_observe_want=true
17:00:17.823 [DEBUG] [shadow] widgets: id="" params=0 vizKinds=[]
17:00:17.824 [DEBUG] [shadow] param_pages fps: 57 draws / 57 ticks / 1010ms
17:00:17.974 [DEBUG] [spi_timing] Frame(us): total avg=2686 max=2793 | pre avg=107 max=315 | ioctl avg=2563 max=2699 | post avg=15 max=35 | overruns=22
17:00:17.974 [DEBUG] [spi_timing] Pre(us): midi_mon=1/12 fwd_midi=2/60 mix_audio=7/38 ui_req=1/3 param=6/39 fwd_cc=0/1 proc_midi=1/22 jack_stash=1/19 drain_dsp=0/1 jack_wake=0/2 mix_buf=45/72 tts=4/19 display=6/200
17:00:17.974 [DEBUG] [spi_timing] Post(us): clear_leds=2/12 jack_midi=0/17 ui_midi=0/2 flush_leds=6/28 screenreader=0/198 jack_pre=0/0 jack_disp=0/0 pin=0/1 midi_scan=8/17 drain_dsp2=0/19 render=4/20
17:00:17.974 [DEBUG] [spi_timing] Slot render max(us): s0=0 s1=0 s2=0 s3=0 probe_burst_max=0
17:00:17.974 [DEBUG] [spi_timing] Slot synth max(us): s0=0 s1=0 s2=0 s3=0 | Slot fx max(us): s0=0 s1=0 s2=0 s3=0
17:00:18.021 [DEBUG] [shadow_ui] param_giveup: claim=0 response=0 error=61 last_key=global_settings_module | claimwedge: rt=0 rr=0 blocked=0ms | slow>=90ms: n=0 worst=0ms key=- where=-
17:00:18.074 [DEBUG] [shadow] widgets: id="" params=0 vizKinds=[]
17:00:18.206 [DEBUG] [shim] Screen reader: Queued "60" (pending=1)
17:00:18.207 [DEBUG] [shim] Screen reader: "60" (injected 127 bytes to FD 12, serial=837)
17:00:18.207 [DEBUG] [shim] D-Bus signal: com.ableton.move.ScreenReader.text path=/com/ableton/move/screenreader sender=:1.12 arg0="60"
17:00:18.207 [DEBUG] [shim] D-Bus text: "60" (held_track=-1)
17:00:18.352 [DEBUG] [shadow] widgets: id="" params=0 vizKinds=[]
17:00:18.602 [DEBUG] [shadow] widgets: id="" params=0 vizKinds=[]
17:00:18.714 [DEBUG] [shadow] param_pages midi: 2 events (0 knob turns) / 1390ms
17:00:18.717 [DEBUG] [shim] Screen reader: Queued "Base Pitch, 60, 9 of 12" (pending=1)
17:00:18.717 [DEBUG] [shim] Screen reader: "Base Pitch, 60, 9 of 12" (injected 148 bytes to FD 12, serial=838)
17:00:18.718 [DEBUG] [shim] D-Bus signal: com.ableton.move.ScreenReader.text path=/com/ableton/move/screenreader sender=:1.12 arg0="Base Pitch, 60, 9 of 12"
17:00:18.718 [DEBUG] [shim] D-Bus text: "Base Pitch, 60, 9 of 12" (held_track=-1)
17:00:18.866 [DEBUG] [shadow] param_pages fps: 58 draws / 58 ticks / 1042ms
17:00:18.886 [DEBUG] [shadow] ui_view: parampages slot=0 component=global_settings step_observe_want=true
17:00:18.889 [DEBUG] [shadow] widgets: id="" params=0 vizKinds=[]
17:00:18.987 [DEBUG] [shim] Screen reader: Queued "Inflection, 30, 10 of 12" (pending=1)
17:00:18.987 [DEBUG] [shim] Screen reader: "Inflection, 30, 10 of 12" (injected 149 bytes to FD 12, serial=839)
17:00:18.988 [DEBUG] [shim] D-Bus signal: com.ableton.move.ScreenReader.text path=/com/ableton/move/screenreader sender=:1.12 arg0="Inflection, 30, 10 of 12"
17:00:18.988 [DEBUG] [shim] D-Bus text: "Inflection, 30, 10 of 12" (held_track=-1)
17:00:19.020 [DEBUG] [shadow_ui] param_giveup: claim=0 response=0 error=60 last_key=global_settings_module | claimwedge: rt=0 rr=0 blocked=0ms | slow>=90ms: n=0 worst=0ms key=- where=-
17:00:19.138 [DEBUG] [shadow] widgets: id="" params=0 vizKinds=[]
17:00:19.418 [DEBUG] [shadow] widgets: id="" params=0 vizKinds=[]
17:00:19.667 [DEBUG] [shadow] widgets: id="" params=0 vizKinds=[]
17:00:19.922 [DEBUG] [shadow] param_pages fps: 60 draws / 60 ticks / 1056ms
17:00:19.943 [DEBUG] [shadow] ui_view: parampages slot=0 component=global_settings step_observe_want=true
17:00:19.946 [DEBUG] [shadow] widgets: id="" params=0 vizKinds=[]
17:00:20.010 [DEBUG] [shadow_ui] param_giveup: claim=0 response=0 error=60 last_key=global_settings_module | claimwedge: rt=0 rr=0 blocked=0ms | slow>=90ms: n=0 worst=0ms key=- where=-
17:00:20.196 [DEBUG] [shadow] widgets: id="" params=0 vizKinds=[]
17:00:20.475 [DEBUG] [shadow] widgets: id="" params=0 vizKinds=[]
17:00:20.724 [DEBUG] [shadow] widgets: id="" params=0 vizKinds=[]
17:00:20.736 [DEBUG] [shadow] param_pages midi: 3 events (0 knob turns) / 2021ms
17:00:20.738 [DEBUG] [shim] Screen reader: Queued "Roughness, 0, 11 of 12" (pending=1)
17:00:20.738 [DEBUG] [shim] Screen reader: "Roughness, 0, 11 of 12" (injected 147 bytes to FD 12, serial=840)
17:00:20.738 [DEBUG] [shim] D-Bus signal: com.ableton.move.ScreenReader.text path=/com/ableton/move/screenreader sender=:1.12 arg0="Roughness, 0, 11 of 12"
17:00:20.738 [DEBUG] [shim] D-Bus text: "Roughness, 0, 11 of 12" (held_track=-1)
17:00:20.854 [DEBUG] [shim] Screen reader: Queued "Breathiness, 0, 12 of 12" (pending=1)
17:00:20.854 [DEBUG] [shim] Screen reader: "Breathiness, 0, 12 of 12" (injected 149 bytes to FD 12, serial=841)
17:00:20.854 [DEBUG] [shim] D-Bus signal: com.ableton.move.ScreenReader.text path=/com/ableton/move/screenreader sender=:1.12 arg0="Breathiness, 0, 12 of 12"
17:00:20.854 [DEBUG] [shim] D-Bus text: "Breathiness, 0, 12 of 12" (held_track=-1)
17:00:20.922 [DEBUG] [shadow] param_pages fps: 59 draws / 59 ticks / 1000ms
17:00:21.000 [DEBUG] [shadow] ui_view: parampages slot=0 component=global_settings step_observe_want=true
17:00:21.003 [DEBUG] [shadow] widgets: id="" params=0 vizKinds=[]
17:00:21.016 [DEBUG] [shadow_ui] param_giveup: claim=0 response=0 error=61 last_key=global_settings_module | claimwedge: rt=0 rr=0 blocked=0ms | slow>=90ms: n=0 worst=0ms key=- where=-
17:00:21.252 [DEBUG] [shadow] widgets: id="" params=0 vizKinds=[]
17:00:21.298 [DEBUG] [shim] Screen reader: Queued "Roughness, 0, 11 of 12" (pending=1)
17:00:21.298 [DEBUG] [shim] Screen reader: "Roughness, 0, 11 of 12" (injected 147 bytes to FD 12, serial=842)
17:00:21.298 [DEBUG] [shim] D-Bus signal: com.ableton.move.ScreenReader.text path=/com/ableton/move/screenreader sender=:1.12 arg0="Roughness, 0, 11 of 12"
17:00:21.298 [DEBUG] [shim] D-Bus text: "Roughness, 0, 11 of 12" (held_track=-1)
17:00:21.531 [DEBUG] [shadow] widgets: id="" params=0 vizKinds=[]
17:00:21.780 [DEBUG] [shadow] widgets: id="" params=0 vizKinds=[]
17:00:21.928 [DEBUG] [shadow] param_pages fps: 57 draws / 57 ticks / 1006ms
17:00:22.038 [DEBUG] [shadow_ui] param_giveup: claim=0 response=0 error=62 last_key=global_settings_module | claimwedge: rt=0 rr=0 blocked=0ms | slow>=90ms: n=0 worst=0ms key=- where=-
17:00:22.056 [DEBUG] [shadow] ui_view: parampages slot=0 component=global_settings step_observe_want=true
17:00:22.059 [DEBUG] [shadow] widgets: id="" params=0 vizKinds=[]
17:00:22.237 [DEBUG] [shadow] param_pages midi: 3 events (0 knob turns) / 1502ms
17:00:22.238 [DEBUG] [shim] Screen reader: Queued "Breathiness, 0, 12 of 12" (pending=1)
17:00:22.238 [DEBUG] [shim] Screen reader: "Breathiness, 0, 12 of 12" (injected 149 bytes to FD 12, serial=843)
17:00:22.239 [DEBUG] [shim] D-Bus signal: com.ableton.move.ScreenReader.text path=/com/ableton/move/screenreader sender=:1.12 arg0="Breathiness, 0, 12 of 12"
17:00:22.239 [DEBUG] [shim] D-Bus text: "Breathiness, 0, 12 of 12" (held_track=-1)
17:00:22.311 [DEBUG] [shadow] widgets: id="" params=0 vizKinds=[]
17:00:22.587 [DEBUG] [shadow] widgets: id="" params=0 vizKinds=[]
17:00:22.633 [DEBUG] [shim] Screen reader: Queued "Roughness, 0, 11 of 12" (pending=1)
17:00:22.633 [DEBUG] [shim] Screen reader: "Roughness, 0, 11 of 12" (injected 147 bytes to FD 12, serial=844)
17:00:22.634 [DEBUG] [shim] D-Bus signal: com.ableton.move.ScreenReader.text path=/com/ableton/move/screenreader sender=:1.12 arg0="Roughness, 0, 11 of 12"
17:00:22.634 [DEBUG] [shim] D-Bus text: "Roughness, 0, 11 of 12" (held_track=-1)
17:00:22.837 [DEBUG] [shadow] widgets: id="" params=0 vizKinds=[]
17:00:22.936 [DEBUG] [shadow] param_pages fps: 57 draws / 57 ticks / 1008ms
17:00:22.975 [DEBUG] [spi_timing] Frame(us): total avg=2684 max=2811 | pre avg=108 max=298 | ioctl avg=2559 max=2689 | post avg=15 max=37 | overruns=22
17:00:22.975 [DEBUG] [spi_timing] Pre(us): midi_mon=1/21 fwd_midi=2/65 mix_audio=7/38 ui_req=1/20 param=6/26 fwd_cc=0/0 proc_midi=1/8 jack_stash=1/7 drain_dsp=0/19 jack_wake=0/19 mix_buf=45/71 tts=6/34 display=6/195
17:00:22.975 [DEBUG] [spi_timing] Post(us): clear_leds=2/6 jack_midi=0/4 ui_midi=0/2 flush_leds=6/11 screenreader=0/181 jack_pre=0/2 jack_disp=0/3 pin=0/25 midi_scan=8/16 drain_dsp2=0/19 render=4/26
17:00:22.975 [DEBUG] [spi_timing] Slot render max(us): s0=0 s1=0 s2=0 s3=0 probe_burst_max=0
17:00:22.975 [DEBUG] [spi_timing] Slot synth max(us): s0=0 s1=0 s2=0 s3=0 | Slot fx max(us): s0=0 s1=0 s2=0 s3=0
17:00:23.019 [DEBUG] [shadow_ui] param_giveup: claim=0 response=0 error=61 last_key=global_settings_module | claimwedge: rt=0 rr=0 blocked=0ms | slow>=90ms: n=0 worst=0ms key=- where=-
17:00:23.113 [DEBUG] [shadow] ui_view: parampages slot=0 component=global_settings step_observe_want=true
17:00:23.115 [DEBUG] [shadow] widgets: id="" params=0 vizKinds=[]
17:00:23.365 [DEBUG] [shadow] widgets: id="" params=0 vizKinds=[]
17:00:23.644 [DEBUG] [shadow] widgets: id="" params=0 vizKinds=[]
17:00:23.893 [DEBUG] [shadow] widgets: id="" params=0 vizKinds=[]
17:00:23.951 [DEBUG] [shadow] param_pages fps: 57 draws / 57 ticks / 1015ms
17:00:24.006 [DEBUG] [shadow_ui] param_giveup: claim=0 response=0 error=60 last_key=global_settings_module | claimwedge: rt=0 rr=0 blocked=0ms | slow>=90ms: n=0 worst=0ms key=- where=-
17:00:24.022 [DEBUG] [shadow] param_pages midi: 2 events (0 knob turns) / 1785ms
17:00:24.023 [DEBUG] [shim] Screen reader: Queued "Breathiness, 0, 12 of 12" (pending=1)
17:00:24.023 [DEBUG] [shim] Screen reader: "Breathiness, 0, 12 of 12" (injected 149 bytes to FD 12, serial=845)
17:00:24.024 [DEBUG] [shim] D-Bus signal: com.ableton.move.ScreenReader.text path=/com/ableton/move/screenreader sender=:1.12 arg0="Breathiness, 0, 12 of 12"
17:00:24.024 [DEBUG] [shim] D-Bus text: "Breathiness, 0, 12 of 12" (held_track=-1)
17:00:24.181 [DEBUG] [shadow] ui_view: parampages slot=0 component=global_settings step_observe_want=true
17:00:24.184 [DEBUG] [shadow] widgets: id="" params=0 vizKinds=[]
17:00:24.433 [DEBUG] [shadow] widgets: id="" params=0 vizKinds=[]
17:00:24.546 [DEBUG] [shim] Screen reader: Queued "Breathiness, 0, 12 of 12" (pending=1)
17:00:24.546 [DEBUG] [shim] Screen reader: "Breathiness, 0, 12 of 12" (injected 149 bytes to FD 12, serial=846)
17:00:24.546 [DEBUG] [shim] D-Bus signal: com.ableton.move.ScreenReader.text path=/com/ableton/move/screenreader sender=:1.12 arg0="Breathiness, 0, 12 of 12"
17:00:24.546 [DEBUG] [shim] D-Bus text: "Breathiness, 0, 12 of 12" (held_track=-1)
17:00:24.709 [DEBUG] [shadow] widgets: id="" params=0 vizKinds=[]
17:00:24.874 [DEBUG] [shim] Screen reader: Queued "45" (pending=1)
17:00:24.874 [DEBUG] [shim] Screen reader: "45" (injected 127 bytes to FD 12, serial=847)
17:00:24.874 [DEBUG] [shim] D-Bus signal: com.ableton.move.ScreenReader.text path=/com/ableton/move/screenreader sender=:1.12 arg0="45"
17:00:24.874 [DEBUG] [shim] D-Bus text: "45" (held_track=-1)
17:00:24.962 [DEBUG] [shadow] widgets: id="" params=0 vizKinds=[]
17:00:24.963 [DEBUG] [shadow] param_pages fps: 57 draws / 57 ticks / 1012ms
17:00:25.007 [DEBUG] [shadow_ui] param_giveup: claim=0 response=0 error=60 last_key=global_settings_module | claimwedge: rt=0 rr=0 blocked=0ms | slow>=90ms: n=0 worst=0ms key=- where=-
17:00:25.238 [DEBUG] [shadow] ui_view: parampages slot=0 component=global_settings step_observe_want=true
17:00:25.240 [DEBUG] [shadow] widgets: id="" params=0 vizKinds=[]
17:00:25.468 [DEBUG] [shadow] param_pages midi: 9 events (0 knob turns) / 1446ms
17:00:25.472 [DEBUG] [shim] Screen reader: Queued "51" (pending=1)
17:00:25.472 [DEBUG] [shim] Screen reader: "51" (injected 127 bytes to FD 12, serial=848)
17:00:25.472 [DEBUG] [shim] D-Bus signal: com.ableton.move.ScreenReader.text path=/com/ableton/move/screenreader sender=:1.12 arg0="51"
17:00:25.472 [DEBUG] [shim] D-Bus text: "51" (held_track=-1)
17:00:25.489 [DEBUG] [shadow] widgets: id="" params=0 vizKinds=[]
17:00:25.602 [DEBUG] [shim] Screen reader: Queued "56" (pending=1)
17:00:25.603 [DEBUG] [shim] Screen reader: "56" (injected 127 bytes to FD 12, serial=849)
17:00:25.603 [DEBUG] [shim] D-Bus signal: com.ableton.move.ScreenReader.text path=/com/ableton/move/screenreader sender=:1.12 arg0="56"
17:00:25.603 [DEBUG] [shim] D-Bus text: "56" (held_track=-1)
17:00:25.769 [DEBUG] [shadow] widgets: id="" params=0 vizKinds=[]
17:00:25.966 [DEBUG] [shadow] param_pages fps: 57 draws / 57 ticks / 1003ms
17:00:26.015 [DEBUG] [shadow_ui] param_giveup: claim=0 response=0 error=61 last_key=global_settings_module | claimwedge: rt=0 rr=0 blocked=0ms | slow>=90ms: n=0 worst=0ms key=- where=-
17:00:26.019 [DEBUG] [shadow] widgets: id="" params=0 vizKinds=[]
17:00:26.293 [DEBUG] [shadow] ui_view: parampages slot=0 component=global_settings step_observe_want=true
17:00:26.296 [DEBUG] [shadow] widgets: id="" params=0 vizKinds=[]
17:00:26.509 [DEBUG] [shadow] param_pages midi: 6 events (0 knob turns) / 1040ms
17:00:26.511 [DEBUG] [shim] Screen reader: Queued "55" (pending=1)
17:00:26.511 [DEBUG] [shim] Screen reader: "55" (injected 127 bytes to FD 12, serial=850)
17:00:26.511 [DEBUG] [shim] D-Bus signal: com.ableton.move.ScreenReader.text path=/com/ableton/move/screenreader sender=:1.12 arg0="55"
17:00:26.511 [DEBUG] [shim] D-Bus text: "55" (held_track=-1)
17:00:26.547 [DEBUG] [shadow] widgets: id="" params=0 vizKinds=[]
17:00:26.828 [DEBUG] [shadow] widgets: id="" params=0 vizKinds=[]
17:00:26.877 [DEBUG] [shim] Screen reader: Queued "50" (pending=1)
17:00:26.877 [DEBUG] [shim] Screen reader: "50" (injected 127 bytes to FD 12, serial=851)
17:00:26.877 [DEBUG] [shim] D-Bus signal: com.ableton.move.ScreenReader.text path=/com/ableton/move/screenreader sender=:1.12 arg0="50"
17:00:26.877 [DEBUG] [shim] D-Bus text: "50" (held_track=-1)
17:00:26.970 [DEBUG] [shadow] param_pages fps: 56 draws / 56 ticks / 1004ms
17:00:27.007 [DEBUG] [shadow_ui] param_giveup: claim=0 response=0 error=60 last_key=global_settings_module | claimwedge: rt=0 rr=0 blocked=0ms | slow>=90ms: n=0 worst=0ms key=- where=-
17:00:27.077 [DEBUG] [shadow] widgets: id="" params=0 vizKinds=[]
17:00:27.176 [DEBUG] [shim] Screen reader: Queued "46" (pending=1)
17:00:27.176 [DEBUG] [shim] Screen reader: "46" (injected 127 bytes to FD 12, serial=852)
17:00:27.176 [DEBUG] [shim] D-Bus signal: com.ableton.move.ScreenReader.text path=/com/ableton/move/screenreader sender=:1.12 arg0="46"
17:00:27.176 [DEBUG] [shim] D-Bus text: "46" (held_track=-1)
17:00:27.353 [DEBUG] [shadow] ui_view: parampages slot=0 component=global_settings step_observe_want=true
17:00:27.356 [DEBUG] [shadow] widgets: id="" params=0 vizKinds=[]
17:00:27.504 [DEBUG] [shim] Screen reader: Queued "41" (pending=1)
17:00:27.504 [DEBUG] [shim] Screen reader: "41" (injected 127 bytes to FD 12, serial=853)
17:00:27.504 [DEBUG] [shim] D-Bus signal: com.ableton.move.ScreenReader.text path=/com/ableton/move/screenreader sender=:1.12 arg0="41"
17:00:27.504 [DEBUG] [shim] D-Bus text: "41" (held_track=-1)
17:00:27.518 [DEBUG] [shadow] param_pages midi: 15 events (0 knob turns) / 1010ms
17:00:27.608 [DEBUG] [shadow] widgets: id="" params=0 vizKinds=[]
17:00:27.820 [DEBUG] [shim] Screen reader: Queued "37" (pending=1)
17:00:27.820 [DEBUG] [shim] Screen reader: "37" (injected 127 bytes to FD 12, serial=854)
17:00:27.821 [DEBUG] [shim] D-Bus signal: com.ableton.move.ScreenReader.text path=/com/ableton/move/screenreader sender=:1.12 arg0="37"
17:00:27.821 [DEBUG] [shim] D-Bus text: "37" (held_track=-1)
17:00:27.888 [DEBUG] [shadow] widgets: id="" params=0 vizKinds=[]
17:00:27.975 [DEBUG] [spi_timing] Frame(us): total avg=2686 max=2787 | pre avg=110 max=293 | ioctl avg=2559 max=2698 | post avg=15 max=35 | overruns=22
17:00:27.975 [DEBUG] [spi_timing] Pre(us): midi_mon=1/24 fwd_midi=2/63 mix_audio=7/36 ui_req=1/14 param=7/74 fwd_cc=0/0 proc_midi=1/12 jack_stash=1/19 drain_dsp=0/21 jack_wake=0/4 mix_buf=45/73 tts=7/28 display=6/188
17:00:27.975 [DEBUG] [spi_timing] Post(us): clear_leds=2/10 jack_midi=0/19 ui_midi=0/9 flush_leds=6/26 screenreader=0/200 jack_pre=0/1 jack_disp=0/19 pin=0/2 midi_scan=8/25 drain_dsp2=0/1 render=4/11
17:00:27.975 [DEBUG] [spi_timing] Slot render max(us): s0=0 s1=0 s2=0 s3=0 probe_burst_max=0
17:00:27.975 [DEBUG] [spi_timing] Slot synth max(us): s0=0 s1=0 s2=0 s3=0 | Slot fx max(us): s0=0 s1=0 s2=0 s3=0
17:00:27.987 [DEBUG] [shadow] param_pages fps: 58 draws / 58 ticks / 1017ms
17:00:28.017 [DEBUG] [shadow_ui] param_giveup: claim=0 response=0 error=61 last_key=global_settings_module | claimwedge: rt=0 rr=0 blocked=0ms | slow>=90ms: n=0 worst=0ms key=- where=-
17:00:28.138 [DEBUG] [shadow] widgets: id="" params=0 vizKinds=[]
17:00:28.151 [DEBUG] [shim] Screen reader: Queued "33" (pending=1)
17:00:28.151 [DEBUG] [shim] Screen reader: "33" (injected 127 bytes to FD 12, serial=855)
17:00:28.151 [DEBUG] [shim] D-Bus signal: com.ableton.move.ScreenReader.text path=/com/ableton/move/screenreader sender=:1.12 arg0="33"
17:00:28.151 [DEBUG] [shim] D-Bus text: "33" (held_track=-1)
17:00:28.412 [DEBUG] [shadow] ui_view: parampages slot=0 component=global_settings step_observe_want=true
17:00:28.415 [DEBUG] [shadow] widgets: id="" params=0 vizKinds=[]
17:00:28.496 [DEBUG] [shim] Screen reader: Queued "29" (pending=1)
17:00:28.497 [DEBUG] [shim] Screen reader: "29" (injected 127 bytes to FD 12, serial=856)
17:00:28.497 [DEBUG] [shim] D-Bus signal: com.ableton.move.ScreenReader.text path=/com/ableton/move/screenreader sender=:1.12 arg0="29"
17:00:28.497 [DEBUG] [shim] D-Bus text: "29" (held_track=-1)
17:00:28.544 [DEBUG] [shadow] param_pages midi: 14 events (0 knob turns) / 1026ms
17:00:28.665 [DEBUG] [shadow] widgets: id="" params=0 vizKinds=[]
17:00:28.795 [DEBUG] [shim] Screen reader: Queued "25" (pending=1)
17:00:28.796 [DEBUG] [shim] Screen reader: "25" (injected 127 bytes to FD 12, serial=857)
17:00:28.796 [DEBUG] [shim] D-Bus signal: com.ableton.move.ScreenReader.text path=/com/ableton/move/screenreader sender=:1.12 arg0="25"
17:00:28.796 [DEBUG] [shim] D-Bus text: "25" (held_track=-1)
17:00:28.944 [DEBUG] [shadow] widgets: id="" params=0 vizKinds=[]
17:00:28.990 [DEBUG] [shadow] param_pages fps: 57 draws / 57 ticks / 1003ms
17:00:29.008 [DEBUG] [shadow_ui] param_giveup: claim=0 response=0 error=60 last_key=global_settings_module | claimwedge: rt=0 rr=0 blocked=0ms | slow>=90ms: n=0 worst=0ms key=- where=-
17:00:29.123 [DEBUG] [shim] Screen reader: Queued "21" (pending=1)
17:00:29.124 [DEBUG] [shim] Screen reader: "21" (injected 127 bytes to FD 12, serial=858)
17:00:29.124 [DEBUG] [shim] D-Bus signal: com.ableton.move.ScreenReader.text path=/com/ableton/move/screenreader sender=:1.12 arg0="21"
17:00:29.124 [DEBUG] [shim] D-Bus text: "21" (held_track=-1)
17:00:29.194 [DEBUG] [shadow] widgets: id="" params=0 vizKinds=[]
17:00:29.457 [DEBUG] [shim] Screen reader: Queued "17" (pending=1)
17:00:29.457 [DEBUG] [shim] Screen reader: "17" (injected 127 bytes to FD 12, serial=859)
17:00:29.458 [DEBUG] [shim] D-Bus signal: com.ableton.move.ScreenReader.text path=/com/ableton/move/screenreader sender=:1.12 arg0="17"
17:00:29.458 [DEBUG] [shim] D-Bus text: "17" (held_track=-1)
17:00:29.475 [DEBUG] [shadow] ui_view: parampages slot=0 component=global_settings step_observe_want=true
17:00:29.478 [DEBUG] [shadow] widgets: id="" params=0 vizKinds=[]
17:00:29.728 [DEBUG] [shadow] widgets: id="" params=0 vizKinds=[]
17:00:29.823 [DEBUG] [shadow] param_pages midi: 13 events (0 knob turns) / 1279ms
17:00:29.826 [DEBUG] [shim] Screen reader: Queued "13" (pending=1)
17:00:29.826 [DEBUG] [shim] Screen reader: "13" (injected 127 bytes to FD 12, serial=860)
17:00:29.826 [DEBUG] [shim] D-Bus signal: com.ableton.move.ScreenReader.text path=/com/ableton/move/screenreader sender=:1.12 arg0="13"
17:00:29.826 [DEBUG] [shim] D-Bus text: "13" (held_track=-1)
17:00:30.003 [DEBUG] [shadow_ui] param_giveup: claim=0 response=0 error=59 last_key=global_settings_module | claimwedge: rt=0 rr=0 blocked=0ms | slow>=90ms: n=0 worst=0ms key=- where=-
17:00:30.006 [DEBUG] [shadow] widgets: id="" params=0 vizKinds=[]
17:00:30.006 [DEBUG] [shadow] param_pages fps: 57 draws / 57 ticks / 1016ms
17:00:30.203 [DEBUG] [shim] Screen reader: Queued "9" (pending=1)
17:00:30.203 [DEBUG] [shim] Screen reader: "9" (injected 126 bytes to FD 12, serial=861)
17:00:30.204 [DEBUG] [shim] D-Bus signal: com.ableton.move.ScreenReader.text path=/com/ableton/move/screenreader sender=:1.12 arg0="9"
17:00:30.204 [DEBUG] [shim] D-Bus text: "9" (held_track=-1)
17:00:30.256 [DEBUG] [shadow] widgets: id="" params=0 vizKinds=[]
17:00:30.514 [DEBUG] [shim] Screen reader: Queued "7" (pending=1)
17:00:30.514 [DEBUG] [shim] Screen reader: "7" (injected 126 bytes to FD 12, serial=862)
17:00:30.514 [DEBUG] [shim] D-Bus signal: com.ableton.move.ScreenReader.text path=/com/ableton/move/screenreader sender=:1.12 arg0="7"
17:00:30.514 [DEBUG] [shim] D-Bus text: "7" (held_track=-1)
17:00:30.531 [DEBUG] [shadow] ui_view: parampages slot=0 component=global_settings step_observe_want=true
17:00:30.534 [DEBUG] [shadow] widgets: id="" params=0 vizKinds=[]
17:00:30.784 [DEBUG] [shadow] widgets: id="" params=0 vizKinds=[]
17:00:30.864 [DEBUG] [shadow] param_pages midi: 13 events (0 knob turns) / 1041ms
17:00:30.865 [DEBUG] [shim] Screen reader: Queued "12" (pending=1)
17:00:30.865 [DEBUG] [shim] Screen reader: "12" (injected 127 bytes to FD 12, serial=863)
17:00:30.866 [DEBUG] [shim] D-Bus signal: com.ableton.move.ScreenReader.text path=/com/ableton/move/screenreader sender=:1.12 arg0="12"
17:00:30.866 [DEBUG] [shim] D-Bus text: "12" (held_track=-1)
17:00:31.039 [DEBUG] [shadow] param_pages fps: 58 draws / 58 ticks / 1033ms
17:00:31.042 [DEBUG] [shadow_ui] param_giveup: claim=0 response=0 error=64 last_key=global_settings_module | claimwedge: rt=0 rr=0 blocked=0ms | slow>=90ms: n=0 worst=0ms key=- where=-
17:00:31.063 [DEBUG] [shadow] widgets: id="" params=0 vizKinds=[]
17:00:31.309 [DEBUG] [shim] Screen reader: Queued "17" (pending=1)
17:00:31.309 [DEBUG] [shim] Screen reader: "17" (injected 127 bytes to FD 12, serial=864)
17:00:31.310 [DEBUG] [shim] D-Bus signal: com.ableton.move.ScreenReader.text path=/com/ableton/move/screenreader sender=:1.12 arg0="17"
17:00:31.310 [DEBUG] [shim] D-Bus text: "17" (held_track=-1)
17:00:31.312 [DEBUG] [shadow] widgets: id="" params=0 vizKinds=[]
17:00:31.588 [DEBUG] [shadow] ui_view: parampages slot=0 component=global_settings step_observe_want=true
17:00:31.591 [DEBUG] [shadow] widgets: id="" params=0 vizKinds=[]
17:00:31.841 [DEBUG] [shadow] widgets: id="" params=0 vizKinds=[]
17:00:32.006 [DEBUG] [shadow_ui] param_giveup: claim=0 response=0 error=60 last_key=global_settings_module | claimwedge: rt=0 rr=0 blocked=0ms | slow>=90ms: n=0 worst=0ms key=- where=-
17:00:32.096 [DEBUG] [shadow] param_pages fps: 60 draws / 60 ticks / 1057ms
17:00:32.122 [DEBUG] [shadow] widgets: id="" params=0 vizKinds=[]
17:00:32.249 [DEBUG] [shadow] param_pages midi: 10 events (0 knob turns) / 1385ms
17:00:32.252 [DEBUG] [shim] Screen reader: Queued "20" (pending=1)
17:00:32.253 [DEBUG] [shim] Screen reader: "20" (injected 127 bytes to FD 12, serial=865)
17:00:32.253 [DEBUG] [shim] D-Bus signal: com.ableton.move.ScreenReader.text path=/com/ableton/move/screenreader sender=:1.12 arg0="20"
17:00:32.253 [DEBUG] [shim] D-Bus text: "20" (held_track=-1)
17:00:32.372 [DEBUG] [shadow] widgets: id="" params=0 vizKinds=[]
17:00:32.645 [DEBUG] [shadow] ui_view: parampages slot=0 component=global_settings step_observe_want=true
17:00:32.648 [DEBUG] [shadow] widgets: id="" params=0 vizKinds=[]
17:00:32.898 [DEBUG] [shadow] widgets: id="" params=0 vizKinds=[]
17:00:32.975 [DEBUG] [spi_timing] Frame(us): total avg=2684 max=2793 | pre avg=111 max=304 | ioctl avg=2556 max=2694 | post avg=15 max=42 | overruns=22
17:00:32.975 [DEBUG] [spi_timing] Pre(us): midi_mon=1/18 fwd_midi=2/67 mix_audio=7/38 ui_req=1/4 param=7/69 fwd_cc=0/17 proc_midi=1/12 jack_stash=1/9 drain_dsp=0/0 jack_wake=0/4 mix_buf=45/72 tts=8/34 display=6/180
17:00:32.975 [DEBUG] [spi_timing] Post(us): clear_leds=2/24 jack_midi=0/0 ui_midi=0/4 flush_leds=6/28 screenreader=1/242 jack_pre=0/2 jack_disp=0/2 pin=0/3 midi_scan=8/29 drain_dsp2=0/5 render=4/12
17:00:32.975 [DEBUG] [spi_timing] Slot render max(us): s0=0 s1=0 s2=0 s3=0 probe_burst_max=0
17:00:32.975 [DEBUG] [spi_timing] Slot synth max(us): s0=0 s1=0 s2=0 s3=0 | Slot fx max(us): s0=0 s1=0 s2=0 s3=0
17:00:33.010 [DEBUG] [shadow_ui] param_giveup: claim=0 response=0 error=61 last_key=global_settings_module | claimwedge: rt=0 rr=0 blocked=0ms | slow>=90ms: n=0 worst=0ms key=- where=-
17:00:33.096 [DEBUG] [shadow] param_pages fps: 59 draws / 59 ticks / 1000ms
17:00:33.155 [DEBUG] [shim] Screen reader: Queued "19" (pending=1)
17:00:33.155 [DEBUG] [shim] Screen reader: "19" (injected 127 bytes to FD 12, serial=866)
17:00:33.156 [DEBUG] [shim] D-Bus signal: com.ableton.move.ScreenReader.text path=/com/ableton/move/screenreader sender=:1.12 arg0="19"
17:00:33.156 [DEBUG] [shim] D-Bus text: "19" (held_track=-1)
17:00:33.176 [DEBUG] [shadow] widgets: id="" params=0 vizKinds=[]
17:00:33.425 [DEBUG] [shadow] widgets: id="" params=0 vizKinds=[]
17:00:33.554 [DEBUG] [shadow] param_pages midi: 3 events (0 knob turns) / 1305ms
17:00:33.556 [DEBUG] [shim] Screen reader: Queued "Breathiness, 18, 12 of 12" (pending=1)
17:00:33.556 [DEBUG] [shim] Screen reader: "Breathiness, 18, 12 of 12" (injected 150 bytes to FD 12, serial=867)
17:00:33.556 [DEBUG] [shim] D-Bus signal: com.ableton.move.ScreenReader.text path=/com/ableton/move/screenreader sender=:1.12 arg0="Breathiness, 18, 12 of 12"
17:00:33.556 [DEBUG] [shim] D-Bus text: "Breathiness, 18, 12 of 12" (held_track=-1)
17:00:33.701 [DEBUG] [shadow] ui_view: parampages slot=0 component=global_settings step_observe_want=true
17:00:33.704 [DEBUG] [shadow] widgets: id="" params=0 vizKinds=[]
17:00:33.955 [DEBUG] [shadow] widgets: id="" params=0 vizKinds=[]
17:00:34.017 [DEBUG] [shadow_ui] param_giveup: claim=0 response=0 error=61 last_key=global_settings_module | claimwedge: rt=0 rr=0 blocked=0ms | slow>=90ms: n=0 worst=0ms key=- where=-
17:00:34.102 [DEBUG] [shadow] param_pages fps: 57 draws / 57 ticks / 1006ms
17:00:34.233 [DEBUG] [shadow] widgets: id="" params=0 vizKinds=[]
17:00:34.485 [DEBUG] [shadow] widgets: id="" params=0 vizKinds=[]
17:00:34.595 [DEBUG] [shadow] param_pages midi: 6 events (0 knob turns) / 1041ms
17:00:34.769 [DEBUG] [shim] Screen reader: Queued "Roughness, 0, 11 of 12" (pending=1)
17:00:34.769 [DEBUG] [shadow] ui_view: parampages slot=0 component=global_settings step_observe_want=true
17:00:34.769 [DEBUG] [shim] Screen reader: "Roughness, 0, 11 of 12" (injected 147 bytes to FD 12, serial=868)
17:00:34.770 [DEBUG] [shim] D-Bus signal: com.ableton.move.ScreenReader.text path=/com/ableton/move/screenreader sender=:1.12 arg0="Roughness, 0, 11 of 12"
17:00:34.770 [DEBUG] [shim] D-Bus text: "Roughness, 0, 11 of 12" (held_track=-1)
17:00:34.773 [DEBUG] [shadow] widgets: id="" params=0 vizKinds=[]
17:00:34.787 [DEBUG] [shim] Screen reader: Queued "Inflection, 30, 10 of 12" (pending=1)
17:00:34.787 [DEBUG] [shim] Screen reader: "Inflection, 30, 10 of 12" (injected 149 bytes to FD 12, serial=869)
17:00:34.787 [DEBUG] [shim] D-Bus signal: com.ableton.move.ScreenReader.text path=/com/ableton/move/screenreader sender=:1.12 arg0="Inflection, 30, 10 of 12"
17:00:34.787 [DEBUG] [shim] D-Bus text: "Inflection, 30, 10 of 12" (held_track=-1)
17:00:34.821 [DEBUG] [shim] Screen reader: Queued "Base Pitch, 60, 9 of 12" (pending=1)
17:00:34.821 [DEBUG] [shim] Screen reader: "Base Pitch, 60, 9 of 12" (injected 148 bytes to FD 12, serial=870)
17:00:34.822 [DEBUG] [shim] D-Bus signal: com.ableton.move.ScreenReader.text path=/com/ableton/move/screenreader sender=:1.12 arg0="Base Pitch, 60, 9 of 12"
17:00:34.822 [DEBUG] [shim] D-Bus text: "Base Pitch, 60, 9 of 12" (held_track=-1)
96434.827 [CRASH] [shim] Caught SIGSEGV si_addr=0x3aa20004a0b30 pc=0x3aa20004a0b30 lr=0x3aa20004a0b30 sp=0x7f91158820 - terminating
17:00:35.056 [DEBUG] [shadow_ui] param_giveup: claim=1 response=1 error=47 last_key=global_settings_module | claimwedge: rt=2 rr=0 blocked=0ms | slow>=90ms: n=1 worst=107ms key=global_settings_module where=FAIL r=107 rt=2 rr=0 ot
17:00:35.167 [DEBUG] [shadow] param_pages fps: 42 draws / 42 ticks / 1065ms
17:00:36.033 [DEBUG] [shadow_ui] param_giveup: claim=9 response=0 error=0 last_key=global_settings_module | claimwedge: rt=2 rr=0 blocked=0ms | slow>=90ms: n=0 worst=0ms key=- where=-
17:00:36.249 [DEBUG] [shadow] param_pages fps: 5 draws / 5 ticks / 1082ms
17:00:37.006 [DEBUG] [shadow_ui] param_giveup: claim=9 response=0 error=0 last_key=global_settings_module | claimwedge: rt=2 rr=0 blocked=0ms | slow>=90ms: n=0 worst=0ms key=- where=-
17:00:37.223 [DEBUG] [shadow] widgets: id="" params=0 vizKinds=[]
17:00:37.333 [DEBUG] [shadow] param_pages fps: 5 draws / 5 ticks / 1084ms
17:00:38.087 [DEBUG] [shadow_ui] param_giveup: claim=10 response=0 error=0 last_key=global_settings_module | claimwedge: rt=2 rr=0 blocked=0ms | slow>=90ms: n=0 worst=0ms key=- where=-
17:00:38.415 [DEBUG] [shadow] param_pages fps: 6 draws / 6 ticks / 1082ms
17:00:39.070 [DEBUG] [shadow_ui] param_giveup: claim=9 response=0 error=0 last_key=global_settings_module | claimwedge: rt=2 rr=0 blocked=0ms | slow>=90ms: n=0 worst=0ms key=- where=-
17:00:40.024 [DEBUG] [shadow_ui] param_giveup: claim=9 response=0 error=0 last_key=synth_module | claimwedge: rt=2 rr=0 blocked=0ms | slow>=90ms: n=0 worst=0ms key=- where=-
17:00:40.131 [DEBUG] [shadow] param_pages fps: 6 draws / 6 ticks / 1716ms
17:00:40.456 [DEBUG] [shadow] widgets: id="" params=0 vizKinds=[]
17:00:41.111 [DEBUG] [shadow_ui] param_giveup: claim=10 response=0 error=0 last_key=global_settings_module | claimwedge: rt=2 rr=0 blocked=0ms | slow>=90ms: n=0 worst=0ms key=- where=-
17:00:41.220 [DEBUG] [shadow] param_pages fps: 9 draws / 9 ticks / 1089ms
17:00:42.085 [DEBUG] [shadow_ui] param_giveup: claim=9 response=0 error=0 last_key=global_settings_module | claimwedge: rt=2 rr=0 blocked=0ms | slow>=90ms: n=0 worst=0ms key=- where=-
17:00:42.730 [DEBUG] [shadow] param_pages fps: 6 draws / 6 ticks / 1510ms
17:00:43.056 [DEBUG] [shadow_ui] param_giveup: claim=9 response=0 error=0 last_key=global_settings_module | claimwedge: rt=2 rr=0 blocked=0ms | slow>=90ms: n=0 worst=0ms key=- where=-
17:00:43.056 [DEBUG] [shadow] widgets: id="" params=0 vizKinds=[]
17:00:43.810 [DEBUG] [shadow] param_pages fps: 5 draws / 5 ticks / 1080ms
17:00:44.028 [DEBUG] [shadow_ui] param_giveup: claim=9 response=0 error=0 last_key=global_settings_module | claimwedge: rt=2 rr=0 blocked=0ms | slow>=90ms: n=0 worst=0ms key=- where=-
17:00:45.011 [DEBUG] [shadow_ui] param_giveup: claim=9 response=0 error=0 last_key=synth_module | claimwedge: rt=2 rr=0 blocked=0ms | slow>=90ms: n=0 worst=0ms key=- where=-
17:00:45.969 [DEBUG] [shadow] param_pages fps: 10 draws / 10 ticks / 2159ms
17:00:46.078 [DEBUG] [shadow_ui] param_giveup: claim=10 response=0 error=0 last_key=global_settings_module | claimwedge: rt=2 rr=0 blocked=0ms | slow>=90ms: n=0 worst=0ms key=- where=-
17:00:46.187 [DEBUG] [shadow] ui_view: parampages slot=0 component=global_settings step_observe_want=true
17:00:46.295 [DEBUG] [shadow] widgets: id="" params=0 vizKinds=[]
17:00:47.057 [DEBUG] [shadow_ui] param_giveup: claim=9 response=0 error=0 last_key=global_settings_module | claimwedge: rt=2 rr=0 blocked=0ms | slow>=90ms: n=0 worst=0ms key=- where=-
17:00:47.057 [DEBUG] [shadow] param_pages fps: 9 draws / 9 ticks / 1088ms
17:00:48.029 [DEBUG] [shadow_ui] param_giveup: claim=9 response=0 error=0 last_key=global_settings_module | claimwedge: rt=2 rr=0 blocked=0ms | slow>=90ms: n=0 worst=0ms key=- where=-
17:00:48.565 [DEBUG] [shadow] param_pages fps: 6 draws / 6 ticks / 1508ms
17:00:48.889 [DEBUG] [shadow] widgets: id="" params=0 vizKinds=[]
17:00:49.106 [DEBUG] [shadow_ui] param_giveup: claim=10 response=0 error=0 last_key=global_settings_module | claimwedge: rt=2 rr=0 blocked=0ms | slow>=90ms: n=0 worst=0ms key=- where=-
17:00:49.646 [DEBUG] [shadow] param_pages fps: 5 draws / 5 ticks / 1081ms
17:00:50.084 [DEBUG] [shadow_ui] param_giveup: claim=9 response=0 error=0 last_key=global_settings_module | claimwedge: rt=2 rr=0 blocked=0ms | slow>=90ms: n=0 worst=0ms key=- where=-
17:00:51.057 [DEBUG] [shadow_ui] param_giveup: claim=9 response=0 error=0 last_key=synth_module | claimwedge: rt=2 rr=0 blocked=0ms | slow>=90ms: n=0 worst=0ms key=- where=-
17:00:51.808 [DEBUG] [shadow] param_pages fps: 10 draws / 10 ticks / 2162ms
17:00:52.026 [DEBUG] [shadow_ui] param_giveup: claim=9 response=0 error=0 last_key=global_settings_module | claimwedge: rt=2 rr=0 blocked=0ms | slow>=90ms: n=0 worst=0ms key=- where=-
17:00:52.132 [DEBUG] [shadow] widgets: id="" params=0 vizKinds=[]
17:00:52.898 [DEBUG] [shadow] param_pages fps: 9 draws / 9 ticks / 1090ms
17:00:53.007 [DEBUG] [shadow_ui] param_giveup: claim=9 response=0 error=0 last_key=global_settings_module | claimwedge: rt=2 rr=0 blocked=0ms | slow>=90ms: n=0 worst=0ms key=- where=-
17:00:54.088 [DEBUG] [shadow_ui] param_giveup: claim=10 response=0 error=0 last_key=dirty | claimwedge: rt=2 rr=0 blocked=0ms | slow>=90ms: n=0 worst=0ms key=- where=-
17:00:54.406 [DEBUG] [shadow] param_pages fps: 6 draws / 6 ticks / 1508ms
17:00:54.729 [DEBUG] [shadow] widgets: id="" params=0 vizKinds=[]
17:00:55.054 [DEBUG] [shadow_ui] param_giveup: claim=9 response=0 error=0 last_key=global_settings_module | claimwedge: rt=2 rr=0 blocked=0ms | slow>=90ms: n=0 worst=0ms key=- where=-
17:00:55.478 [DEBUG] [shadow] param_pages fps: 5 draws / 5 ticks / 1072ms
17:00:56.023 [DEBUG] [shadow_ui] param_giveup: claim=9 response=0 error=0 last_key=global_settings_module | claimwedge: rt=2 rr=0 blocked=0ms | slow>=90ms: n=0 worst=0ms key=- where=-
17:00:57.101 [DEBUG] [shadow_ui] param_giveup: claim=10 response=0 error=0 last_key=dirty | claimwedge: rt=2 rr=0 blocked=0ms | slow>=90ms: n=0 worst=0ms key=- where=-
17:00:57.637 [DEBUG] [shadow] param_pages fps: 10 draws / 10 ticks / 2159ms
17:00:57.854 [DEBUG] [shadow] ui_view: parampages slot=0 component=global_settings step_observe_want=true
17:00:57.962 [DEBUG] [shadow] widgets: id="" params=0 vizKinds=[]
17:00:58.071 [DEBUG] [shadow_ui] param_giveup: claim=9 response=0 error=0 last_key=global_settings_module | claimwedge: rt=2 rr=0 blocked=0ms | slow>=90ms: n=0 worst=0ms key=- where=-
17:00:58.725 [DEBUG] [shadow] param_pages fps: 9 draws / 9 ticks / 1088ms
17:00:59.049 [DEBUG] [shadow_ui] param_giveup: claim=9 response=0 error=0 last_key=synth_module | claimwedge: rt=2 rr=0 blocked=0ms | slow>=90ms: n=0 worst=0ms key=- where=-
17:01:00.019 [DEBUG] [shadow_ui] param_giveup: claim=9 response=0 error=0 last_key=dirty | claimwedge: rt=2 rr=0 blocked=0ms | slow>=90ms: n=0 worst=0ms key=- where=-
17:01:00.232 [DEBUG] [shadow] param_pages fps: 6 draws / 6 ticks / 1507ms
17:01:00.556 [DEBUG] [shadow] widgets: id="" params=0 vizKinds=[]
17:01:01.099 [DEBUG] [shadow_ui] param_giveup: claim=10 response=0 error=0 last_key=synth_module | claimwedge: rt=2 rr=0 blocked=0ms | slow>=90ms: n=0 worst=0ms key=- where=-
17:01:01.312 [DEBUG] [shadow] param_pages fps: 5 draws / 5 ticks / 1080ms
17:01:02.076 [DEBUG] [shadow_ui] param_giveup: claim=9 response=0 error=0 last_key=global_settings_module | claimwedge: rt=2 rr=0 blocked=0ms | slow>=90ms: n=0 worst=0ms key=- where=-
17:01:03.041 [DEBUG] [shadow_ui] param_giveup: claim=9 response=0 error=0 last_key=dirty | claimwedge: rt=2 rr=0 blocked=0ms | slow>=90ms: n=0 worst=0ms key=- where=-
17:01:03.467 [DEBUG] [shadow] param_pages fps: 10 draws / 10 ticks / 2155ms
17:01:03.790 [DEBUG] [shadow] widgets: id="" params=0 vizKinds=[]
17:01:04.008 [DEBUG] [shadow_ui] param_giveup: claim=9 response=0 error=0 last_key=global_settings_module | claimwedge: rt=2 rr=0 blocked=0ms | slow>=90ms: n=0 worst=0ms key=- where=-
17:01:04.551 [DEBUG] [shadow] param_pages fps: 9 draws / 9 ticks / 1084ms
17:01:05.086 [DEBUG] [shadow_ui] param_giveup: claim=10 response=0 error=0 last_key=synth_module | claimwedge: rt=2 rr=0 blocked=0ms | slow>=90ms: n=0 worst=0ms key=- where=-
17:01:06.054 [DEBUG] [shadow_ui] param_giveup: claim=9 response=0 error=0 last_key=dirty | claimwedge: rt=2 rr=0 blocked=0ms | slow>=90ms: n=0 worst=0ms key=- where=-
17:01:06.054 [DEBUG] [shadow] param_pages fps: 6 draws / 6 ticks / 1503ms
17:01:06.377 [DEBUG] [shadow] widgets: id="" params=0 vizKinds=[]
17:01:07.023 [DEBUG] [shadow_ui] param_giveup: claim=9 response=0 error=0 last_key=synth_module | claimwedge: rt=2 rr=0 blocked=0ms | slow>=90ms: n=0 worst=0ms key=- where=-
17:01:07.128 [DEBUG] [shadow] param_pages fps: 5 draws / 5 ticks / 1074ms
17:01:08.002 [DEBUG] [shadow_ui] param_giveup: claim=9 response=0 error=0 last_key=global_settings_module | claimwedge: rt=2 rr=0 blocked=0ms | slow>=90ms: n=0 worst=0ms key=- where=-
17:01:09.077 [DEBUG] [shadow_ui] param_giveup: claim=10 response=0 error=0 last_key=dirty | claimwedge: rt=2 rr=0 blocked=0ms | slow>=90ms: n=0 worst=0ms key=- where=-
17:01:09.288 [DEBUG] [shadow] param_pages fps: 10 draws / 10 ticks / 2160ms
17:01:09.507 [DEBUG] [shadow] ui_view: parampages slot=0 component=global_settings step_observe_want=true
17:01:09.614 [DEBUG] [shadow] widgets: id="" params=0 vizKinds=[]
17:01:10.052 [DEBUG] [shadow_ui] param_giveup: claim=9 response=0 error=0 last_key=global_settings_module | claimwedge: rt=2 rr=0 blocked=0ms | slow>=90ms: n=0 worst=0ms key=- where=-
17:01:10.380 [DEBUG] [shadow] param_pages fps: 9 draws / 9 ticks / 1092ms
17:01:11.027 [DEBUG] [shadow_ui] param_giveup: claim=9 response=0 error=0 last_key=global_settings_module | claimwedge: rt=2 rr=0 blocked=0ms | slow>=90ms: n=0 worst=0ms key=- where=-
17:01:11.893 [DEBUG] [shadow] param_pages fps: 6 draws / 6 ticks / 1513ms
17:01:12.109 [DEBUG] [shadow_ui] param_giveup: claim=10 response=0 error=0 last_key=global_settings_module | claimwedge: rt=2 rr=0 blocked=0ms | slow>=90ms: n=0 worst=0ms key=- where=-
17:01:12.216 [DEBUG] [shadow] widgets: id="" params=0 vizKinds=[]
17:01:12.970 [DEBUG] [shadow] param_pages fps: 5 draws / 5 ticks / 1076ms
17:01:13.077 [DEBUG] [shadow_ui] param_giveup: claim=9 response=0 error=0 last_key=global_settings_module | claimwedge: rt=2 rr=0 blocked=0ms | slow>=90ms: n=0 worst=0ms key=- where=-
17:01:14.059 [DEBUG] [shadow_ui] param_giveup: claim=9 response=0 error=0 last_key=global_settings_module | claimwedge: rt=2 rr=0 blocked=0ms | slow>=90ms: n=0 worst=0ms key=- where=-
17:01:15.021 [DEBUG] [shadow_ui] param_giveup: claim=9 response=0 error=0 last_key=synth_module | claimwedge: rt=2 rr=0 blocked=0ms | slow>=90ms: n=0 worst=0ms key=- where=-
17:01:15.129 [DEBUG] [shadow] param_pages fps: 10 draws / 10 ticks / 2159ms
17:01:15.451 [DEBUG] [shadow] widgets: id="" params=0 vizKinds=[]
17:01:16.104 [DEBUG] [shadow_ui] param_giveup: claim=10 response=0 error=0 last_key=global_settings_module | claimwedge: rt=2 rr=0 blocked=0ms | slow>=90ms: n=0 worst=0ms key=- where=-
17:01:16.213 [DEBUG] [shadow] param_pages fps: 9 draws / 9 ticks / 1085ms
17:01:17.078 [DEBUG] [shadow_ui] param_giveup: claim=9 response=0 error=0 last_key=global_settings_module | claimwedge: rt=2 rr=0 blocked=0ms | slow>=90ms: n=0 worst=0ms key=- where=-
17:01:17.721 [DEBUG] [shadow] param_pages fps: 6 draws / 6 ticks / 1508ms
17:01:18.046 [DEBUG] [shadow_ui] param_giveup: claim=9 response=0 error=0 last_key=global_settings_module | claimwedge: rt=2 rr=0 blocked=0ms | slow>=90ms: n=0 worst=0ms key=- where=-
17:01:18.046 [DEBUG] [shadow] widgets: id="" params=0 vizKinds=[]
17:01:18.801 [DEBUG] [shadow] param_pages fps: 5 draws / 5 ticks / 1079ms
17:01:19.017 [DEBUG] [shadow_ui] param_giveup: claim=9 response=0 error=0 last_key=global_settings_module | claimwedge: rt=2 rr=0 blocked=0ms | slow>=90ms: n=0 worst=0ms key=- where=-
17:01:20.103 [DEBUG] [shadow_ui] param_giveup: claim=10 response=0 error=0 last_key=synth_module | claimwedge: rt=2 rr=0 blocked=0ms | slow>=90ms: n=0 worst=0ms key=- where=-
17:01:20.960 [DEBUG] [shadow] param_pages fps: 10 draws / 10 ticks / 2160ms
17:01:21.069 [DEBUG] [shadow_ui] param_giveup: claim=9 response=0 error=0 last_key=global_settings_module | claimwedge: rt=2 rr=0 blocked=0ms | slow>=90ms: n=0 worst=0ms key=- where=-
17:01:21.179 [DEBUG] [shadow] ui_view: parampages slot=0 component=global_settings step_observe_want=true
17:01:21.285 [DEBUG] [shadow] widgets: id="" params=0 vizKinds=[]
17:01:22.046 [DEBUG] [shadow_ui] param_giveup: claim=9 response=0 error=0 last_key=global_settings_module | claimwedge: rt=2 rr=0 blocked=0ms | slow>=90ms: n=0 worst=0ms key=- where=-
17:01:22.046 [DEBUG] [shadow] param_pages fps: 9 draws / 9 ticks / 1086ms
17:01:23.017 [DEBUG] [shadow_ui] param_giveup: claim=9 response=0 error=0 last_key=global_settings_module | claimwedge: rt=2 rr=0 blocked=0ms | slow>=90ms: n=0 worst=0ms key=- where=-
17:01:23.557 [DEBUG] [shadow] param_pages fps: 6 draws / 6 ticks / 1511ms
17:01:23.882 [DEBUG] [shadow] widgets: id="" params=0 vizKinds=[]
17:01:24.101 [DEBUG] [shadow_ui] param_giveup: claim=10 response=0 error=0 last_key=global_settings_module | claimwedge: rt=2 rr=0 blocked=0ms | slow>=90ms: n=0 worst=0ms key=- where=-
17:01:24.638 [DEBUG] [shadow] param_pages fps: 5 draws / 5 ticks / 1081ms
17:01:25.075 [DEBUG] [shadow_ui] param_giveup: claim=9 response=0 error=0 last_key=global_settings_module | claimwedge: rt=2 rr=0 blocked=0ms | slow>=90ms: n=0 worst=0ms key=- where=-
17:01:25.726 [DEBUG] [shadow] param_pages fps: 9 draws / 9 ticks / 1088ms
17:01:26.047 [DEBUG] [shadow_ui] param_giveup: claim=9 response=0 error=0 last_key=synth_module | claimwedge: rt=2 rr=0 blocked=0ms | slow>=90ms: n=0 worst=0ms key=- where=-
17:01:26.894 [DEBUG] [shadow] param_pages fps: 1 draws / 1 ticks / 1168ms
17:01:27.001 [DEBUG] [shadow_ui] param_giveup: claim=9 response=0 error=0 last_key=global_settings_module | claimwedge: rt=2 rr=0 blocked=0ms | slow>=90ms: n=0 worst=0ms key=- where=-
17:01:27.215 [DEBUG] [shadow] widgets: id="" params=0 vizKinds=[]
17:01:27.978 [DEBUG] [shadow] param_pages fps: 9 draws / 9 ticks / 1084ms
17:01:28.087 [DEBUG] [shadow_ui] param_giveup: claim=10 response=0 error=0 last_key=global_settings_module | claimwedge: rt=2 rr=0 blocked=0ms | slow>=90ms: n=0 worst=0ms key=- where=-
17:01:29.063 [DEBUG] [shadow_ui] param_giveup: claim=9 response=0 error=0 last_key=global_settings_module | claimwedge: rt=2 rr=0 blocked=0ms | slow>=90ms: n=0 worst=0ms key=- where=-
17:01:29.489 [DEBUG] [shadow] param_pages fps: 6 draws / 6 ticks / 1511ms
17:01:29.808 [DEBUG] [shadow] widgets: id="" params=0 vizKinds=[]
17:01:30.027 [DEBUG] [shadow_ui] param_giveup: claim=9 response=0 error=0 last_key=global_settings_module | claimwedge: rt=2 rr=0 blocked=0ms | slow>=90ms: n=0 worst=0ms key=- where=-
17:01:30.561 [DEBUG] [shadow] param_pages fps: 5 draws / 5 ticks / 1072ms
17:01:31.103 [DEBUG] [shadow_ui] param_giveup: claim=10 response=0 error=0 last_key=global_settings_module | claimwedge: rt=2 rr=0 blocked=0ms | slow>=90ms: n=0 worst=0ms key=- where=-
17:01:32.075 [DEBUG] [shadow_ui] param_giveup: claim=9 response=0 error=0 last_key=master_fx:fx2:name | claimwedge: rt=2 rr=0 blocked=0ms | slow>=90ms: n=0 worst=0ms key=- where=-
17:01:32.722 [DEBUG] [shadow] param_pages fps: 5 draws / 5 ticks / 2161ms
17:01:33.046 [DEBUG] [shadow_ui] param_giveup: claim=9 response=0 error=0 last_key=send2:modules | claimwedge: rt=2 rr=0 blocked=0ms | slow>=90ms: n=0 worst=0ms key=- where=-
17:01:34.016 [DEBUG] [shadow_ui] param_giveup: claim=9 response=0 error=0 last_key=synth_module | claimwedge: rt=2 rr=0 blocked=0ms | slow>=90ms: n=0 worst=0ms key=- where=-

=== Log started: Tue Sep 22 17:01:34 2026
17:01:34.214 [ERROR] [display_server] bind failed on port 7681: Address already in use
=== Log ended: Tue Sep 22 17:01:34 2026

17:01:34.883 [DEBUG] [shadow] param_pages fps: 5 draws / 5 ticks / 2161ms

=== Log started: Tue Sep 22 17:01:34 2026
96494.900 [CRASH] [shim] Shim init: pid=3826 ppid=780
17:01:34.914 [DEBUG] [shim] Features: shadow_ui=enabled, link_audio=enabled, display_mirror=disabled, set_pages=enabled, skipback=Shift+Capture, skipback_buf=30s, ui_trigger=both
17:01:34.922 [INFO ] [shim] Link subscriber monitor started
17:01:34.923 [DEBUG] [shim] Native resample bridge mode: off (from config)
17:01:34.923 [DEBUG] [shim] Link Audio routing: ON (from config)
17:01:34.923 [DEBUG] [shim] Link Audio publish: ON (from config)
17:01:34.923 [DEBUG] [shim] Master FX MIDI channel: All (from config)
17:01:34.927 [DEBUG] [shim] [chain-v2] Plugin v2 API initialized
17:01:34.927 [INFO ] [shim] chain dlsym: inject=0x7f81ab9d40 ext_fx_mode=0x7f81ab9d60 process_fx=0x7f81ab9d70 same_frame=1 keep_alive=0x7f81abad30 midi_wake=0x7f81abade0
17:01:34.927 [INFO ] [shim] chain dlsym: clip_phase=(nil) clip_deleted=(nil)
17:01:34.927 [INFO ] [shim] chain dlsym: drain_sends=0x7f81ab9ea4 drain_main_send=0x7f81aba820
17:01:34.927 [DEBUG] [shim] SetPage: boot page = 1
17:01:34.927 [DEBUG] [shim] Boot: using per-set state dir /data/UserData/schwung/set_state/5b115672-37ee-4b44-9b79-15c31ff08f69
17:01:34.973 [DEBUG] [shim] [chain-v2] Instance created, found 1 patches
17:01:35.014 [DEBUG] [shadow_ui] param_giveup: claim=8 response=1 error=0 last_key=global_settings_module | claimwedge: rt=2 rr=0 blocked=0ms | slow>=90ms: n=1 worst=128ms key=global_settings_module where=FAIL r=113 rt=2 rr=0 ot
17:01:35.023 [DEBUG] [shim] Link sub check: started=0 pid=-1, calling reap
17:01:35.023 [INFO ] [shim] Link Audio routing enabled — launching subscriber (started=0 pid=-1)
17:01:35.024 [INFO ] [shim] Link subscriber already running (adopted pid=1019 from pidfile)
17:01:35.029 [DEBUG] [shim] [chain-v2] Instance created, found 1 patches
17:01:35.069 [DEBUG] [shim] [chain-v2] Instance created, found 1 patches
17:01:35.109 [DEBUG] [shim] [chain-v2] Instance created, found 1 patches
17:01:35.110 [DEBUG] [shim] Shadow inprocess: chain loaded
17:01:35.110 [DEBUG] [shim] Master volume: read 0.0 dB -> 1.000 linear
17:01:35.110 [DEBUG] [shim] Loaded slot volumes: [1.00, 0.76, 0.48, 0.79]
17:01:35.110 [DEBUG] [shim] Loaded slot channels: [0, 1, 2, 3]
17:01:35.110 [DEBUG] [shim] Loaded slot fwd channels: [-1, -1, -1, -2]
17:01:35.110 [DEBUG] [shim] Loaded slot transpose: [0, 0, 0, 0]
17:01:35.110 [DEBUG] [shim] Loaded slot muted: [0, 0, 0, 0]
17:01:35.110 [DEBUG] [shim] Loaded slot soloed: [0, 0, 0, 0]
17:01:35.110 [INFO ] [tts_dispatch] Initializing TTS with engine: openevv
17:01:35.110 [DEBUG] [shim] D-Bus: *** INTERCEPTING Move's socket FD 28 (path=/run/dbus/system_bus_socket) ***
17:01:35.401 [INFO ] [tts_openevv] TTS engine (openevv) initialized
17:01:35.401 [INFO ] [shim] TTS initialized, synced to shared memory: enabled=ON speed=2.56 pitch=120.0 volume=50
17:01:35.407 [DEBUG] [shim] D-Bus: Scanning file descriptors for Move's D-Bus socket...
17:01:35.407 [DEBUG] [shim] D-Bus: *** FOUND Move's D-Bus socket FD 12 (path=/run/dbus/system_bus_socket) ***
17:01:35.407 [DEBUG] [shim] D-Bus: Will intercept writes to FD 12 via send() hook
17:01:35.409 [DEBUG] [shim] D-Bus: Auth eavesdrop match added - will monitor setSecret calls
17:01:35.409 [DEBUG] [shim] D-Bus: Connected and listening for screenreader signals
17:01:35.409 [DEBUG] [shim] Screen reader: Queued "Schwung Screen Reader Test" (pending=1)
17:01:35.409 [DEBUG] [shim] Screen reader: "Schwung Screen Reader Test" (injected 151 bytes to FD 12, serial=1)
17:01:35.411 [DEBUG] [shim] Skipback: allocated 30s rolling buffer (5.0 MB)
17:01:35.411 [DEBUG] [shim] Native bridge diag: disabled
17:01:35.411 [DEBUG] [shim] HW  MIDI_IN[0-31]: FBB00200 00000000 00000000 00000000 00000000 00000000 00000000 00000000
17:01:35.411 [DEBUG] [shim] SHD MIDI_IN[0-31]: FBB00200 00000000 00000000 00000000 00000000 00000000 00000000 00000000
17:01:35.411 [DEBUG] [shim] HW  MIDI_IN[240-255]: 00000000 00000000 02000000 00000000
17:01:35.411 [DEBUG] [shim] SHD MIDI_IN[240-255]: 00000000 00000000 02000000 00000000
17:01:35.417 [DEBUG] [shim] HW  MIDI_IN[0-31]: 04F07E01 00000000 04060200 00000000 04211D58 00000000 04320100 00000000
17:01:35.418 [DEBUG] [shim] SHD MIDI_IN[0-31]: 04F07E01 00000000 04060200 00000000 04211D58 00000000 04320100 00000000
17:01:35.418 [DEBUG] [shim] HW  MIDI_IN[240-255]: 074701F7 0E000000 04000000 00000000
17:01:35.418 [DEBUG] [shim] SHD MIDI_IN[240-255]: 074701F7 0E000000 04000000 00000000
17:01:35.420 [DEBUG] [shim] HW  MIDI_IN[0-31]: 0BB00300 00000000 0BB07200 00000000 0BB03300 00000000 0BB03200 00000000
17:01:35.420 [DEBUG] [shim] SHD MIDI_IN[0-31]: 00000000 00000000 0BB07200 00000000 00000000 00000000 0BB03200 00000000
17:01:35.420 [DEBUG] [shim] HW  MIDI_IN[240-255]: 0BB07300 04000000 05000000 00000000
17:01:35.421 [DEBUG] [shim] SHD MIDI_IN[240-255]: 0BB07300 04000000 05000000 00000000
17:01:35.423 [DEBUG] [shim] HW  MIDI_IN[0-31]: 09901C00 00000000 09901B00 00000000 09901300 00000000 09901400 00000000
17:01:35.423 [DEBUG] [shim] SHD MIDI_IN[0-31]: 09901C00 00000000 09901B00 00000000 09901300 00000000 09901400 00000000
17:01:35.423 [DEBUG] [shim] HW  MIDI_IN[240-255]: 00000000 00000000 06000000 00000000
17:01:35.423 [DEBUG] [shim] SHD MIDI_IN[240-255]: 00000000 00000000 06000000 00000000
17:01:35.445 [DEBUG] [shim] step-tap: press=0 release=16 used_skip=0 nopress_skip=16 queued=0 emitted=0 noroom=0 last_hold=-1ms (tap<500ms) last_plock_key=(none)
17:01:35.461 [DEBUG] [shim] Sending startup mod wheel reset to all slots
17:01:35.466 [INFO ] [tts_openevv] openevv instance ready (44100 Hz mono)
17:01:35.685 [DEBUG] [shadow] param_pages midi: 4 events (0 knob turns) / 61090ms
17:01:35.685 [DEBUG] [param_pages] touch slot=0 up   t=1790096495685 sincePrev=122107ms held=[]
17:01:35.685 [DEBUG] [param_pages] touch slot=1 up   t=1790096495685 sincePrev=0ms held=[]
17:01:35.685 [DEBUG] [param_pages] touch slot=2 up   t=1790096495685 sincePrev=0ms held=[]
17:01:35.686 [DEBUG] [param_pages] touch slot=3 up   t=1790096495686 sincePrev=1ms held=[]
17:01:35.686 [DEBUG] [param_pages] touch slot=4 up   t=1790096495686 sincePrev=0ms held=[]
17:01:35.686 [DEBUG] [param_pages] touch slot=5 up   t=1790096495686 sincePrev=0ms held=[]
17:01:35.686 [DEBUG] [param_pages] touch slot=6 up   t=1790096495686 sincePrev=0ms held=[]
17:01:35.686 [DEBUG] [param_pages] touch slot=7 up   t=1790096495686 sincePrev=0ms held=[]
17:01:35.686 [DEBUG] [shadow] plock: step note 29 v0 held=-1
17:01:35.686 [DEBUG] [shadow] plock: step note 30 v0 held=-1
17:01:35.686 [DEBUG] [shadow] plock: step note 31 v0 held=-1
17:01:35.686 [DEBUG] [shadow] plock: step note 28 v0 held=-1
17:01:35.686 [DEBUG] [shadow] plock: step note 27 v0 held=-1
17:01:35.686 [DEBUG] [shadow] plock: step note 19 v0 held=-1
17:01:35.686 [DEBUG] [shadow] plock: step note 20 v0 held=-1
17:01:35.686 [DEBUG] [shadow] plock: step note 21 v0 held=-1
17:01:35.686 [DEBUG] [shadow] plock: step note 22 v0 held=-1
17:01:35.686 [DEBUG] [shadow] plock: step note 26 v0 held=-1
17:01:35.686 [DEBUG] [shadow] plock: step note 25 v0 held=-1
17:01:35.686 [DEBUG] [shadow] plock: step note 24 v0 held=-1
17:01:35.686 [DEBUG] [shadow] plock: step note 23 v0 held=-1
17:01:35.686 [DEBUG] [shadow] plock: step note 16 v0 held=-1
17:01:35.686 [DEBUG] [shadow] plock: step note 17 v0 held=-1
17:01:35.686 [DEBUG] [shadow] plock: step note 18 v0 held=-1
17:01:35.688 [DEBUG] [shadow] ui_view: parampages slot=0 component=global_settings step_observe_want=true
17:01:35.692 [DEBUG] [shadow] widgets: id="" params=0 vizKinds=[]
17:01:35.890 [DEBUG] [shadow] param_pages fps: 14 draws / 14 ticks / 1007ms
17:01:35.941 [DEBUG] [shadow] widgets: id="" params=0 vizKinds=[]
17:01:36.004 [DEBUG] [shadow_ui] param_giveup: claim=5 response=0 error=33 last_key=global_settings_module | claimwedge: rt=0 rr=1 blocked=170ms | slow>=90ms: n=0 worst=0ms key=- where=-
17:01:36.210 [DEBUG] [shadow] widgets: id="" params=0 vizKinds=[]
17:01:36.409 [DEBUG] [shim] Screen reader: Queued "Screen Reader Active" (pending=1)
17:01:36.409 [DEBUG] [shim] Screen reader: "Screen Reader Active" (injected 145 bytes to FD 12, serial=2)
17:01:36.410 [DEBUG] [shim] D-Bus signal: org.freedesktop.DBus.NameAcquired path=/org/freedesktop/DBus sender=org.freedesktop.DBus arg0=":1.18"
17:01:36.410 [DEBUG] [shim] D-Bus signal: com.ableton.move.ScreenReader.text path=/com/ableton/move/screenreader sender=:1.16 arg0="Schwung Screen Reader Test"
17:01:36.410 [DEBUG] [shim] D-Bus text: "Schwung Screen Reader Test" (held_track=-1)
17:01:36.410 [DEBUG] [shim] D-Bus signal: com.ableton.move.ScreenReader.text path=/com/ableton/move/screenreader sender=:1.16 arg0="Screen Reader Active"
17:01:36.410 [DEBUG] [shim] D-Bus text: "Screen Reader Active" (held_track=-1)
17:01:36.411 [DEBUG] [shim] Screen reader: Queued "Screen Reader Active" (pending=1)
17:01:36.411 [DEBUG] [shim] Screen reader: "Screen Reader Active" (injected 145 bytes to FD 12, serial=3)
17:01:36.411 [DEBUG] [shim] D-Bus signal: com.ableton.move.ScreenReader.text path=/com/ableton/move/screenreader sender=:1.16 arg0="Screen Reader Active"
17:01:36.411 [DEBUG] [shim] D-Bus text: "Screen Reader Active" (held_track=-1)
17:01:36.461 [DEBUG] [shadow] widgets: id="" params=0 vizKinds=[]
17:01:36.727 [DEBUG] [shadow] ui_view: parampages slot=0 component=global_settings step_observe_want=true
17:01:36.730 [DEBUG] [shadow] widgets: id="" params=0 vizKinds=[]
17:01:36.896 [DEBUG] [shadow] param_pages fps: 58 draws / 58 ticks / 1006ms
17:01:36.981 [DEBUG] [shadow] widgets: id="" params=0 vizKinds=[]
17:01:37.012 [DEBUG] [shadow_ui] param_giveup: claim=0 response=0 error=62 last_key=global_settings_module | claimwedge: rt=0 rr=0 blocked=0ms | slow>=90ms: n=0 worst=0ms key=- where=-
17:01:37.253 [DEBUG] [shadow] widgets: id="" params=0 vizKinds=[]
17:01:37.502 [DEBUG] [shadow] widgets: id="" params=0 vizKinds=[]
17:01:37.769 [DEBUG] [shadow] ui_view: parampages slot=0 component=global_settings step_observe_want=true
17:01:37.772 [DEBUG] [shadow] widgets: id="" params=0 vizKinds=[]
17:01:37.914 [DEBUG] [shadow] param_pages fps: 58 draws / 58 ticks / 1018ms
17:01:38.001 [DEBUG] [shadow_ui] param_giveup: claim=0 response=0 error=60 last_key=global_settings_module | claimwedge: rt=0 rr=0 blocked=0ms | slow>=90ms: n=0 worst=0ms key=- where=-
17:01:38.022 [DEBUG] [shadow] widgets: id="" params=0 vizKinds=[]
17:01:38.292 [DEBUG] [shadow] widgets: id="" params=0 vizKinds=[]
17:01:38.541 [DEBUG] [shadow] widgets: id="" params=0 vizKinds=[]
17:01:38.808 [DEBUG] [shadow] ui_view: parampages slot=0 component=global_settings step_observe_want=true
17:01:38.811 [DEBUG] [shadow] widgets: id="" params=0 vizKinds=[]
17:01:38.925 [DEBUG] [shadow] param_pages fps: 59 draws / 59 ticks / 1011ms
17:01:39.008 [DEBUG] [shadow_ui] param_giveup: claim=0 response=0 error=62 last_key=global_settings_module | claimwedge: rt=0 rr=0 blocked=0ms | slow>=90ms: n=0 worst=0ms key=- where=-
17:01:39.062 [DEBUG] [shadow] widgets: id="" params=0 vizKinds=[]
17:01:39.241 [DEBUG] [spi_timing] Frame(us): total avg=2678 max=8979 | pre avg=117 max=8262 | ioctl avg=2543 max=2688 | post avg=16 max=44 | overruns=1
17:01:39.241 [DEBUG] [spi_timing] Pre(us): midi_mon=2/36 fwd_midi=2/82 mix_audio=7/63 ui_req=1/21 param=6/37 fwd_cc=0/0 proc_midi=1/76 jack_stash=1/5 drain_dsp=0/1 jack_wake=0/11 mix_buf=55/8057 tts=2/36 display=6/189
17:01:39.241 [DEBUG] [spi_timing] Post(us): clear_leds=2/31 jack_midi=0/3 ui_midi=0/19 flush_leds=7/32 screenreader=0/175 jack_pre=0/8 jack_disp=0/0 pin=0/3 midi_scan=8/35 drain_dsp2=0/2 render=5/22
17:01:39.241 [DEBUG] [spi_timing] Slot render max(us): s0=0 s1=0 s2=0 s3=0 probe_burst_max=0
17:01:39.241 [DEBUG] [spi_timing] Slot synth max(us): s0=0 s1=0 s2=0 s3=0 | Slot fx max(us): s0=0 s1=0 s2=0 s3=0
17:01:39.335 [DEBUG] [shadow] widgets: id="" params=0 vizKinds=[]
17:01:39.452 [DEBUG] [shim] Boot jack re-assert: injected CC 115 to Move
17:01:39.452 [DEBUG] [shim] MIDI inject: drained 1 pkts
17:01:39.452 [DEBUG] [shim] HW  MIDI_IN[0-31]: 00000000 00000000 00000000 00000000 00000000 00000000 00000000 00000000
17:01:39.452 [DEBUG] [shim] SHD MIDI_IN[0-31]: 0BB07300 00000000 00000000 00000000 00000000 00000000 00000000 00000000
17:01:39.452 [DEBUG] [shim] HW  MIDI_IN[240-255]: 00000000 00000000 01000000 00000000
17:01:39.452 [DEBUG] [shim] SHD MIDI_IN[240-255]: 00000000 00000000 01000000 00000000
17:01:39.587 [DEBUG] [shadow] widgets: id="" params=0 vizKinds=[]
17:01:39.854 [DEBUG] [shadow] ui_view: parampages slot=0 component=global_settings step_observe_want=true
17:01:39.857 [DEBUG] [shadow] widgets: id="" params=0 vizKinds=[]
17:01:39.938 [DEBUG] [shadow] param_pages fps: 58 draws / 58 ticks / 1013ms
17:01:39.984 [DEBUG] [shim] D-Bus signal: com.ableton.move.ScreenReader.text path=/com/ableton/move/screenreader sender=:1.16 arg0="Set 23"
17:01:39.984 [DEBUG] [shim] D-Bus text: "Set 23" (held_track=-1)
17:01:39.987 [DEBUG] [shim] Screen reader: Queued "Set 23" (pending=1)
17:01:39.987 [DEBUG] [shim] Screen reader: "Set 23" (injected 131 bytes to FD 12, serial=16)
17:01:39.987 [DEBUG] [shim] D-Bus signal: com.ableton.move.ScreenReader.text path=/com/ableton/move/screenreader sender=:1.16 arg0="Set 23"
17:01:39.987 [DEBUG] [shim] D-Bus text: "Set 23" (held_track=-1)
17:01:40.004 [DEBUG] [shadow_ui] param_giveup: claim=0 response=0 error=62 last_key=global_settings_module | claimwedge: rt=0 rr=0 blocked=0ms | slow>=90ms: n=0 worst=0ms key=- where=-
17:01:40.106 [DEBUG] [shadow] widgets: id="" params=0 vizKinds=[]
17:01:40.376 [DEBUG] [shadow] widgets: id="" params=0 vizKinds=[]
17:01:40.626 [DEBUG] [shadow] widgets: id="" params=0 vizKinds=[]
17:01:40.904 [DEBUG] [shadow] ui_view: parampages slot=0 component=global_settings step_observe_want=true
17:01:40.907 [DEBUG] [shadow] widgets: id="" params=0 vizKinds=[]
17:01:40.939 [DEBUG] [shadow] param_pages fps: 57 draws / 57 ticks / 1001ms
17:01:41.005 [DEBUG] [shadow_ui] param_giveup: claim=0 response=0 error=61 last_key=global_settings_module | claimwedge: rt=0 rr=0 blocked=0ms | slow>=90ms: n=0 worst=0ms key=- where=-
17:01:41.157 [DEBUG] [shadow] widgets: id="" params=0 vizKinds=[]
17:01:41.427 [DEBUG] [shadow] widgets: id="" params=0 vizKinds=[]
17:01:41.677 [DEBUG] [shadow] widgets: id="" params=0 vizKinds=[]
17:01:41.946 [DEBUG] [shadow] ui_view: parampages slot=0 component=global_settings step_observe_want=true
17:01:41.949 [DEBUG] [shadow] widgets: id="" params=0 vizKinds=[]
17:01:41.950 [DEBUG] [shadow] param_pages fps: 58 draws / 58 ticks / 1011ms
17:01:42.013 [DEBUG] [shadow_ui] param_giveup: claim=0 response=0 error=62 last_key=global_settings_module | claimwedge: rt=0 rr=0 blocked=0ms | slow>=90ms: n=0 worst=0ms key=- where=-
17:01:42.198 [DEBUG] [shadow] widgets: id="" params=0 vizKinds=[]
17:01:42.469 [DEBUG] [shadow] widgets: id="" params=0 vizKinds=[]
17:01:42.719 [DEBUG] [shadow] widgets: id="" params=0 vizKinds=[]
17:01:42.966 [DEBUG] [shadow] param_pages fps: 58 draws / 58 ticks / 1015ms
17:01:42.985 [DEBUG] [shadow] ui_view: parampages slot=0 component=global_settings step_observe_want=true
17:01:42.988 [DEBUG] [shadow] widgets: id="" params=0 vizKinds=[]
17:01:43.003 [DEBUG] [shadow_ui] param_giveup: claim=0 response=0 error=61 last_key=global_settings_module | claimwedge: rt=0 rr=0 blocked=0ms | slow>=90ms: n=0 worst=0ms key=- where=-
17:01:43.241 [DEBUG] [shadow] widgets: id="" params=0 vizKinds=[]
17:01:43.508 [DEBUG] [shadow] widgets: id="" params=0 vizKinds=[]
17:01:43.757 [DEBUG] [shadow] widgets: id="" params=0 vizKinds=[]
17:01:44.004 [DEBUG] [shadow] param_pages fps: 60 draws / 60 ticks / 1039ms
17:01:44.007 [DEBUG] [shadow_ui] param_giveup: claim=0 response=0 error=61 last_key=global_settings_module | claimwedge: rt=0 rr=0 blocked=0ms | slow>=90ms: n=0 worst=0ms key=- where=-
17:01:44.024 [DEBUG] [shadow] ui_view: parampages slot=0 component=global_settings step_observe_want=true
17:01:44.027 [DEBUG] [shadow] widgets: id="" params=0 vizKinds=[]
17:01:44.241 [DEBUG] [spi_timing] Frame(us): total avg=2672 max=2783 | pre avg=108 max=273 | ioctl avg=2546 max=2681 | post avg=16 max=41 | overruns=1
17:01:44.242 [DEBUG] [spi_timing] Pre(us): midi_mon=2/8 fwd_midi=2/57 mix_audio=7/16 ui_req=1/20 param=7/43 fwd_cc=0/0 proc_midi=1/12 jack_stash=1/24 drain_dsp=0/4 jack_wake=0/14 mix_buf=47/86 tts=0/22 display=6/177
17:01:44.242 [DEBUG] [spi_timing] Post(us): clear_leds=2/24 jack_midi=0/3 ui_midi=0/18 flush_leds=7/26 screenreader=0/0 jack_pre=0/2 jack_disp=0/0 pin=0/10 midi_scan=8/27 drain_dsp2=0/16 render=5/22
17:01:44.242 [DEBUG] [spi_timing] Slot render max(us): s0=0 s1=0 s2=0 s3=0 probe_burst_max=0
17:01:44.242 [DEBUG] [spi_timing] Slot synth max(us): s0=0 s1=0 s2=0 s3=0 | Slot fx max(us): s0=0 s1=0 s2=0 s3=0
17:01:44.278 [DEBUG] [shadow] widgets: id="" params=0 vizKinds=[]
17:01:44.550 [DEBUG] [shadow] widgets: id="" params=0 vizKinds=[]
17:01:44.800 [DEBUG] [shadow] widgets: id="" params=0 vizKinds=[]
17:01:45.015 [DEBUG] [shadow_ui] param_giveup: claim=0 response=0 error=64 last_key=global_settings_module | claimwedge: rt=0 rr=0 blocked=0ms | slow>=90ms: n=0 worst=0ms key=- where=-
17:01:45.047 [DEBUG] [shadow] param_pages fps: 60 draws / 60 ticks / 1043ms
17:01:45.070 [DEBUG] [shadow] ui_view: parampages slot=0 component=global_settings step_observe_want=true
17:01:45.073 [DEBUG] [shadow] widgets: id="" params=0 vizKinds=[]
17:01:45.323 [DEBUG] [shadow] widgets: id="" params=0 vizKinds=[]
17:01:45.593 [DEBUG] [shadow] widgets: id="" params=0 vizKinds=[]
17:01:45.842 [DEBUG] [shadow] widgets: id="" params=0 vizKinds=[]
17:01:46.015 [DEBUG] [shadow_ui] param_giveup: claim=0 response=0 error=61 last_key=global_settings_module | claimwedge: rt=0 rr=0 blocked=0ms | slow>=90ms: n=0 worst=0ms key=- where=-
17:01:46.048 [DEBUG] [shadow] param_pages fps: 59 draws / 59 ticks / 1001ms
17:01:46.117 [DEBUG] [shadow] ui_view: parampages slot=0 component=global_settings step_observe_want=true
17:01:46.120 [DEBUG] [shadow] widgets: id="" params=0 vizKinds=[]
17:01:46.373 [DEBUG] [shadow] widgets: id="" params=0 vizKinds=[]
17:01:46.640 [DEBUG] [shadow] widgets: id="" params=0 vizKinds=[]
17:01:46.890 [DEBUG] [shadow] widgets: id="" params=0 vizKinds=[]
17:01:47.002 [DEBUG] [shadow_ui] param_giveup: claim=0 response=0 error=61 last_key=global_settings_module | claimwedge: rt=0 rr=0 blocked=0ms | slow>=90ms: n=0 worst=0ms key=- where=-
17:01:47.055 [DEBUG] [shadow] param_pages fps: 58 draws / 58 ticks / 1007ms
17:01:47.156 [DEBUG] [shadow] ui_view: parampages slot=0 component=global_settings step_observe_want=true
17:01:47.159 [DEBUG] [shadow] widgets: id="" params=0 vizKinds=[]
17:01:47.410 [DEBUG] [shadow] widgets: id="" params=0 vizKinds=[]
17:01:47.680 [DEBUG] [shadow] widgets: id="" params=0 vizKinds=[]
17:01:47.932 [DEBUG] [shadow] widgets: id="" params=0 vizKinds=[]
17:01:48.010 [DEBUG] [shadow_ui] param_giveup: claim=0 response=0 error=62 last_key=global_settings_module | claimwedge: rt=0 rr=0 blocked=0ms | slow>=90ms: n=0 worst=0ms key=- where=-
17:01:48.063 [DEBUG] [shadow] param_pages fps: 58 draws / 58 ticks / 1008ms
17:01:48.196 [DEBUG] [shadow] ui_view: parampages slot=0 component=global_settings step_observe_want=true
17:01:48.199 [DEBUG] [shadow] widgets: id="" params=0 vizKinds=[]
17:01:48.448 [DEBUG] [shadow] widgets: id="" params=0 vizKinds=[]
17:01:48.718 [DEBUG] [shadow] widgets: id="" params=0 vizKinds=[]
17:01:48.968 [DEBUG] [shadow] widgets: id="" params=0 vizKinds=[]
17:01:49.014 [DEBUG] [shadow_ui] param_giveup: claim=0 response=0 error=63 last_key=global_settings_module | claimwedge: rt=0 rr=0 blocked=0ms | slow>=90ms: n=0 worst=0ms key=- where=-
17:01:49.067 [DEBUG] [shadow] param_pages fps: 58 draws / 58 ticks / 1004ms
17:01:49.235 [DEBUG] [shadow] ui_view: parampages slot=0 component=global_settings step_observe_want=true
17:01:49.238 [DEBUG] [shadow] widgets: id="" params=0 vizKinds=[]
17:01:49.242 [DEBUG] [spi_timing] Frame(us): total avg=2671 max=2782 | pre avg=108 max=290 | ioctl avg=2546 max=2684 | post avg=16 max=38 | overruns=1
17:01:49.242 [DEBUG] [spi_timing] Pre(us): midi_mon=2/14 fwd_midi=2/69 mix_audio=7/28 ui_req=1/23 param=7/74 fwd_cc=0/0 proc_midi=1/19 jack_stash=1/12 drain_dsp=0/0 jack_wake=0/23 mix_buf=47/76 tts=0/4 display=6/191
17:01:49.242 [DEBUG] [spi_timing] Post(us): clear_leds=2/26 jack_midi=0/14 ui_midi=0/18 flush_leds=7/13 screenreader=0/6 jack_pre=0/4 jack_disp=0/3 pin=0/28 midi_scan=8/26 drain_dsp2=0/1 render=5/22
17:01:49.242 [DEBUG] [spi_timing] Slot render max(us): s0=0 s1=0 s2=0 s3=0 probe_burst_max=0
17:01:49.242 [DEBUG] [spi_timing] Slot synth max(us): s0=0 s1=0 s2=0 s3=0 | Slot fx max(us): s0=0 s1=0 s2=0 s3=0
17:01:49.490 [DEBUG] [shadow] widgets: id="" params=0 vizKinds=[]
17:01:49.757 [DEBUG] [shadow] widgets: id="" params=0 vizKinds=[]
17:01:50.004 [DEBUG] [shadow_ui] param_giveup: claim=0 response=0 error=60 last_key=global_settings_module | claimwedge: rt=0 rr=0 blocked=0ms | slow>=90ms: n=0 worst=0ms key=- where=-
17:01:50.007 [DEBUG] [shadow] widgets: id="" params=0 vizKinds=[]
17:01:50.068 [DEBUG] [shadow] param_pages fps: 57 draws / 57 ticks / 1001ms
17:01:50.274 [DEBUG] [shadow] ui_view: parampages slot=0 component=global_settings step_observe_want=true
17:01:50.277 [DEBUG] [shadow] widgets: id="" params=0 vizKinds=[]
17:01:50.527 [DEBUG] [shadow] widgets: id="" params=0 vizKinds=[]
17:01:50.797 [DEBUG] [shadow] widgets: id="" params=0 vizKinds=[]
17:01:51.011 [DEBUG] [shadow_ui] param_giveup: claim=0 response=0 error=62 last_key=global_settings_module | claimwedge: rt=0 rr=0 blocked=0ms | slow>=90ms: n=0 worst=0ms key=- where=-
17:01:51.046 [DEBUG] [shadow] widgets: id="" params=0 vizKinds=[]
17:01:51.078 [DEBUG] [shadow] param_pages fps: 59 draws / 59 ticks / 1010ms
17:01:51.322 [DEBUG] [shadow] ui_view: parampages slot=0 component=global_settings step_observe_want=true
17:01:51.325 [DEBUG] [shadow] widgets: id="" params=0 vizKinds=[]
17:01:51.575 [DEBUG] [shadow] widgets: id="" params=0 vizKinds=[]
17:01:51.847 [DEBUG] [shadow] widgets: id="" params=0 vizKinds=[]
17:01:52.010 [DEBUG] [shadow_ui] param_giveup: claim=0 response=0 error=61 last_key=global_settings_module | claimwedge: rt=0 rr=0 blocked=0ms | slow>=90ms: n=0 worst=0ms key=- where=-
17:01:52.097 [DEBUG] [shadow] widgets: id="" params=0 vizKinds=[]
17:01:52.098 [DEBUG] [shadow] param_pages fps: 58 draws / 58 ticks / 1019ms
17:01:52.361 [DEBUG] [shadow] ui_view: parampages slot=0 component=global_settings step_observe_want=true
17:01:52.364 [DEBUG] [shadow] widgets: id="" params=0 vizKinds=[]
17:01:52.613 [DEBUG] [shadow] widgets: id="" params=0 vizKinds=[]
17:01:52.883 [DEBUG] [shadow] widgets: id="" params=0 vizKinds=[]
17:01:53.015 [DEBUG] [shadow_ui] param_giveup: claim=0 response=0 error=63 last_key=global_settings_module | claimwedge: rt=0 rr=0 blocked=0ms | slow>=90ms: n=0 worst=0ms key=- where=-
17:01:53.110 [DEBUG] [shadow] param_pages fps: 58 draws / 58 ticks / 1013ms
17:01:53.133 [DEBUG] [shadow] widgets: id="" params=0 vizKinds=[]
17:01:53.400 [DEBUG] [shadow] ui_view: parampages slot=0 component=global_settings step_observe_want=true
17:01:53.403 [DEBUG] [shadow] widgets: id="" params=0 vizKinds=[]
17:01:53.653 [DEBUG] [shadow] widgets: id="" params=0 vizKinds=[]
17:01:53.923 [DEBUG] [shadow] widgets: id="" params=0 vizKinds=[]
17:01:54.004 [DEBUG] [shadow_ui] param_giveup: claim=0 response=0 error=61 last_key=global_settings_module | claimwedge: rt=0 rr=0 blocked=0ms | slow>=90ms: n=0 worst=0ms key=- where=-
17:01:54.120 [DEBUG] [shadow] param_pages fps: 59 draws / 59 ticks / 1010ms
17:01:54.172 [DEBUG] [shadow] widgets: id="" params=0 vizKinds=[]
17:01:54.242 [DEBUG] [spi_timing] Frame(us): total avg=2673 max=2791 | pre avg=108 max=304 | ioctl avg=2547 max=2691 | post avg=16 max=35 | overruns=1
17:01:54.243 [DEBUG] [spi_timing] Pre(us): midi_mon=2/24 fwd_midi=2/67 mix_audio=7/28 ui_req=1/7 param=7/86 fwd_cc=0/0 proc_midi=1/18 jack_stash=1/5 drain_dsp=0/3 jack_wake=0/17 mix_buf=47/83 tts=0/4 display=6/205
17:01:54.243 [DEBUG] [spi_timing] Post(us): clear_leds=2/13 jack_midi=0/2 ui_midi=0/9 flush_leds=7/29 screenreader=0/0 jack_pre=0/3 jack_disp=0/0 pin=0/18 midi_scan=8/25 drain_dsp2=0/1 render=5/24
17:01:54.243 [DEBUG] [spi_timing] Slot render max(us): s0=0 s1=0 s2=0 s3=0 probe_burst_max=0
17:01:54.243 [DEBUG] [spi_timing] Slot synth max(us): s0=0 s1=0 s2=0 s3=0 | Slot fx max(us): s0=0 s1=0 s2=0 s3=0
17:01:54.439 [DEBUG] [shadow] ui_view: parampages slot=0 component=global_settings step_observe_want=true
17:01:54.442 [DEBUG] [shadow] widgets: id="" params=0 vizKinds=[]
17:01:54.693 [DEBUG] [shadow] widgets: id="" params=0 vizKinds=[]
17:01:54.965 [DEBUG] [shadow] widgets: id="" params=0 vizKinds=[]
17:01:55.011 [DEBUG] [shadow_ui] param_giveup: claim=0 response=0 error=62 last_key=global_settings_module | claimwedge: rt=0 rr=0 blocked=0ms | slow>=90ms: n=0 worst=0ms key=- where=-
17:01:55.127 [DEBUG] [shadow] param_pages fps: 58 draws / 58 ticks / 1007ms
17:01:55.215 [DEBUG] [shadow] widgets: id="" params=0 vizKinds=[]
17:01:55.482 [DEBUG] [shadow] ui_view: parampages slot=0 component=global_settings step_observe_want=true
17:01:55.485 [DEBUG] [shadow] widgets: id="" params=0 vizKinds=[]
17:01:55.735 [DEBUG] [shadow] widgets: id="" params=0 vizKinds=[]
17:01:56.001 [DEBUG] [shadow_ui] param_giveup: claim=0 response=0 error=61 last_key=global_settings_module | claimwedge: rt=0 rr=0 blocked=0ms | slow>=90ms: n=0 worst=0ms key=- where=-
17:01:56.002 [DEBUG] [shadow] widgets: id="" params=0 vizKinds=[]
17:01:56.143 [DEBUG] [shadow] param_pages fps: 58 draws / 58 ticks / 1016ms
17:01:56.254 [DEBUG] [shadow] widgets: id="" params=0 vizKinds=[]
17:01:56.529 [DEBUG] [shadow] ui_view: parampages slot=0 component=global_settings step_observe_want=true
17:01:56.533 [DEBUG] [shadow] widgets: id="" params=0 vizKinds=[]
17:01:56.782 [DEBUG] [shadow] widgets: id="" params=0 vizKinds=[]
17:01:57.031 [DEBUG] [shadow_ui] param_giveup: claim=0 response=0 error=62 last_key=global_settings_module | claimwedge: rt=0 rr=0 blocked=0ms | slow>=90ms: n=0 worst=0ms key=- where=-
17:01:57.052 [DEBUG] [shadow] widgets: id="" params=0 vizKinds=[]
17:01:57.151 [DEBUG] [shadow] param_pages fps: 58 draws / 58 ticks / 1008ms
17:01:57.302 [DEBUG] [shadow] widgets: id="" params=0 vizKinds=[]
17:01:57.568 [DEBUG] [shadow] ui_view: parampages slot=0 component=global_settings step_observe_want=true
17:01:57.571 [DEBUG] [shadow] widgets: id="" params=0 vizKinds=[]
17:01:57.821 [DEBUG] [shadow] widgets: id="" params=0 vizKinds=[]
17:01:58.003 [DEBUG] [shadow_ui] param_giveup: claim=0 response=0 error=62 last_key=global_settings_module | claimwedge: rt=0 rr=0 blocked=0ms | slow>=90ms: n=0 worst=0ms key=- where=-
17:01:58.091 [DEBUG] [shadow] widgets: id="" params=0 vizKinds=[]
17:01:58.155 [DEBUG] [shadow] param_pages fps: 58 draws / 58 ticks / 1004ms
17:01:58.341 [DEBUG] [shadow] widgets: id="" params=0 vizKinds=[]
17:01:58.607 [DEBUG] [shadow] ui_view: parampages slot=0 component=global_settings step_observe_want=true
17:01:58.610 [DEBUG] [shadow] widgets: id="" params=0 vizKinds=[]
17:01:58.860 [DEBUG] [shadow] widgets: id="" params=0 vizKinds=[]
17:01:59.008 [DEBUG] [shadow_ui] param_giveup: claim=0 response=0 error=62 last_key=global_settings_module | claimwedge: rt=0 rr=0 blocked=0ms | slow>=90ms: n=0 worst=0ms key=- where=-
17:01:59.130 [DEBUG] [shadow] widgets: id="" params=0 vizKinds=[]
17:01:59.163 [DEBUG] [shadow] param_pages fps: 58 draws / 58 ticks / 1008ms
17:01:59.243 [DEBUG] [spi_timing] Frame(us): total avg=2673 max=2779 | pre avg=107 max=271 | ioctl avg=2548 max=2680 | post avg=16 max=40 | overruns=1
17:01:59.243 [DEBUG] [spi_timing] Pre(us): midi_mon=2/13 fwd_midi=2/79 mix_audio=7/28 ui_req=1/8 param=7/73 fwd_cc=0/0 proc_midi=1/15 jack_stash=1/23 drain_dsp=0/3 jack_wake=0/4 mix_buf=47/74 tts=0/4 display=6/175
17:01:59.243 [DEBUG] [spi_timing] Post(us): clear_leds=2/11 jack_midi=0/0 ui_midi=0/6 flush_leds=7/30 screenreader=0/0 jack_pre=0/6 jack_disp=0/0 pin=0/21 midi_scan=8/30 drain_dsp2=0/7 render=5/21
17:01:59.243 [DEBUG] [spi_timing] Slot render max(us): s0=0 s1=0 s2=0 s3=0 probe_burst_max=0
17:01:59.243 [DEBUG] [spi_timing] Slot synth max(us): s0=0 s1=0 s2=0 s3=0 | Slot fx max(us): s0=0 s1=0 s2=0 s3=0
17:01:59.379 [DEBUG] [shadow] widgets: id="" params=0 vizKinds=[]
17:01:59.646 [DEBUG] [shadow] ui_view: parampages slot=0 component=global_settings step_observe_want=true
17:01:59.650 [DEBUG] [shadow] widgets: id="" params=0 vizKinds=[]
17:01:59.899 [DEBUG] [shadow] widgets: id="" params=0 vizKinds=[]
17:02:00.012 [DEBUG] [shadow_ui] param_giveup: claim=0 response=0 error=62 last_key=global_settings_module | claimwedge: rt=0 rr=0 blocked=0ms | slow>=90ms: n=0 worst=0ms key=- where=-
17:02:00.169 [DEBUG] [shadow] widgets: id="" params=0 vizKinds=[]
17:02:00.169 [DEBUG] [shadow] param_pages fps: 58 draws / 58 ticks / 1006ms
17:02:00.419 [DEBUG] [shadow] widgets: id="" params=0 vizKinds=[]
17:02:00.686 [DEBUG] [shadow] ui_view: parampages slot=0 component=global_settings step_observe_want=true
17:02:00.689 [DEBUG] [shadow] widgets: id="" params=0 vizKinds=[]
17:02:00.938 [DEBUG] [shadow] widgets: id="" params=0 vizKinds=[]
17:02:01.005 [DEBUG] [shadow_ui] param_giveup: claim=0 response=0 error=61 last_key=global_settings_module | claimwedge: rt=0 rr=0 blocked=0ms | slow>=90ms: n=0 worst=0ms key=- where=-
17:02:01.186 [DEBUG] [shadow] param_pages fps: 58 draws / 58 ticks / 1017ms
17:02:01.211 [DEBUG] [shadow] widgets: id="" params=0 vizKinds=[]
17:02:01.461 [DEBUG] [shadow] widgets: id="" params=0 vizKinds=[]
17:02:01.733 [DEBUG] [shadow] ui_view: parampages slot=0 component=global_settings step_observe_want=true
17:02:01.737 [DEBUG] [shadow] widgets: id="" params=0 vizKinds=[]
17:02:01.987 [DEBUG] [shadow] widgets: id="" params=0 vizKinds=[]
17:02:02.001 [DEBUG] [shadow_ui] param_giveup: claim=0 response=0 error=62 last_key=global_settings_module | claimwedge: rt=0 rr=0 blocked=0ms | slow>=90ms: n=0 worst=0ms key=- where=-
17:02:02.233 [DEBUG] [shadow] param_pages fps: 60 draws / 60 ticks / 1047ms
17:02:02.257 [DEBUG] [shadow] widgets: id="" params=0 vizKinds=[]
17:02:02.506 [DEBUG] [shadow] widgets: id="" params=0 vizKinds=[]
17:02:02.776 [DEBUG] [shadow] ui_view: parampages slot=0 component=global_settings step_observe_want=true
17:02:02.779 [DEBUG] [shadow] widgets: id="" params=0 vizKinds=[]
17:02:03.008 [DEBUG] [shadow_ui] param_giveup: claim=0 response=0 error=61 last_key=global_settings_module | claimwedge: rt=0 rr=0 blocked=0ms | slow>=90ms: n=0 worst=0ms key=- where=-
17:02:03.029 [DEBUG] [shadow] widgets: id="" params=0 vizKinds=[]
17:02:03.272 [DEBUG] [shadow] param_pages fps: 60 draws / 60 ticks / 1039ms
17:02:03.296 [DEBUG] [shadow] widgets: id="" params=0 vizKinds=[]
17:02:03.548 [DEBUG] [shadow] widgets: id="" params=0 vizKinds=[]
17:02:03.813 [DEBUG] [shadow] ui_view: parampages slot=0 component=global_settings step_observe_want=true
17:02:03.815 [DEBUG] [shadow] widgets: id="" params=0 vizKinds=[]
17:02:04.013 [DEBUG] [shadow_ui] param_giveup: claim=0 response=0 error=62 last_key=global_settings_module | claimwedge: rt=0 rr=0 blocked=0ms | slow>=90ms: n=0 worst=0ms key=- where=-
17:02:04.065 [DEBUG] [shadow] widgets: id="" params=0 vizKinds=[]
17:02:04.243 [DEBUG] [spi_timing] Frame(us): total avg=2672 max=2798 | pre avg=107 max=263 | ioctl avg=2547 max=2679 | post avg=16 max=36 | overruns=1
17:02:04.243 [DEBUG] [spi_timing] Pre(us): midi_mon=2/8 fwd_midi=2/63 mix_audio=7/29 ui_req=1/23 param=7/27 fwd_cc=0/0 proc_midi=1/27 jack_stash=1/24 drain_dsp=0/0 jack_wake=0/9 mix_buf=47/86 tts=0/22 display=6/169
17:02:04.243 [DEBUG] [spi_timing] Post(us): clear_leds=2/21 jack_midi=0/3 ui_midi=0/21 flush_leds=7/25 screenreader=0/0 jack_pre=0/4 jack_disp=0/0 pin=0/18 midi_scan=8/26 drain_dsp2=0/1 render=5/19
17:02:04.243 [DEBUG] [spi_timing] Slot render max(us): s0=0 s1=0 s2=0 s3=0 probe_burst_max=0
17:02:04.243 [DEBUG] [spi_timing] Slot synth max(us): s0=0 s1=0 s2=0 s3=0 | Slot fx max(us): s0=0 s1=0 s2=0 s3=0
17:02:04.311 [DEBUG] [shadow] param_pages fps: 60 draws / 60 ticks / 1039ms
17:02:04.334 [DEBUG] [shadow] widgets: id="" params=0 vizKinds=[]
17:02:04.587 [DEBUG] [shadow] widgets: id="" params=0 vizKinds=[]
17:02:04.851 [DEBUG] [shadow] ui_view: parampages slot=0 component=global_settings step_observe_want=true
17:02:04.854 [DEBUG] [shadow] widgets: id="" params=0 vizKinds=[]
17:02:05.002 [DEBUG] [shadow_ui] param_giveup: claim=0 response=0 error=61 last_key=global_settings_module | claimwedge: rt=0 rr=0 blocked=0ms | slow>=90ms: n=0 worst=0ms key=- where=-
17:02:05.106 [DEBUG] [shadow] widgets: id="" params=0 vizKinds=[]
17:02:05.350 [DEBUG] [shadow] param_pages fps: 60 draws / 60 ticks / 1039ms
17:02:05.374 [DEBUG] [shadow] widgets: id="" params=0 vizKinds=[]
17:02:05.487 [DEBUG] [shim] boot-healthy: touched the healthy marker
17:02:05.623 [DEBUG] [shadow] widgets: id="" params=0 vizKinds=[]
17:02:05.891 [DEBUG] [shadow] ui_view: parampages slot=0 component=global_settings step_observe_want=true
17:02:05.894 [DEBUG] [shadow] widgets: id="" params=0 vizKinds=[]
17:02:06.006 [DEBUG] [shadow_ui] param_giveup: claim=0 response=0 error=62 last_key=global_settings_module | claimwedge: rt=0 rr=0 blocked=0ms | slow>=90ms: n=0 worst=0ms key=- where=-
17:02:06.143 [DEBUG] [shadow] widgets: id="" params=0 vizKinds=[]
17:02:06.390 [DEBUG] [shadow] param_pages fps: 60 draws / 60 ticks / 1039ms
17:02:06.413 [DEBUG] [shadow] widgets: id="" params=0 vizKinds=[]
17:02:06.662 [DEBUG] [shadow] widgets: id="" params=0 vizKinds=[]
17:02:06.941 [DEBUG] [shadow] ui_view: parampages slot=0 component=global_settings step_observe_want=true
17:02:06.944 [DEBUG] [shadow] widgets: id="" params=0 vizKinds=[]
17:02:07.008 [DEBUG] [shadow_ui] param_giveup: claim=0 response=0 error=62 last_key=global_settings_module | claimwedge: rt=0 rr=0 blocked=0ms | slow>=90ms: n=0 worst=0ms key=- where=-
17:02:07.193 [DEBUG] [shadow] widgets: id="" params=0 vizKinds=[]
17:02:07.392 [DEBUG] [shadow] param_pages fps: 59 draws / 59 ticks / 1003ms
17:02:07.460 [DEBUG] [shadow] widgets: id="" params=0 vizKinds=[]
17:02:07.711 [DEBUG] [shadow] widgets: id="" params=0 vizKinds=[]
17:02:07.977 [DEBUG] [shadow] ui_view: parampages slot=0 component=global_settings step_observe_want=true
17:02:07.980 [DEBUG] [shadow] widgets: id="" params=0 vizKinds=[]
17:02:08.012 [DEBUG] [shadow_ui] param_giveup: claim=0 response=0 error=62 last_key=global_settings_module | claimwedge: rt=0 rr=0 blocked=0ms | slow>=90ms: n=0 worst=0ms key=- where=-
17:02:08.230 [DEBUG] [shadow] widgets: id="" params=0 vizKinds=[]
17:02:08.396 [DEBUG] [shadow] param_pages fps: 58 draws / 58 ticks / 1004ms
17:02:08.500 [DEBUG] [shadow] widgets: id="" params=0 vizKinds=[]
17:02:08.749 [DEBUG] [shadow] widgets: id="" params=0 vizKinds=[]
17:02:09.016 [DEBUG] [shadow_ui] param_giveup: claim=0 response=0 error=61 last_key=global_settings_module | claimwedge: rt=0 rr=0 blocked=0ms | slow>=90ms: n=0 worst=0ms key=- where=-
17:02:09.017 [DEBUG] [shadow] ui_view: parampages slot=0 component=global_settings step_observe_want=true
17:02:09.019 [DEBUG] [shadow] widgets: id="" params=0 vizKinds=[]
17:02:09.243 [DEBUG] [spi_timing] Frame(us): total avg=2672 max=2804 | pre avg=108 max=306 | ioctl avg=2546 max=2694 | post avg=16 max=32 | overruns=1
17:02:09.243 [DEBUG] [spi_timing] Pre(us): midi_mon=2/20 fwd_midi=2/59 mix_audio=7/30 ui_req=1/20 param=7/69 fwd_cc=0/3 proc_midi=1/22 jack_stash=1/13 drain_dsp=0/2 jack_wake=0/3 mix_buf=47/77 tts=0/5 display=6/186
17:02:09.243 [DEBUG] [spi_timing] Post(us): clear_leds=2/30 jack_midi=0/3 ui_midi=0/22 flush_leds=7/28 screenreader=0/0 jack_pre=0/0 jack_disp=0/0 pin=0/23 midi_scan=8/24 drain_dsp2=0/5 render=5/20
17:02:09.243 [DEBUG] [spi_timing] Slot render max(us): s0=0 s1=0 s2=0 s3=0 probe_burst_max=0
17:02:09.244 [DEBUG] [spi_timing] Slot synth max(us): s0=0 s1=0 s2=0 s3=0 | Slot fx max(us): s0=0 s1=0 s2=0 s3=0
17:02:09.269 [DEBUG] [shadow] widgets: id="" params=0 vizKinds=[]
17:02:09.400 [DEBUG] [shadow] param_pages fps: 58 draws / 58 ticks / 1004ms
17:02:09.539 [DEBUG] [shadow] widgets: id="" params=0 vizKinds=[]
17:02:09.788 [DEBUG] [shadow] widgets: id="" params=0 vizKinds=[]
17:02:10.003 [DEBUG] [shadow_ui] param_giveup: claim=0 response=0 error=62 last_key=global_settings_module | claimwedge: rt=0 rr=0 blocked=0ms | slow>=90ms: n=0 worst=0ms key=- where=-
17:02:10.055 [DEBUG] [shadow] ui_view: parampages slot=0 component=global_settings step_observe_want=true
17:02:10.058 [DEBUG] [shadow] widgets: id="" params=0 vizKinds=[]
17:02:10.308 [DEBUG] [shadow] widgets: id="" params=0 vizKinds=[]
17:02:10.407 [DEBUG] [shadow] param_pages fps: 58 draws / 58 ticks / 1007ms
17:02:10.578 [DEBUG] [shadow] widgets: id="" params=0 vizKinds=[]
17:02:10.828 [DEBUG] [shadow] widgets: id="" params=0 vizKinds=[]
17:02:11.011 [DEBUG] [shadow_ui] param_giveup: claim=0 response=0 error=63 last_key=global_settings_module | claimwedge: rt=0 rr=0 blocked=0ms | slow>=90ms: n=0 worst=0ms key=- where=-
17:02:11.094 [DEBUG] [shadow] ui_view: parampages slot=0 component=global_settings step_observe_want=true
17:02:11.099 [DEBUG] [shadow] widgets: id="" params=0 vizKinds=[]
17:02:11.350 [DEBUG] [shadow] widgets: id="" params=0 vizKinds=[]
17:02:11.408 [DEBUG] [shadow] param_pages fps: 57 draws / 57 ticks / 1001ms
17:02:11.618 [DEBUG] [shadow] widgets: id="" params=0 vizKinds=[]
17:02:11.868 [DEBUG] [shadow] widgets: id="" params=0 vizKinds=[]
17:02:12.015 [DEBUG] [shadow_ui] param_giveup: claim=0 response=0 error=62 last_key=global_settings_module | claimwedge: rt=0 rr=0 blocked=0ms | slow>=90ms: n=0 worst=0ms key=- where=-
17:02:12.143 [DEBUG] [shadow] ui_view: parampages slot=0 component=global_settings step_observe_want=true
17:02:12.146 [DEBUG] [shadow] widgets: id="" params=0 vizKinds=[]
17:02:12.396 [DEBUG] [shadow] widgets: id="" params=0 vizKinds=[]
17:02:12.410 [DEBUG] [shadow] param_pages fps: 58 draws / 58 ticks / 1002ms
17:02:12.666 [DEBUG] [shadow] widgets: id="" params=0 vizKinds=[]
17:02:12.915 [DEBUG] [shadow] widgets: id="" params=0 vizKinds=[]
17:02:13.013 [DEBUG] [shadow_ui] param_giveup: claim=0 response=0 error=61 last_key=global_settings_module | claimwedge: rt=0 rr=0 blocked=0ms | slow>=90ms: n=0 worst=0ms key=- where=-
17:02:13.182 [DEBUG] [shadow] ui_view: parampages slot=0 component=global_settings step_observe_want=true
17:02:13.185 [DEBUG] [shadow] widgets: id="" params=0 vizKinds=[]
17:02:13.411 [DEBUG] [shadow] param_pages fps: 57 draws / 57 ticks / 1001ms
17:02:13.434 [DEBUG] [shadow] widgets: id="" params=0 vizKinds=[]
17:02:13.705 [DEBUG] [shadow] widgets: id="" params=0 vizKinds=[]
17:02:13.954 [DEBUG] [shadow] widgets: id="" params=0 vizKinds=[]
17:02:14.004 [DEBUG] [shadow_ui] param_giveup: claim=0 response=0 error=61 last_key=global_settings_module | claimwedge: rt=0 rr=0 blocked=0ms | slow>=90ms: n=0 worst=0ms key=- where=-
17:02:14.224 [DEBUG] [shadow] ui_view: parampages slot=0 component=global_settings step_observe_want=true
17:02:14.228 [DEBUG] [shadow] widgets: id="" params=0 vizKinds=[]
17:02:14.244 [DEBUG] [spi_timing] Frame(us): total avg=2670 max=2796 | pre avg=107 max=315 | ioctl avg=2545 max=2697 | post avg=16 max=43 | overruns=1
17:02:14.244 [DEBUG] [spi_timing] Pre(us): midi_mon=2/11 fwd_midi=2/60 mix_audio=7/27 ui_req=1/18 param=7/76 fwd_cc=0/0 proc_midi=1/7 jack_stash=1/4 drain_dsp=0/2 jack_wake=0/6 mix_buf=47/77 tts=0/4 display=6/194
17:02:14.244 [DEBUG] [spi_timing] Post(us): clear_leds=2/12 jack_midi=0/2 ui_midi=0/5 flush_leds=7/28 screenreader=0/0 jack_pre=0/2 jack_disp=0/2 pin=0/3 midi_scan=8/28 drain_dsp2=0/1 render=5/23
17:02:14.244 [DEBUG] [spi_timing] Slot render max(us): s0=0 s1=0 s2=0 s3=0 probe_burst_max=0
17:02:14.244 [DEBUG] [spi_timing] Slot synth max(us): s0=0 s1=0 s2=0 s3=0 | Slot fx max(us): s0=0 s1=0 s2=0 s3=0
17:02:14.424 [DEBUG] [shadow] param_pages fps: 59 draws / 59 ticks / 1013ms
17:02:14.476 [DEBUG] [shadow] widgets: id="" params=0 vizKinds=[]
17:02:14.746 [DEBUG] [shadow] widgets: id="" params=0 vizKinds=[]
17:02:14.999 [DEBUG] [shadow] widgets: id="" params=0 vizKinds=[]
17:02:15.010 [DEBUG] [shadow_ui] param_giveup: claim=0 response=0 error=62 last_key=global_settings_module | claimwedge: rt=0 rr=0 blocked=0ms | slow>=90ms: n=0 worst=0ms key=- where=-
17:02:15.266 [DEBUG] [shadow] ui_view: parampages slot=0 component=global_settings step_observe_want=true
17:02:15.269 [DEBUG] [shadow] widgets: id="" params=0 vizKinds=[]
17:02:15.432 [DEBUG] [shadow] param_pages fps: 58 draws / 58 ticks / 1008ms
17:02:15.519 [DEBUG] [shadow] widgets: id="" params=0 vizKinds=[]
17:02:15.789 [DEBUG] [shadow] widgets: id="" params=0 vizKinds=[]
17:02:16.003 [DEBUG] [shadow_ui] param_giveup: claim=0 response=0 error=61 last_key=global_settings_module | claimwedge: rt=0 rr=0 blocked=0ms | slow>=90ms: n=0 worst=0ms key=- where=-
17:02:16.038 [DEBUG] [shadow] widgets: id="" params=0 vizKinds=[]
17:02:16.305 [DEBUG] [shadow] ui_view: parampages slot=0 component=global_settings step_observe_want=true
17:02:16.308 [DEBUG] [shadow] widgets: id="" params=0 vizKinds=[]
17:02:16.450 [DEBUG] [shadow] param_pages fps: 58 draws / 58 ticks / 1018ms
17:02:16.561 [DEBUG] [shadow] widgets: id="" params=0 vizKinds=[]
17:02:16.828 [DEBUG] [shadow] widgets: id="" params=0 vizKinds=[]
17:02:17.007 [DEBUG] [shadow_ui] param_giveup: claim=0 response=0 error=62 last_key=global_settings_module | claimwedge: rt=0 rr=0 blocked=0ms | slow>=90ms: n=0 worst=0ms key=- where=-
17:02:17.077 [DEBUG] [shadow] widgets: id="" params=0 vizKinds=[]
17:02:17.350 [DEBUG] [shadow] ui_view: parampages slot=0 component=global_settings step_observe_want=true
17:02:17.353 [DEBUG] [shadow] widgets: id="" params=0 vizKinds=[]
17:02:17.452 [DEBUG] [shadow] param_pages fps: 58 draws / 58 ticks / 1002ms
17:02:17.603 [DEBUG] [shadow] widgets: id="" params=0 vizKinds=[]
17:02:17.873 [DEBUG] [shadow] widgets: id="" params=0 vizKinds=[]
17:02:18.003 [DEBUG] [shadow_ui] param_giveup: claim=0 response=0 error=61 last_key=global_settings_module | claimwedge: rt=0 rr=0 blocked=0ms | slow>=90ms: n=0 worst=0ms key=- where=-
17:02:18.122 [DEBUG] [shadow] widgets: id="" params=0 vizKinds=[]
17:02:18.393 [DEBUG] [shadow] ui_view: parampages slot=0 component=global_settings step_observe_want=true
17:02:18.395 [DEBUG] [shadow] widgets: id="" params=0 vizKinds=[]
17:02:18.456 [DEBUG] [shadow] param_pages fps: 58 draws / 58 ticks / 1004ms
17:02:18.645 [DEBUG] [shadow] widgets: id="" params=0 vizKinds=[]
17:02:18.913 [DEBUG] [shadow] widgets: id="" params=0 vizKinds=[]
17:02:19.011 [DEBUG] [shadow_ui] param_giveup: claim=0 response=0 error=62 last_key=global_settings_module | claimwedge: rt=0 rr=0 blocked=0ms | slow>=90ms: n=0 worst=0ms key=- where=-
17:02:19.162 [DEBUG] [shadow] widgets: id="" params=0 vizKinds=[]
17:02:19.244 [DEBUG] [spi_timing] Frame(us): total avg=2672 max=2789 | pre avg=108 max=284 | ioctl avg=2546 max=2687 | post avg=16 max=37 | overruns=1
17:02:19.244 [DEBUG] [spi_timing] Pre(us): midi_mon=2/12 fwd_midi=2/65 mix_audio=7/30 ui_req=1/23 param=7/70 fwd_cc=0/0 proc_midi=1/8 jack_stash=1/23 drain_dsp=0/4 jack_wake=0/4 mix_buf=47/83 tts=0/4 display=6/188
17:02:19.244 [DEBUG] [spi_timing] Post(us): clear_leds=2/8 jack_midi=0/7 ui_midi=0/8 flush_leds=7/31 screenreader=0/2 jack_pre=0/2 jack_disp=0/0 pin=0/8 midi_scan=8/26 drain_dsp2=0/5 render=5/24
17:02:19.244 [DEBUG] [spi_timing] Slot render max(us): s0=0 s1=0 s2=0 s3=0 probe_burst_max=0
17:02:19.244 [DEBUG] [spi_timing] Slot synth max(us): s0=0 s1=0 s2=0 s3=0 | Slot fx max(us): s0=0 s1=0 s2=0 s3=0
17:02:19.428 [DEBUG] [shadow] ui_view: parampages slot=0 component=global_settings step_observe_want=true
17:02:19.431 [DEBUG] [shadow] widgets: id="" params=0 vizKinds=[]
17:02:19.463 [DEBUG] [shadow] param_pages fps: 58 draws / 58 ticks / 1007ms
17:02:19.681 [DEBUG] [shadow] widgets: id="" params=0 vizKinds=[]
17:02:19.951 [DEBUG] [shadow] widgets: id="" params=0 vizKinds=[]
17:02:20.000 [DEBUG] [shadow_ui] param_giveup: claim=0 response=0 error=62 last_key=global_settings_module | claimwedge: rt=0 rr=0 blocked=0ms | slow>=90ms: n=0 worst=0ms key=- where=-
17:02:20.203 [DEBUG] [shadow] widgets: id="" params=0 vizKinds=[]
17:02:20.470 [DEBUG] [shadow] ui_view: parampages slot=0 component=global_settings step_observe_want=true
17:02:20.473 [DEBUG] [shadow] widgets: id="" params=0 vizKinds=[]
17:02:20.474 [DEBUG] [shadow] param_pages fps: 58 draws / 58 ticks / 1011ms
17:02:20.726 [DEBUG] [shadow] widgets: id="" params=0 vizKinds=[]
17:02:20.993 [DEBUG] [shadow] widgets: id="" params=0 vizKinds=[]
17:02:21.007 [DEBUG] [shadow_ui] param_giveup: claim=0 response=0 error=62 last_key=global_settings_module | claimwedge: rt=0 rr=0 blocked=0ms | slow>=90ms: n=0 worst=0ms key=- where=-
17:02:21.242 [DEBUG] [shadow] widgets: id="" params=0 vizKinds=[]
17:02:21.490 [DEBUG] [shadow] param_pages fps: 58 draws / 58 ticks / 1016ms
17:02:21.513 [DEBUG] [shadow] ui_view: parampages slot=0 component=global_settings step_observe_want=true
17:02:21.516 [DEBUG] [shadow] widgets: id="" params=0 vizKinds=[]
17:02:21.765 [DEBUG] [shadow] widgets: id="" params=0 vizKinds=[]
17:02:22.012 [DEBUG] [shadow_ui] param_giveup: claim=0 response=0 error=61 last_key=global_settings_module | claimwedge: rt=0 rr=0 blocked=0ms | slow>=90ms: n=0 worst=0ms key=- where=-
17:02:22.032 [DEBUG] [shadow] widgets: id="" params=0 vizKinds=[]
17:02:22.282 [DEBUG] [shadow] widgets: id="" params=0 vizKinds=[]
17:02:22.534 [DEBUG] [shadow] param_pages fps: 60 draws / 60 ticks / 1044ms
17:02:22.555 [DEBUG] [shadow] ui_view: parampages slot=0 component=global_settings step_observe_want=true
17:02:22.557 [DEBUG] [shadow] widgets: id="" params=0 vizKinds=[]
17:02:22.807 [DEBUG] [shadow] widgets: id="" params=0 vizKinds=[]
17:02:23.004 [DEBUG] [shadow_ui] param_giveup: claim=0 response=0 error=62 last_key=global_settings_module | claimwedge: rt=0 rr=0 blocked=0ms | slow>=90ms: n=0 worst=0ms key=- where=-
17:02:23.077 [DEBUG] [shadow] widgets: id="" params=0 vizKinds=[]
17:02:23.327 [DEBUG] [shadow] widgets: id="" params=0 vizKinds=[]
17:02:23.574 [DEBUG] [shadow] param_pages fps: 60 draws / 60 ticks / 1040ms
17:02:23.597 [DEBUG] [shadow] ui_view: parampages slot=0 component=global_settings step_observe_want=true
17:02:23.600 [DEBUG] [shadow] widgets: id="" params=0 vizKinds=[]
17:02:23.849 [DEBUG] [shadow] widgets: id="" params=0 vizKinds=[]
17:02:24.012 [DEBUG] [shadow_ui] param_giveup: claim=0 response=0 error=63 last_key=global_settings_module | claimwedge: rt=0 rr=0 blocked=0ms | slow>=90ms: n=0 worst=0ms key=- where=-
17:02:24.116 [DEBUG] [shadow] widgets: id="" params=0 vizKinds=[]
17:02:24.244 [DEBUG] [spi_timing] Frame(us): total avg=2670 max=2788 | pre avg=107 max=272 | ioctl avg=2545 max=2678 | post avg=16 max=39 | overruns=1
17:02:24.244 [DEBUG] [spi_timing] Pre(us): midi_mon=2/8 fwd_midi=2/60 mix_audio=7/28 ui_req=1/11 param=7/36 fwd_cc=0/3 proc_midi=1/11 jack_stash=1/27 drain_dsp=0/8 jack_wake=0/22 mix_buf=47/72 tts=0/16 display=6/174
17:02:24.244 [DEBUG] [spi_timing] Post(us): clear_leds=2/23 jack_midi=0/22 ui_midi=0/6 flush_leds=7/28 screenreader=0/0 jack_pre=0/5 jack_disp=0/0 pin=0/21 midi_scan=8/23 drain_dsp2=0/1 render=5/27
17:02:24.244 [DEBUG] [spi_timing] Slot render max(us): s0=0 s1=0 s2=0 s3=0 probe_burst_max=0
17:02:24.244 [DEBUG] [spi_timing] Slot synth max(us): s0=0 s1=0 s2=0 s3=0 | Slot fx max(us): s0=0 s1=0 s2=0 s3=0
17:02:24.366 [DEBUG] [shadow] widgets: id="" params=0 vizKinds=[]
17:02:24.613 [DEBUG] [shadow] param_pages fps: 60 draws / 60 ticks / 1039ms
17:02:24.636 [DEBUG] [shadow] ui_view: parampages slot=0 component=global_settings step_observe_want=true
17:02:24.639 [DEBUG] [shadow] widgets: id="" params=0 vizKinds=[]
17:02:24.889 [DEBUG] [shadow] widgets: id="" params=0 vizKinds=[]
17:02:25.001 [DEBUG] [shadow_ui] param_giveup: claim=0 response=0 error=61 last_key=global_settings_module | claimwedge: rt=0 rr=0 blocked=0ms | slow>=90ms: n=0 worst=0ms key=- where=-
17:02:25.158 [DEBUG] [shadow] widgets: id="" params=0 vizKinds=[]
17:02:25.408 [DEBUG] [shadow] widgets: id="" params=0 vizKinds=[]
17:02:25.654 [DEBUG] [shadow] param_pages fps: 60 draws / 60 ticks / 1041ms
17:02:25.675 [DEBUG] [shadow] ui_view: parampages slot=0 component=global_settings step_observe_want=true
17:02:25.678 [DEBUG] [shadow] widgets: id="" params=0 vizKinds=[]
17:02:25.927 [DEBUG] [shadow] widgets: id="" params=0 vizKinds=[]
17:02:26.008 [DEBUG] [shadow_ui] param_giveup: claim=0 response=0 error=62 last_key=global_settings_module | claimwedge: rt=0 rr=0 blocked=0ms | slow>=90ms: n=0 worst=0ms key=- where=-
17:02:26.197 [DEBUG] [shadow] widgets: id="" params=0 vizKinds=[]
17:02:26.448 [DEBUG] [shadow] widgets: id="" params=0 vizKinds=[]
17:02:26.693 [DEBUG] [shadow] param_pages fps: 60 draws / 60 ticks / 1039ms
17:02:26.714 [DEBUG] [shadow] ui_view: parampages slot=0 component=global_settings step_observe_want=true
17:02:26.717 [DEBUG] [shadow] widgets: id="" params=0 vizKinds=[]
17:02:26.966 [DEBUG] [shadow] widgets: id="" params=0 vizKinds=[]
17:02:27.016 [DEBUG] [shadow_ui] param_giveup: claim=0 response=0 error=62 last_key=global_settings_module | claimwedge: rt=0 rr=0 blocked=0ms | slow>=90ms: n=0 worst=0ms key=- where=-
17:02:27.236 [DEBUG] [shadow] widgets: id="" params=0 vizKinds=[]
17:02:27.487 [DEBUG] [shadow] widgets: id="" params=0 vizKinds=[]
17:02:27.693 [DEBUG] [shadow] param_pages fps: 59 draws / 59 ticks / 1000ms
17:02:27.762 [DEBUG] [shadow] ui_view: parampages slot=0 component=global_settings step_observe_want=true
17:02:27.766 [DEBUG] [shadow] widgets: id="" params=0 vizKinds=[]
17:02:28.011 [DEBUG] [shadow_ui] param_giveup: claim=0 response=0 error=60 last_key=global_settings_module | claimwedge: rt=0 rr=0 blocked=0ms | slow>=90ms: n=0 worst=0ms key=- where=-
17:02:28.014 [DEBUG] [shadow] widgets: id="" params=0 vizKinds=[]
17:02:28.284 [DEBUG] [shadow] widgets: id="" params=0 vizKinds=[]
17:02:28.534 [DEBUG] [shadow] widgets: id="" params=0 vizKinds=[]
17:02:28.700 [DEBUG] [shadow] param_pages fps: 58 draws / 58 ticks / 1007ms
17:02:28.801 [DEBUG] [shadow] ui_view: parampages slot=0 component=global_settings step_observe_want=true
17:02:28.804 [DEBUG] [shadow] widgets: id="" params=0 vizKinds=[]
17:02:29.002 [DEBUG] [shadow_ui] param_giveup: claim=0 response=0 error=62 last_key=global_settings_module | claimwedge: rt=0 rr=0 blocked=0ms | slow>=90ms: n=0 worst=0ms key=- where=-
17:02:29.053 [DEBUG] [shadow] widgets: id="" params=0 vizKinds=[]
17:02:29.245 [DEBUG] [spi_timing] Frame(us): total avg=2670 max=2787 | pre avg=108 max=283 | ioctl avg=2544 max=2674 | post avg=16 max=41 | overruns=1
17:02:29.245 [DEBUG] [spi_timing] Pre(us): midi_mon=2/23 fwd_midi=2/60 mix_audio=7/18 ui_req=1/18 param=7/75 fwd_cc=0/2 proc_midi=1/7 jack_stash=1/5 drain_dsp=0/1 jack_wake=0/4 mix_buf=47/78 tts=0/7 display=6/188
17:02:29.245 [DEBUG] [spi_timing] Post(us): clear_leds=2/25 jack_midi=0/3 ui_midi=0/5 flush_leds=7/29 screenreader=0/0 jack_pre=0/18 jack_disp=0/0 pin=0/1 midi_scan=8/24 drain_dsp2=0/6 render=5/23
17:02:29.245 [DEBUG] [spi_timing] Slot render max(us): s0=0 s1=0 s2=0 s3=0 probe_burst_max=0
17:02:29.245 [DEBUG] [spi_timing] Slot synth max(us): s0=0 s1=0 s2=0 s3=0 | Slot fx max(us): s0=0 s1=0 s2=0 s3=0
17:02:29.323 [DEBUG] [shadow] widgets: id="" params=0 vizKinds=[]
17:02:29.574 [DEBUG] [shadow] widgets: id="" params=0 vizKinds=[]
17:02:29.704 [DEBUG] [shadow] param_pages fps: 58 draws / 58 ticks / 1004ms
17:02:29.841 [DEBUG] [shadow] ui_view: parampages slot=0 component=global_settings step_observe_want=true
17:02:29.844 [DEBUG] [shadow] widgets: id="" params=0 vizKinds=[]
17:02:30.009 [DEBUG] [shadow_ui] param_giveup: claim=0 response=0 error=62 last_key=global_settings_module | claimwedge: rt=0 rr=0 blocked=0ms | slow>=90ms: n=0 worst=0ms key=- where=-
17:02:30.093 [DEBUG] [shadow] widgets: id="" params=0 vizKinds=[]
17:02:30.363 [DEBUG] [shadow] widgets: id="" params=0 vizKinds=[]
17:02:30.612 [DEBUG] [shadow] widgets: id="" params=0 vizKinds=[]
17:02:30.711 [DEBUG] [shadow] param_pages fps: 58 draws / 58 ticks / 1007ms
17:02:30.879 [DEBUG] [shadow] ui_view: parampages slot=0 component=global_settings step_observe_want=true
17:02:30.882 [DEBUG] [shadow] widgets: id="" params=0 vizKinds=[]
17:02:31.013 [DEBUG] [shadow_ui] param_giveup: claim=0 response=0 error=62 last_key=global_settings_module | claimwedge: rt=0 rr=0 blocked=0ms | slow>=90ms: n=0 worst=0ms key=- where=-
17:02:31.132 [DEBUG] [shadow] widgets: id="" params=0 vizKinds=[]
17:02:31.402 [DEBUG] [shadow] widgets: id="" params=0 vizKinds=[]
17:02:31.652 [DEBUG] [shadow] widgets: id="" params=0 vizKinds=[]
17:02:31.716 [DEBUG] [shadow] param_pages fps: 58 draws / 58 ticks / 1004ms
17:02:31.918 [DEBUG] [shadow] ui_view: parampages slot=0 component=global_settings step_observe_want=true
17:02:31.922 [DEBUG] [shadow] widgets: id="" params=0 vizKinds=[]
17:02:32.003 [DEBUG] [shadow_ui] param_giveup: claim=0 response=0 error=61 last_key=global_settings_module | claimwedge: rt=0 rr=0 blocked=0ms | slow>=90ms: n=0 worst=0ms key=- where=-
17:02:32.172 [DEBUG] [shadow] widgets: id="" params=0 vizKinds=[]
17:02:32.441 [DEBUG] [shadow] widgets: id="" params=0 vizKinds=[]
17:02:32.691 [DEBUG] [shadow] widgets: id="" params=0 vizKinds=[]
17:02:32.723 [DEBUG] [shadow] param_pages fps: 58 draws / 58 ticks / 1008ms
17:02:32.964 [DEBUG] [shadow] ui_view: parampages slot=0 component=global_settings step_observe_want=true
17:02:32.966 [DEBUG] [shadow] widgets: id="" params=0 vizKinds=[]
17:02:33.013 [DEBUG] [shadow_ui] param_giveup: claim=0 response=0 error=63 last_key=global_settings_module | claimwedge: rt=0 rr=0 blocked=0ms | slow>=90ms: n=0 worst=0ms key=- where=-
17:02:33.217 [DEBUG] [shadow] widgets: id="" params=0 vizKinds=[]
17:02:33.486 [DEBUG] [shadow] widgets: id="" params=0 vizKinds=[]
17:02:33.739 [DEBUG] [shadow] widgets: id="" params=0 vizKinds=[]
17:02:33.739 [DEBUG] [shadow] param_pages fps: 58 draws / 58 ticks / 1016ms
17:02:34.003 [DEBUG] [shadow_ui] param_giveup: claim=0 response=0 error=60 last_key=global_settings_module | claimwedge: rt=0 rr=0 blocked=0ms | slow>=90ms: n=0 worst=0ms key=- where=-
17:02:34.003 [DEBUG] [shadow] ui_view: parampages slot=0 component=global_settings step_observe_want=true
17:02:34.005 [DEBUG] [shadow] widgets: id="" params=0 vizKinds=[]
17:02:34.245 [DEBUG] [spi_timing] Frame(us): total avg=2672 max=2784 | pre avg=108 max=304 | ioctl avg=2546 max=2686 | post avg=16 max=37 | overruns=1
17:02:34.245 [DEBUG] [spi_timing] Pre(us): midi_mon=2/22 fwd_midi=2/70 mix_audio=7/32 ui_req=1/22 param=7/73 fwd_cc=0/5 proc_midi=1/23 jack_stash=1/7 drain_dsp=0/3 jack_wake=0/3 mix_buf=47/86 tts=0/2 display=6/201
17:02:34.245 [DEBUG] [spi_timing] Post(us): clear_leds=2/6 jack_midi=0/1 ui_midi=0/4 flush_leds=7/26 screenreader=0/2 jack_pre=0/0 jack_disp=0/3 pin=0/3 midi_scan=8/27 drain_dsp2=0/6 render=5/26
17:02:34.245 [DEBUG] [spi_timing] Slot render max(us): s0=0 s1=0 s2=0 s3=0 probe_burst_max=0
17:02:34.245 [DEBUG] [spi_timing] Slot synth max(us): s0=0 s1=0 s2=0 s3=0 | Slot fx max(us): s0=0 s1=0 s2=0 s3=0
17:02:34.258 [DEBUG] [shadow] widgets: id="" params=0 vizKinds=[]
17:02:34.526 [DEBUG] [shadow] widgets: id="" params=0 vizKinds=[]
17:02:34.751 [DEBUG] [shadow] param_pages fps: 58 draws / 58 ticks / 1012ms
17:02:34.776 [DEBUG] [shadow] widgets: id="" params=0 vizKinds=[]
17:02:35.024 [DEBUG] [shadow_ui] param_giveup: claim=0 response=0 error=63 last_key=global_settings_module | claimwedge: rt=0 rr=0 blocked=0ms | slow>=90ms: n=0 worst=0ms key=- where=-
17:02:35.043 [DEBUG] [shadow] ui_view: parampages slot=0 component=global_settings step_observe_want=true
17:02:35.046 [DEBUG] [shadow] widgets: id="" params=0 vizKinds=[]
17:02:35.295 [DEBUG] [shadow] widgets: id="" params=0 vizKinds=[]
17:02:35.565 [DEBUG] [shadow] widgets: id="" params=0 vizKinds=[]
17:02:35.762 [DEBUG] [shadow] param_pages fps: 59 draws / 59 ticks / 1011ms
17:02:35.814 [DEBUG] [shadow] widgets: id="" params=0 vizKinds=[]
17:02:36.011 [DEBUG] [shadow_ui] param_giveup: claim=0 response=0 error=62 last_key=global_settings_module | claimwedge: rt=0 rr=0 blocked=0ms | slow>=90ms: n=0 worst=0ms key=- where=-
17:02:36.084 [DEBUG] [shadow] ui_view: parampages slot=0 component=global_settings step_observe_want=true
17:02:36.087 [DEBUG] [shadow] widgets: id="" params=0 vizKinds=[]
17:02:36.337 [DEBUG] [shadow] widgets: id="" params=0 vizKinds=[]
17:02:36.603 [DEBUG] [shadow] widgets: id="" params=0 vizKinds=[]
17:02:36.770 [DEBUG] [shadow] param_pages fps: 58 draws / 58 ticks / 1008ms
17:02:36.856 [DEBUG] [shadow] widgets: id="" params=0 vizKinds=[]
17:02:37.019 [DEBUG] [shadow_ui] param_giveup: claim=0 response=0 error=62 last_key=global_settings_module | claimwedge: rt=0 rr=0 blocked=0ms | slow>=90ms: n=0 worst=0ms key=- where=-
17:02:37.120 [DEBUG] [shadow] ui_view: parampages slot=0 component=global_settings step_observe_want=true
17:02:37.123 [DEBUG] [shadow] widgets: id="" params=0 vizKinds=[]
17:02:37.373 [DEBUG] [shadow] widgets: id="" params=0 vizKinds=[]
17:02:37.643 [DEBUG] [shadow] widgets: id="" params=0 vizKinds=[]
17:02:37.785 [DEBUG] [shadow] param_pages fps: 58 draws / 58 ticks / 1015ms
17:02:37.893 [DEBUG] [shadow] widgets: id="" params=0 vizKinds=[]
17:02:38.005 [DEBUG] [shadow_ui] param_giveup: claim=0 response=0 error=62 last_key=global_settings_module | claimwedge: rt=0 rr=0 blocked=0ms | slow>=90ms: n=0 worst=0ms key=- where=-
17:02:38.168 [DEBUG] [shadow] ui_view: parampages slot=0 component=global_settings step_observe_want=true
17:02:38.171 [DEBUG] [shadow] widgets: id="" params=0 vizKinds=[]
17:02:38.421 [DEBUG] [shadow] widgets: id="" params=0 vizKinds=[]
17:02:38.690 [DEBUG] [shadow] widgets: id="" params=0 vizKinds=[]
17:02:38.790 [DEBUG] [shadow] param_pages fps: 58 draws / 58 ticks / 1005ms
17:02:38.943 [DEBUG] [shadow] widgets: id="" params=0 vizKinds=[]
17:02:39.007 [DEBUG] [shadow_ui] param_giveup: claim=0 response=0 error=61 last_key=global_settings_module | claimwedge: rt=0 rr=0 blocked=0ms | slow>=90ms: n=0 worst=0ms key=- where=-
17:02:39.207 [DEBUG] [shadow] ui_view: parampages slot=0 component=global_settings step_observe_want=true
17:02:39.210 [DEBUG] [shadow] widgets: id="" params=0 vizKinds=[]
17:02:39.245 [DEBUG] [spi_timing] Frame(us): total avg=2672 max=2793 | pre avg=108 max=268 | ioctl avg=2547 max=2697 | post avg=16 max=36 | overruns=1
17:02:39.245 [DEBUG] [spi_timing] Pre(us): midi_mon=2/27 fwd_midi=2/60 mix_audio=7/28 ui_req=1/10 param=7/50 fwd_cc=0/0 proc_midi=1/12 jack_stash=1/19 drain_dsp=0/2 jack_wake=0/3 mix_buf=47/77 tts=0/6 display=6/177
17:02:39.245 [DEBUG] [spi_timing] Post(us): clear_leds=2/11 jack_midi=0/0 ui_midi=0/22 flush_leds=7/30 screenreader=0/2 jack_pre=0/3 jack_disp=0/0 pin=0/18 midi_scan=8/27 drain_dsp2=0/1 render=5/13
17:02:39.245 [DEBUG] [spi_timing] Slot render max(us): s0=0 s1=0 s2=0 s3=0 probe_burst_max=0
17:02:39.245 [DEBUG] [spi_timing] Slot synth max(us): s0=0 s1=0 s2=0 s3=0 | Slot fx max(us): s0=0 s1=0 s2=0 s3=0
17:02:39.460 [DEBUG] [shadow] widgets: id="" params=0 vizKinds=[]
17:02:39.730 [DEBUG] [shadow] widgets: id="" params=0 vizKinds=[]
17:02:39.795 [DEBUG] [shadow] param_pages fps: 58 draws / 58 ticks / 1005ms
17:02:39.979 [DEBUG] [shadow] widgets: id="" params=0 vizKinds=[]
17:02:40.011 [DEBUG] [shadow_ui] param_giveup: claim=0 response=0 error=62 last_key=global_settings_module | claimwedge: rt=0 rr=0 blocked=0ms | slow>=90ms: n=0 worst=0ms key=- where=-
17:02:40.247 [DEBUG] [shadow] ui_view: parampages slot=0 component=global_settings step_observe_want=true
17:02:40.249 [DEBUG] [shadow] widgets: id="" params=0 vizKinds=[]
17:02:40.500 [DEBUG] [shadow] widgets: id="" params=0 vizKinds=[]
17:02:40.769 [DEBUG] [shadow] widgets: id="" params=0 vizKinds=[]
17:02:40.798 [DEBUG] [shadow] param_pages fps: 58 draws / 58 ticks / 1003ms
17:02:41.015 [DEBUG] [shadow_ui] param_giveup: claim=0 response=0 error=61 last_key=global_settings_module | claimwedge: rt=0 rr=0 blocked=0ms | slow>=90ms: n=0 worst=0ms key=- where=-
17:02:41.018 [DEBUG] [shadow] widgets: id="" params=0 vizKinds=[]
17:02:41.285 [DEBUG] [shadow] ui_view: parampages slot=0 component=global_settings step_observe_want=true
17:02:41.288 [DEBUG] [shadow] widgets: id="" params=0 vizKinds=[]
17:02:41.538 [DEBUG] [shadow] widgets: id="" params=0 vizKinds=[]
17:02:41.808 [DEBUG] [shadow] widgets: id="" params=0 vizKinds=[]
17:02:41.809 [DEBUG] [shadow] param_pages fps: 58 draws / 58 ticks / 1011ms
17:02:42.006 [DEBUG] [shadow_ui] param_giveup: claim=0 response=0 error=62 last_key=global_settings_module | claimwedge: rt=0 rr=0 blocked=0ms | slow>=90ms: n=0 worst=0ms key=- where=-
17:02:42.058 [DEBUG] [shadow] widgets: id="" params=0 vizKinds=[]
17:02:42.324 [DEBUG] [shadow] ui_view: parampages slot=0 component=global_settings step_observe_want=true
17:02:42.328 [DEBUG] [shadow] widgets: id="" params=0 vizKinds=[]
17:02:42.578 [DEBUG] [shadow] widgets: id="" params=0 vizKinds=[]
17:02:42.824 [DEBUG] [shadow] param_pages fps: 58 draws / 58 ticks / 1015ms
17:02:42.848 [DEBUG] [shadow] widgets: id="" params=0 vizKinds=[]
17:02:43.013 [DEBUG] [shadow_ui] param_giveup: claim=0 response=0 error=62 last_key=global_settings_module | claimwedge: rt=0 rr=0 blocked=0ms | slow>=90ms: n=0 worst=0ms key=- where=-
17:02:43.097 [DEBUG] [shadow] widgets: id="" params=0 vizKinds=[]
17:02:43.372 [DEBUG] [shadow] ui_view: parampages slot=0 component=global_settings step_observe_want=true
17:02:43.375 [DEBUG] [shadow] widgets: id="" params=0 vizKinds=[]
17:02:43.625 [DEBUG] [shadow] widgets: id="" params=0 vizKinds=[]
17:02:43.826 [DEBUG] [shadow] param_pages fps: 59 draws / 59 ticks / 1002ms
17:02:43.895 [DEBUG] [shadow] widgets: id="" params=0 vizKinds=[]
17:02:44.008 [DEBUG] [shadow_ui] param_giveup: claim=0 response=0 error=61 last_key=global_settings_module | claimwedge: rt=0 rr=0 blocked=0ms | slow>=90ms: n=0 worst=0ms key=- where=-
17:02:44.144 [DEBUG] [shadow] widgets: id="" params=0 vizKinds=[]
17:02:44.246 [DEBUG] [spi_timing] Frame(us): total avg=2675 max=2797 | pre avg=107 max=283 | ioctl avg=2550 max=2684 | post avg=16 max=41 | overruns=1
17:02:44.246 [DEBUG] [spi_timing] Pre(us): midi_mon=2/12 fwd_midi=2/57 mix_audio=7/31 ui_req=1/5 param=7/34 fwd_cc=0/0 proc_midi=1/10 jack_stash=1/18 drain_dsp=0/3 jack_wake=0/4 mix_buf=46/77 tts=0/11 display=6/172
17:02:44.246 [DEBUG] [spi_timing] Post(us): clear_leds=2/23 jack_midi=0/3 ui_midi=0/3 flush_leds=7/32 screenreader=0/0 jack_pre=0/0 jack_disp=0/0 pin=0/2 midi_scan=8/30 drain_dsp2=0/18 render=5/27
17:02:44.246 [DEBUG] [spi_timing] Slot render max(us): s0=0 s1=0 s2=0 s3=0 probe_burst_max=0
17:02:44.246 [DEBUG] [spi_timing] Slot synth max(us): s0=0 s1=0 s2=0 s3=0 | Slot fx max(us): s0=0 s1=0 s2=0 s3=0
17:02:44.411 [DEBUG] [shadow] ui_view: parampages slot=0 component=global_settings step_observe_want=true
17:02:44.414 [DEBUG] [shadow] widgets: id="" params=0 vizKinds=[]
17:02:44.664 [DEBUG] [shadow] widgets: id="" params=0 vizKinds=[]
17:02:44.830 [DEBUG] [shadow] param_pages fps: 58 draws / 58 ticks / 1004ms
17:02:44.934 [DEBUG] [shadow] widgets: id="" params=0 vizKinds=[]
17:02:45.015 [DEBUG] [shadow_ui] param_giveup: claim=0 response=0 error=62 last_key=global_settings_module | claimwedge: rt=0 rr=0 blocked=0ms | slow>=90ms: n=0 worst=0ms key=- where=-
17:02:45.184 [DEBUG] [shadow] widgets: id="" params=0 vizKinds=[]
17:02:45.451 [DEBUG] [shadow] ui_view: parampages slot=0 component=global_settings step_observe_want=true
17:02:45.454 [DEBUG] [shadow] widgets: id="" params=0 vizKinds=[]
17:02:45.704 [DEBUG] [shadow] widgets: id="" params=0 vizKinds=[]
17:02:45.834 [DEBUG] [shadow] param_pages fps: 58 draws / 58 ticks / 1004ms
17:02:45.974 [DEBUG] [shadow] widgets: id="" params=0 vizKinds=[]
17:02:46.006 [DEBUG] [shadow_ui] param_giveup: claim=0 response=0 error=61 last_key=global_settings_module | claimwedge: rt=0 rr=0 blocked=0ms | slow>=90ms: n=0 worst=0ms key=- where=-
17:02:46.229 [DEBUG] [shadow] widgets: id="" params=0 vizKinds=[]
17:02:46.493 [DEBUG] [shadow] ui_view: parampages slot=0 component=global_settings step_observe_want=true
17:02:46.496 [DEBUG] [shadow] widgets: id="" params=0 vizKinds=[]
17:02:46.746 [DEBUG] [shadow] widgets: id="" params=0 vizKinds=[]
17:02:46.845 [DEBUG] [shadow] param_pages fps: 58 draws / 58 ticks / 1011ms
17:02:47.012 [DEBUG] [shadow_ui] param_giveup: claim=0 response=0 error=62 last_key=global_settings_module | claimwedge: rt=0 rr=0 blocked=0ms | slow>=90ms: n=0 worst=0ms key=- where=-
17:02:47.016 [DEBUG] [shadow] widgets: id="" params=0 vizKinds=[]
17:02:47.266 [DEBUG] [shadow] widgets: id="" params=0 vizKinds=[]
17:02:47.532 [DEBUG] [shadow] ui_view: parampages slot=0 component=global_settings step_observe_want=true
17:02:47.535 [DEBUG] [shadow] widgets: id="" params=0 vizKinds=[]
17:02:47.785 [DEBUG] [shadow] widgets: id="" params=0 vizKinds=[]
17:02:47.846 [DEBUG] [shadow] param_pages fps: 57 draws / 57 ticks / 1001ms
17:02:48.037 [DEBUG] [shadow_ui] param_giveup: claim=0 response=0 error=63 last_key=global_settings_module | claimwedge: rt=0 rr=0 blocked=0ms | slow>=90ms: n=0 worst=0ms key=- where=-
17:02:48.055 [DEBUG] [shadow] widgets: id="" params=0 vizKinds=[]
17:02:48.307 [DEBUG] [shadow] widgets: id="" params=0 vizKinds=[]
17:02:48.574 [DEBUG] [shadow] ui_view: parampages slot=0 component=global_settings step_observe_want=true
17:02:48.577 [DEBUG] [shadow] widgets: id="" params=0 vizKinds=[]
17:02:48.830 [DEBUG] [shadow] widgets: id="" params=0 vizKinds=[]
17:02:48.860 [DEBUG] [shadow] param_pages fps: 59 draws / 59 ticks / 1014ms
17:02:49.009 [DEBUG] [shadow_ui] param_giveup: claim=0 response=0 error=61 last_key=global_settings_module | claimwedge: rt=0 rr=0 blocked=0ms | slow>=90ms: n=0 worst=0ms key=- where=-
17:02:49.097 [DEBUG] [shadow] widgets: id="" params=0 vizKinds=[]
17:02:49.246 [DEBUG] [spi_timing] Frame(us): total avg=2673 max=2787 | pre avg=107 max=269 | ioctl avg=2548 max=2680 | post avg=16 max=44 | overruns=1
17:02:49.246 [DEBUG] [spi_timing] Pre(us): midi_mon=2/14 fwd_midi=2/60 mix_audio=7/29 ui_req=1/19 param=7/33 fwd_cc=0/17 proc_midi=1/8 jack_stash=1/20 drain_dsp=0/1 jack_wake=0/8 mix_buf=47/74 tts=0/17 display=6/175
17:02:49.247 [DEBUG] [spi_timing] Post(us): clear_leds=2/13 jack_midi=0/2 ui_midi=0/4 flush_leds=7/29 screenreader=0/2 jack_pre=0/1 jack_disp=0/0 pin=0/9 midi_scan=8/28 drain_dsp2=0/6 render=5/24
17:02:49.247 [DEBUG] [spi_timing] Slot render max(us): s0=0 s1=0 s2=0 s3=0 probe_burst_max=0
17:02:49.247 [DEBUG] [spi_timing] Slot synth max(us): s0=0 s1=0 s2=0 s3=0 | Slot fx max(us): s0=0 s1=0 s2=0 s3=0
17:02:49.346 [DEBUG] [shadow] widgets: id="" params=0 vizKinds=[]
17:02:49.613 [DEBUG] [shadow] ui_view: parampages slot=0 component=global_settings step_observe_want=true
17:02:49.617 [DEBUG] [shadow] widgets: id="" params=0 vizKinds=[]
17:02:49.866 [DEBUG] [shadow] widgets: id="" params=0 vizKinds=[]
17:02:49.867 [DEBUG] [shadow] param_pages fps: 58 draws / 58 ticks / 1007ms
17:02:50.014 [DEBUG] [shadow_ui] param_giveup: claim=0 response=0 error=62 last_key=global_settings_module | claimwedge: rt=0 rr=0 blocked=0ms | slow>=90ms: n=0 worst=0ms key=- where=-
17:02:50.137 [DEBUG] [shadow] widgets: id="" params=0 vizKinds=[]
17:02:50.386 [DEBUG] [shadow] widgets: id="" params=0 vizKinds=[]
17:02:50.652 [DEBUG] [shadow] ui_view: parampages slot=0 component=global_settings step_observe_want=true
17:02:50.655 [DEBUG] [shadow] widgets: id="" params=0 vizKinds=[]
17:02:50.881 [DEBUG] [shadow] param_pages fps: 58 draws / 58 ticks / 1014ms
17:02:50.905 [DEBUG] [shadow] widgets: id="" params=0 vizKinds=[]
17:02:51.018 [DEBUG] [shadow_ui] param_giveup: claim=0 response=0 error=63 last_key=global_settings_module | claimwedge: rt=0 rr=0 blocked=0ms | slow>=90ms: n=0 worst=0ms key=- where=-
17:02:51.176 [DEBUG] [shadow] widgets: id="" params=0 vizKinds=[]
17:02:51.425 [DEBUG] [shadow] widgets: id="" params=0 vizKinds=[]
17:02:51.691 [DEBUG] [shadow] ui_view: parampages slot=0 component=global_settings step_observe_want=true
17:02:51.695 [DEBUG] [shadow] widgets: id="" params=0 vizKinds=[]
17:02:51.892 [DEBUG] [shadow] param_pages fps: 59 draws / 59 ticks / 1011ms
17:02:51.945 [DEBUG] [shadow] widgets: id="" params=0 vizKinds=[]
17:02:52.011 [DEBUG] [shadow_ui] param_giveup: claim=0 response=0 error=61 last_key=global_settings_module | claimwedge: rt=0 rr=0 blocked=0ms | slow>=90ms: n=0 worst=0ms key=- where=-
17:02:52.214 [DEBUG] [shadow] widgets: id="" params=0 vizKinds=[]
17:02:52.463 [DEBUG] [shadow] widgets: id="" params=0 vizKinds=[]
17:02:52.734 [DEBUG] [shadow] ui_view: parampages slot=0 component=global_settings step_observe_want=true
17:02:52.737 [DEBUG] [shadow] widgets: id="" params=0 vizKinds=[]
17:02:52.900 [DEBUG] [shadow] param_pages fps: 58 draws / 58 ticks / 1008ms
17:02:52.987 [DEBUG] [shadow] widgets: id="" params=0 vizKinds=[]
17:02:53.015 [DEBUG] [shadow_ui] param_giveup: claim=0 response=0 error=62 last_key=global_settings_module | claimwedge: rt=0 rr=0 blocked=0ms | slow>=90ms: n=0 worst=0ms key=- where=-
17:02:53.253 [DEBUG] [shadow] widgets: id="" params=0 vizKinds=[]
17:02:53.503 [DEBUG] [shadow] widgets: id="" params=0 vizKinds=[]
17:02:53.776 [DEBUG] [shadow] ui_view: parampages slot=0 component=global_settings step_observe_want=true
17:02:53.779 [DEBUG] [shadow] widgets: id="" params=0 vizKinds=[]
17:02:53.921 [DEBUG] [shadow] param_pages fps: 58 draws / 58 ticks / 1021ms
17:02:54.008 [DEBUG] [shadow_ui] param_giveup: claim=0 response=0 error=60 last_key=global_settings_module | claimwedge: rt=0 rr=0 blocked=0ms | slow>=90ms: n=0 worst=0ms key=- where=-
17:02:54.028 [DEBUG] [shadow] widgets: id="" params=0 vizKinds=[]
17:02:54.247 [DEBUG] [spi_timing] Frame(us): total avg=2673 max=2775 | pre avg=107 max=271 | ioctl avg=2548 max=2677 | post avg=16 max=41 | overruns=1
17:02:54.247 [DEBUG] [spi_timing] Pre(us): midi_mon=2/25 fwd_midi=2/61 mix_audio=7/23 ui_req=1/23 param=7/74 fwd_cc=0/0 proc_midi=1/20 jack_stash=1/23 drain_dsp=0/3 jack_wake=0/11 mix_buf=46/78 tts=0/3 display=6/179
17:02:54.247 [DEBUG] [spi_timing] Post(us): clear_leds=2/12 jack_midi=0/0 ui_midi=0/4 flush_leds=7/30 screenreader=0/0 jack_pre=0/0 jack_disp=0/0 pin=0/19 midi_scan=8/28 drain_dsp2=0/16 render=5/22
17:02:54.247 [DEBUG] [spi_timing] Slot render max(us): s0=0 s1=0 s2=0 s3=0 probe_burst_max=0
17:02:54.247 [DEBUG] [spi_timing] Slot synth max(us): s0=0 s1=0 s2=0 s3=0 | Slot fx max(us): s0=0 s1=0 s2=0 s3=0
17:02:54.298 [DEBUG] [shadow] widgets: id="" params=0 vizKinds=[]
17:02:54.549 [DEBUG] [shadow] widgets: id="" params=0 vizKinds=[]
17:02:54.814 [DEBUG] [shadow] ui_view: parampages slot=0 component=global_settings step_observe_want=true
17:02:54.818 [DEBUG] [shadow] widgets: id="" params=0 vizKinds=[]
17:02:54.931 [DEBUG] [shadow] param_pages fps: 59 draws / 59 ticks / 1010ms
17:02:55.015 [DEBUG] [shadow_ui] param_giveup: claim=0 response=0 error=62 last_key=global_settings_module | claimwedge: rt=0 rr=0 blocked=0ms | slow>=90ms: n=0 worst=0ms key=- where=-
17:02:55.068 [DEBUG] [shadow] widgets: id="" params=0 vizKinds=[]
17:02:55.337 [DEBUG] [shadow] widgets: id="" params=0 vizKinds=[]
17:02:55.587 [DEBUG] [shadow] widgets: id="" params=0 vizKinds=[]
17:02:55.854 [DEBUG] [shadow] ui_view: parampages slot=0 component=global_settings step_observe_want=true
17:02:55.857 [DEBUG] [shadow] widgets: id="" params=0 vizKinds=[]
17:02:55.939 [DEBUG] [shadow] param_pages fps: 58 draws / 58 ticks / 1008ms
17:02:56.005 [DEBUG] [shadow_ui] param_giveup: claim=0 response=0 error=62 last_key=global_settings_module | claimwedge: rt=0 rr=0 blocked=0ms | slow>=90ms: n=0 worst=0ms key=- where=-
17:02:56.107 [DEBUG] [shadow] widgets: id="" params=0 vizKinds=[]
17:02:56.379 [DEBUG] [shadow] widgets: id="" params=0 vizKinds=[]
17:02:56.629 [DEBUG] [shadow] widgets: id="" params=0 vizKinds=[]
17:02:56.896 [DEBUG] [shadow] ui_view: parampages slot=0 component=global_settings step_observe_want=true
17:02:56.899 [DEBUG] [shadow] widgets: id="" params=0 vizKinds=[]
17:02:56.945 [DEBUG] [shadow] param_pages fps: 58 draws / 58 ticks / 1006ms
17:02:57.012 [DEBUG] [shadow_ui] param_giveup: claim=0 response=0 error=62 last_key=global_settings_module | claimwedge: rt=0 rr=0 blocked=0ms | slow>=90ms: n=0 worst=0ms key=- where=-
17:02:57.149 [DEBUG] [shadow] widgets: id="" params=0 vizKinds=[]
17:02:57.419 [DEBUG] [shadow] widgets: id="" params=0 vizKinds=[]
17:02:57.669 [DEBUG] [shadow] widgets: id="" params=0 vizKinds=[]
17:02:57.935 [DEBUG] [shadow] ui_view: parampages slot=0 component=global_settings step_observe_want=true
17:02:57.938 [DEBUG] [shadow] widgets: id="" params=0 vizKinds=[]
17:02:57.953 [DEBUG] [shadow] param_pages fps: 58 draws / 58 ticks / 1008ms
17:02:58.020 [DEBUG] [shadow_ui] param_giveup: claim=0 response=0 error=62 last_key=global_settings_module | claimwedge: rt=0 rr=0 blocked=0ms | slow>=90ms: n=0 worst=0ms key=- where=-
17:02:58.188 [DEBUG] [shadow] widgets: id="" params=0 vizKinds=[]
17:02:58.458 [DEBUG] [shadow] widgets: id="" params=0 vizKinds=[]
17:02:58.708 [DEBUG] [shadow] widgets: id="" params=0 vizKinds=[]
17:02:58.963 [DEBUG] [shadow] param_pages fps: 57 draws / 57 ticks / 1010ms
17:02:58.983 [DEBUG] [shadow] ui_view: parampages slot=0 component=global_settings step_observe_want=true
17:02:58.986 [DEBUG] [shadow] widgets: id="" params=0 vizKinds=[]
17:02:59.018 [DEBUG] [shadow_ui] param_giveup: claim=0 response=0 error=61 last_key=global_settings_module | claimwedge: rt=0 rr=0 blocked=0ms | slow>=90ms: n=0 worst=0ms key=- where=-
17:02:59.239 [DEBUG] [shadow] widgets: id="" params=0 vizKinds=[]
17:02:59.247 [DEBUG] [spi_timing] Frame(us): total avg=2671 max=2785 | pre avg=107 max=266 | ioctl avg=2546 max=2686 | post avg=16 max=37 | overruns=1
17:02:59.247 [DEBUG] [spi_timing] Pre(us): midi_mon=2/13 fwd_midi=2/66 mix_audio=7/25 ui_req=1/7 param=6/38 fwd_cc=0/3 proc_midi=1/11 jack_stash=1/21 drain_dsp=0/3 jack_wake=0/1 mix_buf=47/80 tts=0/6 display=6/162
17:02:59.247 [DEBUG] [spi_timing] Post(us): clear_leds=2/12 jack_midi=0/0 ui_midi=0/4 flush_leds=7/24 screenreader=0/0 jack_pre=0/0 jack_disp=0/0 pin=0/4 midi_scan=8/28 drain_dsp2=0/5 render=5/25
17:02:59.247 [DEBUG] [spi_timing] Slot render max(us): s0=0 s1=0 s2=0 s3=0 probe_burst_max=0
17:02:59.247 [DEBUG] [spi_timing] Slot synth max(us): s0=0 s1=0 s2=0 s3=0 | Slot fx max(us): s0=0 s1=0 s2=0 s3=0
17:02:59.506 [DEBUG] [shadow] widgets: id="" params=0 vizKinds=[]
17:02:59.756 [DEBUG] [shadow] widgets: id="" params=0 vizKinds=[]
17:03:00.002 [DEBUG] [shadow] param_pages fps: 60 draws / 60 ticks / 1039ms
17:03:00.005 [DEBUG] [shadow_ui] param_giveup: claim=0 response=0 error=61 last_key=global_settings_module | claimwedge: rt=0 rr=0 blocked=0ms | slow>=90ms: n=0 worst=0ms key=- where=-
17:03:00.022 [DEBUG] [shadow] ui_view: parampages slot=0 component=global_settings step_observe_want=true
17:03:00.026 [DEBUG] [shadow] widgets: id="" params=0 vizKinds=[]
17:03:00.275 [DEBUG] [shadow] widgets: id="" params=0 vizKinds=[]
17:03:00.545 [DEBUG] [shadow] widgets: id="" params=0 vizKinds=[]
17:03:00.795 [DEBUG] [shadow] widgets: id="" params=0 vizKinds=[]
17:03:01.009 [DEBUG] [shadow_ui] param_giveup: claim=0 response=0 error=63 last_key=global_settings_module | claimwedge: rt=0 rr=0 blocked=0ms | slow>=90ms: n=0 worst=0ms key=- where=-
17:03:01.041 [DEBUG] [shadow] param_pages fps: 60 draws / 60 ticks / 1039ms
17:03:01.061 [DEBUG] [shadow] ui_view: parampages slot=0 component=global_settings step_observe_want=true
17:03:01.064 [DEBUG] [shadow] widgets: id="" params=0 vizKinds=[]
17:03:01.314 [DEBUG] [shadow] widgets: id="" params=0 vizKinds=[]
17:03:01.584 [DEBUG] [shadow] widgets: id="" params=0 vizKinds=[]
17:03:01.833 [DEBUG] [shadow] widgets: id="" params=0 vizKinds=[]
17:03:02.013 [DEBUG] [shadow_ui] param_giveup: claim=0 response=0 error=62 last_key=global_settings_module | claimwedge: rt=0 rr=0 blocked=0ms | slow>=90ms: n=0 worst=0ms key=- where=-
17:03:02.080 [DEBUG] [shadow] param_pages fps: 60 draws / 60 ticks / 1039ms
17:03:02.100 [DEBUG] [shadow] ui_view: parampages slot=0 component=global_settings step_observe_want=true
17:03:02.103 [DEBUG] [shadow] widgets: id="" params=0 vizKinds=[]
17:03:02.354 [DEBUG] [shadow] widgets: id="" params=0 vizKinds=[]
17:03:02.623 [DEBUG] [shadow] widgets: id="" params=0 vizKinds=[]
17:03:02.872 [DEBUG] [shadow] widgets: id="" params=0 vizKinds=[]
17:03:03.021 [DEBUG] [shadow_ui] param_giveup: claim=0 response=0 error=62 last_key=global_settings_module | claimwedge: rt=0 rr=0 blocked=0ms | slow>=90ms: n=0 worst=0ms key=- where=-
17:03:03.119 [DEBUG] [shadow] param_pages fps: 60 draws / 60 ticks / 1039ms
17:03:03.140 [DEBUG] [shadow] ui_view: parampages slot=0 component=global_settings step_observe_want=true
17:03:03.142 [DEBUG] [shadow] widgets: id="" params=0 vizKinds=[]
17:03:03.393 [DEBUG] [shadow] widgets: id="" params=0 vizKinds=[]
17:03:03.662 [DEBUG] [shadow] widgets: id="" params=0 vizKinds=[]
17:03:03.912 [DEBUG] [shadow] widgets: id="" params=0 vizKinds=[]
17:03:04.010 [DEBUG] [shadow_ui] param_giveup: claim=0 response=0 error=62 last_key=global_settings_module | claimwedge: rt=0 rr=0 blocked=0ms | slow>=90ms: n=0 worst=0ms key=- where=-
17:03:04.167 [DEBUG] [shadow] param_pages fps: 60 draws / 60 ticks / 1048ms
17:03:04.187 [DEBUG] [shadow] ui_view: parampages slot=0 component=global_settings step_observe_want=true
17:03:04.190 [DEBUG] [shadow] widgets: id="" params=0 vizKinds=[]
17:03:04.247 [DEBUG] [spi_timing] Frame(us): total avg=2669 max=2796 | pre avg=108 max=283 | ioctl avg=2543 max=2687 | post avg=16 max=41 | overruns=1
17:03:04.247 [DEBUG] [spi_timing] Pre(us): midi_mon=2/10 fwd_midi=2/62 mix_audio=7/24 ui_req=1/14 param=7/38 fwd_cc=0/0 proc_midi=1/8 jack_stash=1/19 drain_dsp=0/12 jack_wake=0/11 mix_buf=47/80 tts=0/5 display=6/175
17:03:04.247 [DEBUG] [spi_timing] Post(us): clear_leds=2/24 jack_midi=0/3 ui_midi=0/4 flush_leds=7/28 screenreader=0/0 jack_pre=0/0 jack_disp=0/2 pin=0/10 midi_scan=8/31 drain_dsp2=0/3 render=5/12
17:03:04.247 [DEBUG] [spi_timing] Slot render max(us): s0=0 s1=0 s2=0 s3=0 probe_burst_max=0
17:03:04.247 [DEBUG] [spi_timing] Slot synth max(us): s0=0 s1=0 s2=0 s3=0 | Slot fx max(us): s0=0 s1=0 s2=0 s3=0
17:03:04.440 [DEBUG] [shadow] widgets: id="" params=0 vizKinds=[]
17:03:04.710 [DEBUG] [shadow] widgets: id="" params=0 vizKinds=[]
17:03:04.959 [DEBUG] [shadow] widgets: id="" params=0 vizKinds=[]
17:03:05.006 [DEBUG] [shadow_ui] param_giveup: claim=0 response=0 error=61 last_key=global_settings_module | claimwedge: rt=0 rr=0 blocked=0ms | slow>=90ms: n=0 worst=0ms key=- where=-
17:03:05.207 [DEBUG] [shadow] param_pages fps: 60 draws / 60 ticks / 1040ms
17:03:05.226 [DEBUG] [shadow] ui_view: parampages slot=0 component=global_settings step_observe_want=true
17:03:05.229 [DEBUG] [shadow] widgets: id="" params=0 vizKinds=[]
17:03:05.483 [DEBUG] [shadow] widgets: id="" params=0 vizKinds=[]
17:03:05.752 [DEBUG] [shadow] widgets: id="" params=0 vizKinds=[]
17:03:06.002 [DEBUG] [shadow] widgets: id="" params=0 vizKinds=[]
17:03:06.016 [DEBUG] [shadow_ui] param_giveup: claim=0 response=0 error=62 last_key=global_settings_module | claimwedge: rt=0 rr=0 blocked=0ms | slow>=90ms: n=0 worst=0ms key=- where=-
17:03:06.246 [DEBUG] [shadow] param_pages fps: 60 draws / 60 ticks / 1039ms
17:03:06.269 [DEBUG] [shadow] ui_view: parampages slot=0 component=global_settings step_observe_want=true
17:03:06.272 [DEBUG] [shadow] widgets: id="" params=0 vizKinds=[]
17:03:06.522 [DEBUG] [shadow] widgets: id="" params=0 vizKinds=[]
17:03:06.791 [DEBUG] [shadow] widgets: id="" params=0 vizKinds=[]
17:03:07.021 [DEBUG] [shadow_ui] param_giveup: claim=0 response=0 error=61 last_key=global_settings_module | claimwedge: rt=0 rr=0 blocked=0ms | slow>=90ms: n=0 worst=0ms key=- where=-
17:03:07.041 [DEBUG] [shadow] widgets: id="" params=0 vizKinds=[]
17:03:07.285 [DEBUG] [shadow] param_pages fps: 60 draws / 60 ticks / 1039ms
17:03:07.308 [DEBUG] [shadow] ui_view: parampages slot=0 component=global_settings step_observe_want=true
17:03:07.311 [DEBUG] [shadow] widgets: id="" params=0 vizKinds=[]
17:03:07.560 [DEBUG] [shadow] widgets: id="" params=0 vizKinds=[]
17:03:07.827 [DEBUG] [shadow] widgets: id="" params=0 vizKinds=[]
17:03:08.007 [DEBUG] [shadow_ui] param_giveup: claim=0 response=0 error=61 last_key=global_settings_module | claimwedge: rt=0 rr=0 blocked=0ms | slow>=90ms: n=0 worst=0ms key=- where=-
17:03:08.077 [DEBUG] [shadow] widgets: id="" params=0 vizKinds=[]
17:03:08.324 [DEBUG] [shadow] param_pages fps: 60 draws / 60 ticks / 1039ms
17:03:08.344 [DEBUG] [shadow] ui_view: parampages slot=0 component=global_settings step_observe_want=true
17:03:08.347 [DEBUG] [shadow] widgets: id="" params=0 vizKinds=[]
17:03:08.597 [DEBUG] [shadow] widgets: id="" params=0 vizKinds=[]
17:03:08.867 [DEBUG] [shadow] widgets: id="" params=0 vizKinds=[]
17:03:09.014 [DEBUG] [shadow_ui] param_giveup: claim=0 response=0 error=63 last_key=global_settings_module | claimwedge: rt=0 rr=0 blocked=0ms | slow>=90ms: n=0 worst=0ms key=- where=-
17:03:09.116 [DEBUG] [shadow] widgets: id="" params=0 vizKinds=[]
17:03:09.248 [DEBUG] [spi_timing] Frame(us): total avg=2670 max=2790 | pre avg=108 max=277 | ioctl avg=2543 max=2679 | post avg=16 max=38 | overruns=1
17:03:09.248 [DEBUG] [spi_timing] Pre(us): midi_mon=2/27 fwd_midi=2/76 mix_audio=7/37 ui_req=1/13 param=7/41 fwd_cc=0/0 proc_midi=1/23 jack_stash=1/10 drain_dsp=0/10 jack_wake=0/17 mix_buf=47/84 tts=0/23 display=6/172
17:03:09.248 [DEBUG] [spi_timing] Post(us): clear_leds=2/27 jack_midi=0/0 ui_midi=0/18 flush_leds=7/34 screenreader=0/0 jack_pre=0/1 jack_disp=0/0 pin=0/9 midi_scan=8/23 drain_dsp2=0/7 render=5/24
17:03:09.248 [DEBUG] [spi_timing] Slot render max(us): s0=0 s1=0 s2=0 s3=0 probe_burst_max=0
17:03:09.248 [DEBUG] [spi_timing] Slot synth max(us): s0=0 s1=0 s2=0 s3=0 | Slot fx max(us): s0=0 s1=0 s2=0 s3=0
17:03:09.372 [DEBUG] [shadow] param_pages fps: 60 draws / 60 ticks / 1048ms
17:03:09.392 [DEBUG] [shadow] ui_view: parampages slot=0 component=global_settings step_observe_want=true
17:03:09.396 [DEBUG] [shadow] widgets: id="" params=0 vizKinds=[]
17:03:09.648 [DEBUG] [shadow] widgets: id="" params=0 vizKinds=[]
17:03:09.918 [DEBUG] [shadow] widgets: id="" params=0 vizKinds=[]
17:03:10.014 [DEBUG] [shadow_ui] param_giveup: claim=0 response=0 error=61 last_key=global_settings_module | claimwedge: rt=0 rr=0 blocked=0ms | slow>=90ms: n=0 worst=0ms key=- where=-
17:03:10.168 [DEBUG] [shadow] widgets: id="" params=0 vizKinds=[]
17:03:10.411 [DEBUG] [shadow] param_pages fps: 60 draws / 60 ticks / 1039ms
17:03:10.431 [DEBUG] [shadow] ui_view: parampages slot=0 component=global_settings step_observe_want=true
17:03:10.434 [DEBUG] [shadow] widgets: id="" params=0 vizKinds=[]
17:03:10.683 [DEBUG] [shadow] widgets: id="" params=0 vizKinds=[]
17:03:10.953 [DEBUG] [shadow] widgets: id="" params=0 vizKinds=[]
17:03:11.017 [DEBUG] [shadow_ui] param_giveup: claim=0 response=0 error=62 last_key=global_settings_module | claimwedge: rt=0 rr=0 blocked=0ms | slow>=90ms: n=0 worst=0ms key=- where=-
17:03:11.203 [DEBUG] [shadow] widgets: id="" params=0 vizKinds=[]
17:03:11.450 [DEBUG] [shadow] param_pages fps: 60 draws / 60 ticks / 1039ms
17:03:11.470 [DEBUG] [shadow] ui_view: parampages slot=0 component=global_settings step_observe_want=true
17:03:11.473 [DEBUG] [shadow] widgets: id="" params=0 vizKinds=[]
17:03:11.725 [DEBUG] [shadow] widgets: id="" params=0 vizKinds=[]
17:03:11.993 [DEBUG] [shadow] widgets: id="" params=0 vizKinds=[]
17:03:12.007 [DEBUG] [shadow_ui] param_giveup: claim=0 response=0 error=61 last_key=global_settings_module | claimwedge: rt=0 rr=0 blocked=0ms | slow>=90ms: n=0 worst=0ms key=- where=-
17:03:12.242 [DEBUG] [shadow] widgets: id="" params=0 vizKinds=[]
17:03:12.489 [DEBUG] [shadow] param_pages fps: 60 draws / 60 ticks / 1039ms
17:03:12.509 [DEBUG] [shadow] ui_view: parampages slot=0 component=global_settings step_observe_want=true
17:03:12.513 [DEBUG] [shadow] widgets: id="" params=0 vizKinds=[]
17:03:12.762 [DEBUG] [shadow] widgets: id="" params=0 vizKinds=[]
17:03:13.011 [DEBUG] [shadow_ui] param_giveup: claim=0 response=0 error=62 last_key=global_settings_module | claimwedge: rt=0 rr=0 blocked=0ms | slow>=90ms: n=0 worst=0ms key=- where=-
17:03:13.032 [DEBUG] [shadow] widgets: id="" params=0 vizKinds=[]
17:03:13.281 [DEBUG] [shadow] widgets: id="" params=0 vizKinds=[]
17:03:13.528 [DEBUG] [shadow] param_pages fps: 60 draws / 60 ticks / 1039ms
17:03:13.548 [DEBUG] [shadow] ui_view: parampages slot=0 component=global_settings step_observe_want=true
17:03:13.551 [DEBUG] [shadow] widgets: id="" params=0 vizKinds=[]
17:03:13.801 [DEBUG] [shadow] widgets: id="" params=0 vizKinds=[]
17:03:14.016 [DEBUG] [shadow_ui] param_giveup: claim=0 response=0 error=63 last_key=global_settings_module | claimwedge: rt=0 rr=0 blocked=0ms | slow>=90ms: n=0 worst=0ms key=- where=-
17:03:14.071 [DEBUG] [shadow] widgets: id="" params=0 vizKinds=[]
17:03:14.248 [DEBUG] [spi_timing] Frame(us): total avg=2672 max=2784 | pre avg=108 max=275 | ioctl avg=2546 max=2674 | post avg=16 max=40 | overruns=1
17:03:14.248 [DEBUG] [spi_timing] Pre(us): midi_mon=2/15 fwd_midi=2/66 mix_audio=7/33 ui_req=1/10 param=7/36 fwd_cc=0/0 proc_midi=1/14 jack_stash=1/22 drain_dsp=0/3 jack_wake=0/10 mix_buf=47/75 tts=0/6 display=6/183
17:03:14.248 [DEBUG] [spi_timing] Post(us): clear_leds=2/25 jack_midi=0/1 ui_midi=0/4 flush_leds=7/16 screenreader=0/5 jack_pre=0/3 jack_disp=0/0 pin=0/22 midi_scan=8/26 drain_dsp2=0/16 render=5/26
17:03:14.248 [DEBUG] [spi_timing] Slot render max(us): s0=0 s1=0 s2=0 s3=0 probe_burst_max=0
17:03:14.248 [DEBUG] [spi_timing] Slot synth max(us): s0=0 s1=0 s2=0 s3=0 | Slot fx max(us): s0=0 s1=0 s2=0 s3=0
17:03:14.322 [DEBUG] [shadow] widgets: id="" params=0 vizKinds=[]
17:03:14.577 [DEBUG] [shadow] param_pages fps: 60 draws / 60 ticks / 1049ms
17:03:14.596 [DEBUG] [shadow] ui_view: parampages slot=0 component=global_settings step_observe_want=true
17:03:14.599 [DEBUG] [shadow] widgets: id="" params=0 vizKinds=[]
17:03:14.852 [DEBUG] [shadow] widgets: id="" params=0 vizKinds=[]
17:03:15.014 [DEBUG] [shadow_ui] param_giveup: claim=0 response=0 error=61 last_key=global_settings_module | claimwedge: rt=0 rr=0 blocked=0ms | slow>=90ms: n=0 worst=0ms key=- where=-
17:03:15.119 [DEBUG] [shadow] widgets: id="" params=0 vizKinds=[]
17:03:15.369 [DEBUG] [shadow] widgets: id="" params=0 vizKinds=[]
17:03:15.615 [DEBUG] [shadow] param_pages fps: 60 draws / 60 ticks / 1038ms
17:03:15.635 [DEBUG] [shadow] ui_view: parampages slot=0 component=global_settings step_observe_want=true
17:03:15.639 [DEBUG] [shadow] widgets: id="" params=0 vizKinds=[]
17:03:15.888 [DEBUG] [shadow] widgets: id="" params=0 vizKinds=[]
17:03:16.018 [DEBUG] [shadow_ui] param_giveup: claim=0 response=0 error=62 last_key=global_settings_module | claimwedge: rt=0 rr=0 blocked=0ms | slow>=90ms: n=0 worst=0ms key=- where=-
17:03:16.158 [DEBUG] [shadow] widgets: id="" params=0 vizKinds=[]
17:03:16.408 [DEBUG] [shadow] widgets: id="" params=0 vizKinds=[]
17:03:16.655 [DEBUG] [shadow] param_pages fps: 60 draws / 60 ticks / 1040ms
17:03:16.675 [DEBUG] [shadow] ui_view: parampages slot=0 component=global_settings step_observe_want=true
17:03:16.678 [DEBUG] [shadow] widgets: id="" params=0 vizKinds=[]
17:03:16.927 [DEBUG] [shadow] widgets: id="" params=0 vizKinds=[]
17:03:17.008 [DEBUG] [shadow_ui] param_giveup: claim=0 response=0 error=61 last_key=global_settings_module | claimwedge: rt=0 rr=0 blocked=0ms | slow>=90ms: n=0 worst=0ms key=- where=-
17:03:17.197 [DEBUG] [shadow] widgets: id="" params=0 vizKinds=[]
17:03:17.447 [DEBUG] [shadow] widgets: id="" params=0 vizKinds=[]
17:03:17.694 [DEBUG] [shadow] param_pages fps: 60 draws / 60 ticks / 1039ms
17:03:17.714 [DEBUG] [shadow] ui_view: parampages slot=0 component=global_settings step_observe_want=true
17:03:17.717 [DEBUG] [shadow] widgets: id="" params=0 vizKinds=[]
17:03:17.970 [DEBUG] [shadow] widgets: id="" params=0 vizKinds=[]
17:03:18.016 [DEBUG] [shadow_ui] param_giveup: claim=0 response=0 error=63 last_key=global_settings_module | claimwedge: rt=0 rr=0 blocked=0ms | slow>=90ms: n=0 worst=0ms key=- where=-
17:03:18.236 [DEBUG] [shadow] widgets: id="" params=0 vizKinds=[]
17:03:18.490 [DEBUG] [shadow] widgets: id="" params=0 vizKinds=[]
17:03:18.733 [DEBUG] [shadow] param_pages fps: 60 draws / 60 ticks / 1038ms
17:03:18.753 [DEBUG] [shadow] ui_view: parampages slot=0 component=global_settings step_observe_want=true
17:03:18.756 [DEBUG] [shadow] widgets: id="" params=0 vizKinds=[]
17:03:19.006 [DEBUG] [shadow_ui] param_giveup: claim=0 response=0 error=61 last_key=global_settings_module | claimwedge: rt=0 rr=0 blocked=0ms | slow>=90ms: n=0 worst=0ms key=- where=-
17:03:19.006 [DEBUG] [shadow] widgets: id="" params=0 vizKinds=[]
17:03:19.248 [DEBUG] [spi_timing] Frame(us): total avg=2672 max=2792 | pre avg=108 max=304 | ioctl avg=2547 max=2704 | post avg=16 max=37 | overruns=1
17:03:19.248 [DEBUG] [spi_timing] Pre(us): midi_mon=2/21 fwd_midi=2/63 mix_audio=7/13 ui_req=1/12 param=7/70 fwd_cc=0/0 proc_midi=1/23 jack_stash=1/22 drain_dsp=0/3 jack_wake=0/4 mix_buf=47/82 tts=0/17 display=6/206
17:03:19.248 [DEBUG] [spi_timing] Post(us): clear_leds=2/18 jack_midi=0/0 ui_midi=0/6 flush_leds=7/28 screenreader=0/0 jack_pre=0/2 jack_disp=0/4 pin=0/3 midi_scan=8/26 drain_dsp2=0/6 render=5/25
17:03:19.248 [DEBUG] [spi_timing] Slot render max(us): s0=0 s1=0 s2=0 s3=0 probe_burst_max=0
17:03:19.248 [DEBUG] [spi_timing] Slot synth max(us): s0=0 s1=0 s2=0 s3=0 | Slot fx max(us): s0=0 s1=0 s2=0 s3=0
17:03:19.276 [DEBUG] [shadow] widgets: id="" params=0 vizKinds=[]
17:03:19.525 [DEBUG] [shadow] widgets: id="" params=0 vizKinds=[]
17:03:19.780 [DEBUG] [shadow] param_pages fps: 60 draws / 60 ticks / 1048ms
17:03:19.801 [DEBUG] [shadow] ui_view: parampages slot=0 component=global_settings step_observe_want=true
17:03:19.804 [DEBUG] [shadow] widgets: id="" params=0 vizKinds=[]
17:03:20.018 [DEBUG] [shadow_ui] param_giveup: claim=0 response=0 error=61 last_key=global_settings_module | claimwedge: rt=0 rr=0 blocked=0ms | slow>=90ms: n=0 worst=0ms key=- where=-
17:03:20.053 [DEBUG] [shadow] widgets: id="" params=0 vizKinds=[]
17:03:20.323 [DEBUG] [shadow] widgets: id="" params=0 vizKinds=[]
17:03:20.574 [DEBUG] [shadow] widgets: id="" params=0 vizKinds=[]
17:03:20.820 [DEBUG] [shadow] param_pages fps: 60 draws / 60 ticks / 1040ms
17:03:20.840 [DEBUG] [shadow] ui_view: parampages slot=0 component=global_settings step_observe_want=true
17:03:20.843 [DEBUG] [shadow] widgets: id="" params=0 vizKinds=[]
17:03:21.008 [DEBUG] [shadow_ui] param_giveup: claim=0 response=0 error=61 last_key=global_settings_module | claimwedge: rt=0 rr=0 blocked=0ms | slow>=90ms: n=0 worst=0ms key=- where=-
17:03:21.096 [DEBUG] [shadow] widgets: id="" params=0 vizKinds=[]
17:03:21.364 [DEBUG] [shadow] widgets: id="" params=0 vizKinds=[]
17:03:21.612 [DEBUG] [shadow] widgets: id="" params=0 vizKinds=[]
17:03:21.860 [DEBUG] [shadow] param_pages fps: 60 draws / 60 ticks / 1040ms
17:03:21.882 [DEBUG] [shadow] ui_view: parampages slot=0 component=global_settings step_observe_want=true
17:03:21.885 [DEBUG] [shadow] widgets: id="" params=0 vizKinds=[]
17:03:22.016 [DEBUG] [shadow_ui] param_giveup: claim=0 response=0 error=63 last_key=global_settings_module | claimwedge: rt=0 rr=0 blocked=0ms | slow>=90ms: n=0 worst=0ms key=- where=-
17:03:22.135 [DEBUG] [shadow] widgets: id="" params=0 vizKinds=[]
17:03:22.405 [DEBUG] [shadow] widgets: id="" params=0 vizKinds=[]
17:03:22.655 [DEBUG] [shadow] widgets: id="" params=0 vizKinds=[]
17:03:22.902 [DEBUG] [shadow] param_pages fps: 60 draws / 60 ticks / 1042ms
17:03:22.921 [DEBUG] [shadow] ui_view: parampages slot=0 component=global_settings step_observe_want=true
17:03:22.924 [DEBUG] [shadow] widgets: id="" params=0 vizKinds=[]
17:03:23.005 [DEBUG] [shadow_ui] param_giveup: claim=0 response=0 error=61 last_key=global_settings_module | claimwedge: rt=0 rr=0 blocked=0ms | slow>=90ms: n=0 worst=0ms key=- where=-
17:03:23.177 [DEBUG] [shadow] widgets: id="" params=0 vizKinds=[]
17:03:23.444 [DEBUG] [shadow] widgets: id="" params=0 vizKinds=[]
17:03:23.693 [DEBUG] [shadow] widgets: id="" params=0 vizKinds=[]
17:03:23.940 [DEBUG] [shadow] param_pages fps: 60 draws / 60 ticks / 1038ms
17:03:23.960 [DEBUG] [shadow] ui_view: parampages slot=0 component=global_settings step_observe_want=true
17:03:23.963 [DEBUG] [shadow] widgets: id="" params=0 vizKinds=[]
17:03:24.010 [DEBUG] [shadow_ui] param_giveup: claim=0 response=0 error=62 last_key=global_settings_module | claimwedge: rt=0 rr=0 blocked=0ms | slow>=90ms: n=0 worst=0ms key=- where=-
17:03:24.213 [DEBUG] [shadow] widgets: id="" params=0 vizKinds=[]
17:03:24.248 [DEBUG] [spi_timing] Frame(us): total avg=2673 max=2797 | pre avg=107 max=285 | ioctl avg=2548 max=2682 | post avg=16 max=42 | overruns=1
17:03:24.249 [DEBUG] [spi_timing] Pre(us): midi_mon=2/10 fwd_midi=2/63 mix_audio=7/19 ui_req=1/15 param=7/39 fwd_cc=0/0 proc_midi=1/8 jack_stash=1/5 drain_dsp=0/1 jack_wake=0/1 mix_buf=47/79 tts=0/25 display=6/189
17:03:24.249 [DEBUG] [spi_timing] Post(us): clear_leds=2/20 jack_midi=0/2 ui_midi=0/24 flush_leds=7/29 screenreader=0/0 jack_pre=0/0 jack_disp=0/4 pin=0/20 midi_scan=8/30 drain_dsp2=0/16 render=5/15
17:03:24.249 [DEBUG] [spi_timing] Slot render max(us): s0=0 s1=0 s2=0 s3=0 probe_burst_max=0
17:03:24.249 [DEBUG] [spi_timing] Slot synth max(us): s0=0 s1=0 s2=0 s3=0 | Slot fx max(us): s0=0 s1=0 s2=0 s3=0
17:03:24.483 [DEBUG] [shadow] widgets: id="" params=0 vizKinds=[]
17:03:24.733 [DEBUG] [shadow] widgets: id="" params=0 vizKinds=[]
17:03:24.942 [DEBUG] [shadow] param_pages fps: 59 draws / 59 ticks / 1002ms
17:03:25.014 [DEBUG] [shadow_ui] param_giveup: claim=0 response=0 error=60 last_key=global_settings_module | claimwedge: rt=0 rr=0 blocked=0ms | slow>=90ms: n=0 worst=0ms key=- where=-
17:03:25.014 [DEBUG] [shadow] ui_view: parampages slot=0 component=global_settings step_observe_want=true
17:03:25.017 [DEBUG] [shadow] widgets: id="" params=0 vizKinds=[]
17:03:25.267 [DEBUG] [shadow] widgets: id="" params=0 vizKinds=[]
17:03:25.537 [DEBUG] [shadow] widgets: id="" params=0 vizKinds=[]
17:03:25.786 [DEBUG] [shadow] widgets: id="" params=0 vizKinds=[]
17:03:25.952 [DEBUG] [shadow] param_pages fps: 58 draws / 58 ticks / 1010ms
17:03:26.039 [DEBUG] [shadow_ui] param_giveup: claim=0 response=0 error=63 last_key=global_settings_module | claimwedge: rt=0 rr=0 blocked=0ms | slow>=90ms: n=0 worst=0ms key=- where=-
17:03:26.053 [DEBUG] [shadow] ui_view: parampages slot=0 component=global_settings step_observe_want=true
17:03:26.057 [DEBUG] [shadow] widgets: id="" params=0 vizKinds=[]
17:03:26.309 [DEBUG] [shadow] widgets: id="" params=0 vizKinds=[]
17:03:26.576 [DEBUG] [shadow] widgets: id="" params=0 vizKinds=[]
17:03:26.828 [DEBUG] [shadow] widgets: id="" params=0 vizKinds=[]
17:03:26.956 [DEBUG] [shadow] param_pages fps: 58 draws / 58 ticks / 1004ms
17:03:27.009 [DEBUG] [shadow_ui] param_giveup: claim=0 response=0 error=62 last_key=global_settings_module | claimwedge: rt=0 rr=0 blocked=0ms | slow>=90ms: n=0 worst=0ms key=- where=-
17:03:27.093 [DEBUG] [shadow] ui_view: parampages slot=0 component=global_settings step_observe_want=true
17:03:27.095 [DEBUG] [shadow] widgets: id="" params=0 vizKinds=[]
17:03:27.345 [DEBUG] [shadow] widgets: id="" params=0 vizKinds=[]
17:03:27.618 [DEBUG] [shadow] widgets: id="" params=0 vizKinds=[]
17:03:27.868 [DEBUG] [shadow] widgets: id="" params=0 vizKinds=[]
17:03:27.967 [DEBUG] [shadow] param_pages fps: 58 draws / 58 ticks / 1011ms
17:03:28.015 [DEBUG] [shadow_ui] param_giveup: claim=0 response=0 error=62 last_key=global_settings_module | claimwedge: rt=0 rr=0 blocked=0ms | slow>=90ms: n=0 worst=0ms key=- where=-
17:03:28.134 [DEBUG] [shadow] ui_view: parampages slot=0 component=global_settings step_observe_want=true
17:03:28.137 [DEBUG] [shadow] widgets: id="" params=0 vizKinds=[]
17:03:28.388 [DEBUG] [shadow] widgets: id="" params=0 vizKinds=[]
17:03:28.657 [DEBUG] [shadow] widgets: id="" params=0 vizKinds=[]
17:03:28.907 [DEBUG] [shadow] widgets: id="" params=0 vizKinds=[]
17:03:28.968 [DEBUG] [shadow] param_pages fps: 57 draws / 57 ticks / 1001ms
17:03:29.005 [DEBUG] [shadow_ui] param_giveup: claim=0 response=0 error=61 last_key=global_settings_module | claimwedge: rt=0 rr=0 blocked=0ms | slow>=90ms: n=0 worst=0ms key=- where=-
17:03:29.180 [DEBUG] [shadow] ui_view: parampages slot=0 component=global_settings step_observe_want=true
17:03:29.183 [DEBUG] [shadow] widgets: id="" params=0 vizKinds=[]
17:03:29.249 [DEBUG] [spi_timing] Frame(us): total avg=2672 max=2790 | pre avg=107 max=277 | ioctl avg=2547 max=2693 | post avg=16 max=37 | overruns=1
17:03:29.249 [DEBUG] [spi_timing] Pre(us): midi_mon=2/14 fwd_midi=2/72 mix_audio=7/28 ui_req=1/23 param=7/25 fwd_cc=0/3 proc_midi=1/26 jack_stash=1/11 drain_dsp=0/9 jack_wake=0/20 mix_buf=47/78 tts=0/4 display=6/176
17:03:29.249 [DEBUG] [spi_timing] Post(us): clear_leds=2/22 jack_midi=0/2 ui_midi=0/12 flush_leds=7/32 screenreader=0/0 jack_pre=0/5 jack_disp=0/3 pin=0/21 midi_scan=8/27 drain_dsp2=0/1 render=5/25
17:03:29.249 [DEBUG] [spi_timing] Slot render max(us): s0=0 s1=0 s2=0 s3=0 probe_burst_max=0
17:03:29.249 [DEBUG] [spi_timing] Slot synth max(us): s0=0 s1=0 s2=0 s3=0 | Slot fx max(us): s0=0 s1=0 s2=0 s3=0
17:03:29.433 [DEBUG] [shadow] widgets: id="" params=0 vizKinds=[]
17:03:29.706 [DEBUG] [shadow] widgets: id="" params=0 vizKinds=[]
17:03:29.954 [DEBUG] [shadow] widgets: id="" params=0 vizKinds=[]
17:03:29.970 [DEBUG] [shadow] param_pages fps: 58 draws / 58 ticks / 1002ms
17:03:30.022 [DEBUG] [shadow_ui] param_giveup: claim=0 response=0 error=62 last_key=global_settings_module | claimwedge: rt=0 rr=0 blocked=0ms | slow>=90ms: n=0 worst=0ms key=- where=-
17:03:30.236 [DEBUG] [shadow] ui_view: parampages slot=0 component=global_settings step_observe_want=true
17:03:30.239 [DEBUG] [shadow] widgets: id="" params=0 vizKinds=[]
17:03:30.489 [DEBUG] [shadow] widgets: id="" params=0 vizKinds=[]
17:03:30.756 [DEBUG] [shadow] widgets: id="" params=0 vizKinds=[]
17:03:30.982 [DEBUG] [shadow] param_pages fps: 57 draws / 57 ticks / 1012ms
17:03:31.005 [DEBUG] [shadow_ui] param_giveup: claim=0 response=0 error=61 last_key=global_settings_module | claimwedge: rt=0 rr=0 blocked=0ms | slow>=90ms: n=0 worst=0ms key=- where=-
17:03:31.005 [DEBUG] [shadow] widgets: id="" params=0 vizKinds=[]
17:03:31.272 [DEBUG] [shadow] ui_view: parampages slot=0 component=global_settings step_observe_want=true
17:03:31.275 [DEBUG] [shadow] widgets: id="" params=0 vizKinds=[]
17:03:31.525 [DEBUG] [shadow] widgets: id="" params=0 vizKinds=[]
17:03:31.795 [DEBUG] [shadow] widgets: id="" params=0 vizKinds=[]
17:03:31.993 [DEBUG] [shadow] param_pages fps: 59 draws / 59 ticks / 1011ms
17:03:32.009 [DEBUG] [shadow_ui] param_giveup: claim=0 response=0 error=61 last_key=global_settings_module | claimwedge: rt=0 rr=0 blocked=0ms | slow>=90ms: n=0 worst=0ms key=- where=-
17:03:32.044 [DEBUG] [shadow] widgets: id="" params=0 vizKinds=[]
17:03:32.311 [DEBUG] [shadow] ui_view: parampages slot=0 component=global_settings step_observe_want=true
17:03:32.314 [DEBUG] [shadow] widgets: id="" params=0 vizKinds=[]
17:03:32.565 [DEBUG] [shadow] widgets: id="" params=0 vizKinds=[]
17:03:32.834 [DEBUG] [shadow] widgets: id="" params=0 vizKinds=[]
17:03:33.000 [DEBUG] [shadow] param_pages fps: 58 draws / 58 ticks / 1007ms
17:03:33.014 [DEBUG] [shadow_ui] param_giveup: claim=0 response=0 error=62 last_key=global_settings_module | claimwedge: rt=0 rr=0 blocked=0ms | slow>=90ms: n=0 worst=0ms key=- where=-
17:03:33.083 [DEBUG] [shadow] widgets: id="" params=0 vizKinds=[]
17:03:33.354 [DEBUG] [shadow] ui_view: parampages slot=0 component=global_settings step_observe_want=true
17:03:33.357 [DEBUG] [shadow] widgets: id="" params=0 vizKinds=[]
17:03:33.607 [DEBUG] [shadow] widgets: id="" params=0 vizKinds=[]
17:03:33.873 [DEBUG] [shadow] widgets: id="" params=0 vizKinds=[]
17:03:34.015 [DEBUG] [shadow] param_pages fps: 58 draws / 58 ticks / 1015ms
17:03:34.021 [DEBUG] [shadow_ui] param_giveup: claim=0 response=0 error=62 last_key=global_settings_module | claimwedge: rt=0 rr=0 blocked=0ms | slow>=90ms: n=0 worst=0ms key=- where=-
17:03:34.123 [DEBUG] [shadow] widgets: id="" params=0 vizKinds=[]
17:03:34.249 [DEBUG] [spi_timing] Frame(us): total avg=2670 max=2801 | pre avg=108 max=264 | ioctl avg=2544 max=2676 | post avg=16 max=39 | overruns=1
17:03:34.249 [DEBUG] [spi_timing] Pre(us): midi_mon=2/14 fwd_midi=2/67 mix_audio=7/39 ui_req=1/11 param=7/77 fwd_cc=0/10 proc_midi=1/13 jack_stash=1/20 drain_dsp=0/0 jack_wake=0/23 mix_buf=47/90 tts=0/6 display=6/161
17:03:34.249 [DEBUG] [spi_timing] Post(us): clear_leds=2/10 jack_midi=0/0 ui_midi=0/23 flush_leds=7/26 screenreader=0/0 jack_pre=0/4 jack_disp=0/2 pin=0/6 midi_scan=8/27 drain_dsp2=0/2 render=5/27
17:03:34.249 [DEBUG] [spi_timing] Slot render max(us): s0=0 s1=0 s2=0 s3=0 probe_burst_max=0
17:03:34.249 [DEBUG] [spi_timing] Slot synth max(us): s0=0 s1=0 s2=0 s3=0 | Slot fx max(us): s0=0 s1=0 s2=0 s3=0
17:03:34.393 [DEBUG] [shadow] ui_view: parampages slot=0 component=global_settings step_observe_want=true
17:03:34.396 [DEBUG] [shadow] widgets: id="" params=0 vizKinds=[]
17:03:34.648 [DEBUG] [shadow] widgets: id="" params=0 vizKinds=[]
17:03:34.915 [DEBUG] [shadow] widgets: id="" params=0 vizKinds=[]
17:03:35.013 [DEBUG] [shadow_ui] param_giveup: claim=0 response=0 error=61 last_key=global_settings_module | claimwedge: rt=0 rr=0 blocked=0ms | slow>=90ms: n=0 worst=0ms key=- where=-
17:03:35.031 [DEBUG] [shadow] param_pages fps: 59 draws / 59 ticks / 1016ms
17:03:35.165 [DEBUG] [shadow] widgets: id="" params=0 vizKinds=[]
17:03:35.437 [DEBUG] [shadow] ui_view: parampages slot=0 component=global_settings step_observe_want=true
17:03:35.440 [DEBUG] [shadow] widgets: id="" params=0 vizKinds=[]
17:03:35.690 [DEBUG] [shadow] widgets: id="" params=0 vizKinds=[]
17:03:35.961 [DEBUG] [shadow] widgets: id="" params=0 vizKinds=[]
17:03:36.006 [DEBUG] [shadow_ui] param_giveup: claim=0 response=0 error=62 last_key=global_settings_module | claimwedge: rt=0 rr=0 blocked=0ms | slow>=90ms: n=0 worst=0ms key=- where=-
17:03:36.042 [DEBUG] [shadow] param_pages fps: 58 draws / 58 ticks / 1011ms
17:03:36.209 [DEBUG] [shadow] widgets: id="" params=0 vizKinds=[]
17:03:36.477 [DEBUG] [shadow] ui_view: parampages slot=0 component=global_settings step_observe_want=true
17:03:36.479 [DEBUG] [shadow] widgets: id="" params=0 vizKinds=[]
17:03:36.729 [DEBUG] [shadow] widgets: id="" params=0 vizKinds=[]
17:03:36.867 [DEBUG] [shim] D-Bus signal: com.ableton.move.ScreenReader.text path=/com/ableton/move/screenreader sender=:1.16 arg0="Set 26"
17:03:36.867 [DEBUG] [shim] D-Bus text: "Set 26" (held_track=-1)
17:03:36.868 [DEBUG] [shim] Screen reader: Queued "Set 26" (pending=1)
17:03:36.869 [DEBUG] [shim] Screen reader: "Set 26" (injected 131 bytes to FD 12, serial=17)
17:03:36.869 [DEBUG] [shim] D-Bus signal: com.ableton.move.ScreenReader.text path=/com/ableton/move/screenreader sender=:1.16 arg0="Set 26"
17:03:36.869 [DEBUG] [shim] D-Bus text: "Set 26" (held_track=-1)
17:03:36.999 [DEBUG] [shadow] widgets: id="" params=0 vizKinds=[]
17:03:37.014 [DEBUG] [shadow_ui] param_giveup: claim=0 response=0 error=62 last_key=global_settings_module | claimwedge: rt=0 rr=0 blocked=0ms | slow>=90ms: n=0 worst=0ms key=- where=-
17:03:37.046 [DEBUG] [shadow] param_pages fps: 58 draws / 58 ticks / 1004ms
17:03:37.252 [DEBUG] [shadow] widgets: id="" params=0 vizKinds=[]
17:03:37.516 [DEBUG] [shadow] ui_view: parampages slot=0 component=global_settings step_observe_want=true
17:03:37.520 [DEBUG] [shadow] widgets: id="" params=0 vizKinds=[]
17:03:37.769 [DEBUG] [shadow] widgets: id="" params=0 vizKinds=[]
17:03:37.849 [DEBUG] [shim] D-Bus signal: com.ableton.move.ScreenReader.text path=/com/ableton/move/screenreader sender=:1.16 arg0="Set 7"
17:03:37.849 [DEBUG] [shim] D-Bus text: "Set 7" (held_track=-1)
17:03:37.850 [DEBUG] [shim] Screen reader: Queued "Set 7" (pending=1)
17:03:37.850 [DEBUG] [shim] Screen reader: "Set 7" (injected 130 bytes to FD 12, serial=18)
17:03:37.850 [DEBUG] [shim] D-Bus signal: com.ableton.move.ScreenReader.text path=/com/ableton/move/screenreader sender=:1.16 arg0="Set 7"
17:03:37.850 [DEBUG] [shim] D-Bus text: "Set 7" (held_track=-1)
17:03:38.018 [DEBUG] [shadow_ui] param_giveup: claim=0 response=0 error=61 last_key=global_settings_module | claimwedge: rt=0 rr=0 blocked=0ms | slow>=90ms: n=0 worst=0ms key=- where=-
17:03:38.041 [DEBUG] [shadow] widgets: id="" params=0 vizKinds=[]
17:03:38.054 [DEBUG] [shadow] param_pages fps: 58 draws / 58 ticks / 1008ms
17:03:38.288 [DEBUG] [shadow] widgets: id="" params=0 vizKinds=[]
17:03:38.473 [DEBUG] [shim] D-Bus signal: com.ableton.move.ScreenReader.text path=/com/ableton/move/screenreader sender=:1.16 arg0="BNYX Demo 2"
17:03:38.473 [DEBUG] [shim] D-Bus text: "BNYX Demo 2" (held_track=-1)
17:03:38.474 [DEBUG] [shim] Screen reader: Queued "BNYX Demo 2" (pending=1)
17:03:38.474 [DEBUG] [shim] Screen reader: "BNYX Demo 2" (injected 136 bytes to FD 12, serial=19)
17:03:38.474 [DEBUG] [shim] D-Bus signal: com.ableton.move.ScreenReader.text path=/com/ableton/move/screenreader sender=:1.16 arg0="BNYX Demo 2"
17:03:38.474 [DEBUG] [shim] D-Bus text: "BNYX Demo 2" (held_track=-1)
17:03:38.555 [DEBUG] [shadow] ui_view: parampages slot=0 component=global_settings step_observe_want=true
17:03:38.559 [DEBUG] [shadow] widgets: id="" params=0 vizKinds=[]
17:03:38.704 [DEBUG] [shadow] param_pages midi: 31 events (0 knob turns) / 123019ms
17:03:38.704 [DEBUG] [param_pages] touch slot=2 DOWN t=1790096618704 sincePrev=123018ms held=[]
17:03:38.706 [DEBUG] [shim] Screen reader: Queued "Speed, 2.6 x" (pending=1)
17:03:38.706 [DEBUG] [shim] Screen reader: "Speed, 2.6 x" (injected 137 bytes to FD 12, serial=20)
17:03:38.706 [DEBUG] [shim] D-Bus signal: com.ableton.move.ScreenReader.text path=/com/ableton/move/screenreader sender=:1.16 arg0="Speed, 2.6 x"
17:03:38.706 [DEBUG] [shim] D-Bus text: "Speed, 2.6 x" (held_track=-1)
17:03:38.773 [DEBUG] [shadow] SET_CHANGED flag detected — switching slot state directory
17:03:38.905 [DEBUG] [shadow] SET_CHANGED: /data/UserData/schwung/set_state/5b115672-37ee-4b44-9b79-15c31ff08f69 -> /data/UserData/schwung/set_state/d0a77c0f-64bf-4a55-94ee-cf7179b0f810
17:03:38.964 [DEBUG] [shadow] SET_CHANGED: loaded chain config from /data/UserData/schwung/set_state/d0a77c0f-64bf-4a55-94ee-cf7179b0f810/shadow_chain_config.json
17:03:38.964 [DEBUG] [shadow] SET_CHANGED: pass 1 — clearing all slots
17:03:38.976 [DEBUG] [shadow] SET_CHANGED: pass 2 — loading new slot states
17:03:38.978 [DEBUG] [shadow] SET_CHANGED: slot 1 empty state (already cleared)
17:03:38.979 [DEBUG] [shadow] SET_CHANGED: slot 2 empty state (already cleared)
17:03:38.979 [DEBUG] [shadow] SET_CHANGED: slot 3 empty state (already cleared)
17:03:38.980 [DEBUG] [shadow] SET_CHANGED: slot 4 empty state (already cleared)
17:03:39.098 [DEBUG] [shadow] SET_CHANGED: MFX 0 -> (none)
17:03:39.100 [DEBUG] [shadow] SET_CHANGED: MFX 1 -> (none)
17:03:39.104 [DEBUG] [shadow] SET_CHANGED: MFX 2 -> (none)
17:03:39.107 [DEBUG] [shadow] SET_CHANGED: MFX 3 -> (none)
17:03:39.110 [DEBUG] [shadow] SET_CHANGED: MFX 4 -> (none)
17:03:39.112 [DEBUG] [shadow] SET_CHANGED: MFX 5 -> (none)
17:03:39.115 [DEBUG] [shadow] SET_CHANGED: MFX 6 -> (none)
17:03:39.118 [DEBUG] [shadow] SET_CHANGED: MFX 7 -> (none)
17:03:39.184 [DEBUG] [shadow] snapshot: seeded from set state (set load)
17:03:39.185 [DEBUG] [shim] Screen reader: Queued "Set Loaded: Set 26" (pending=1)
17:03:39.185 [DEBUG] [shim] Screen reader: "Set Loaded: Set 26" (injected 143 bytes to FD 12, serial=21)
17:03:39.185 [DEBUG] [shim] D-Bus signal: com.ableton.move.ScreenReader.text path=/com/ableton/move/screenreader sender=:1.16 arg0="Set Loaded: Set 26"
17:03:39.185 [DEBUG] [shim] D-Bus text: "Set Loaded: Set 26" (held_track=-1)
17:03:39.186 [DEBUG] [shadow] SET_CHANGED: requested Link tempo override 79.00 BPM
17:03:39.186 [DEBUG] [shadow] SET_CHANGED: metronome beats_per_bar = 4
17:03:39.186 [DEBUG] [shadow] SET_CHANGED: reload complete
17:03:39.197 [DEBUG] [shadow] param_pages fps: 42 draws / 42 ticks / 1143ms
17:03:39.202 [DEBUG] [shadow_ui] param_giveup: claim=0 response=0 error=48 last_key=global_settings_module | claimwedge: rt=0 rr=0 blocked=0ms | slow>=90ms: n=0 worst=0ms key=- where=-
17:03:39.223 [DEBUG] [shadow] widgets: id="" params=0 vizKinds=[]
17:03:39.249 [DEBUG] [spi_timing] Frame(us): total avg=2658 max=2800 | pre avg=113 max=301 | ioctl avg=2527 max=2681 | post avg=17 max=85 | overruns=1
17:03:39.249 [DEBUG] [spi_timing] Pre(us): midi_mon=2/11 fwd_midi=2/73 mix_audio=7/40 ui_req=1/24 param=7/77 fwd_cc=0/0 proc_midi=1/26 jack_stash=1/16 drain_dsp=0/1 jack_wake=0/7 mix_buf=47/80 tts=2/20 display=7/189
17:03:39.249 [DEBUG] [spi_timing] Post(us): clear_leds=2/28 jack_midi=0/2 ui_midi=0/5 flush_leds=7/27 screenreader=0/178 jack_pre=0/3 jack_disp=0/2 pin=0/3 midi_scan=8/43 drain_dsp2=0/13 render=6/35
17:03:39.249 [DEBUG] [spi_timing] Slot render max(us): s0=0 s1=0 s2=0 s3=0 probe_burst_max=0
17:03:39.249 [DEBUG] [spi_timing] Slot synth max(us): s0=0 s1=0 s2=0 s3=0 | Slot fx max(us): s0=0 s1=0 s2=0 s3=0
17:03:39.493 [DEBUG] [shadow] widgets: id="" params=0 vizKinds=[]
17:03:39.689 [DEBUG] [param_pages] touch slot=2 up   t=1790096619689 sincePrev=985ms held=[2]
17:03:39.746 [DEBUG] [shadow] widgets: id="" params=0 vizKinds=[]
17:03:39.815 [DEBUG] [shim] D-Bus signal: com.ableton.move.ScreenReader.text path=/com/ableton/move/screenreader sender=:1.16 arg0="Set 18"
17:03:39.815 [DEBUG] [shim] D-Bus text: "Set 18" (held_track=-1)
17:03:39.817 [DEBUG] [shim] Screen reader: Queued "Set 18" (pending=1)
17:03:39.818 [DEBUG] [shim] Screen reader: "Set 18" (injected 131 bytes to FD 12, serial=22)
17:03:39.818 [DEBUG] [shim] D-Bus signal: com.ableton.move.ScreenReader.text path=/com/ableton/move/screenreader sender=:1.16 arg0="Set 18"
17:03:39.818 [DEBUG] [shim] D-Bus text: "Set 18" (held_track=-1)
17:03:40.012 [DEBUG] [shadow_ui] param_giveup: claim=0 response=0 error=50 last_key=global_settings_module | claimwedge: rt=0 rr=0 blocked=0ms | slow>=90ms: n=0 worst=0ms key=- where=-
17:03:40.012 [DEBUG] [shadow] ui_view: parampages slot=0 component=global_settings step_observe_want=true
17:03:40.015 [DEBUG] [shadow] widgets: id="" params=0 vizKinds=[]
17:03:40.213 [DEBUG] [shadow] param_pages fps: 59 draws / 59 ticks / 1016ms
17:03:40.227 [DEBUG] [shadow] SET_CHANGED flag detected — switching slot state directory
17:03:40.354 [DEBUG] [shadow] SET_CHANGED: /data/UserData/schwung/set_state/d0a77c0f-64bf-4a55-94ee-cf7179b0f810 -> /data/UserData/schwung/set_state/ab235940-bcb3-43d6-96b3-b2749c77d739
17:03:40.413 [DEBUG] [shadow] SET_CHANGED: loaded chain config from /data/UserData/schwung/set_state/ab235940-bcb3-43d6-96b3-b2749c77d739/shadow_chain_config.json
17:03:40.413 [DEBUG] [shadow] SET_CHANGED: pass 1 — clearing all slots
17:03:40.425 [DEBUG] [shadow] SET_CHANGED: pass 2 — loading new slot states
17:03:40.427 [DEBUG] [shim] [chain-v2] Loading patch: Line In + Freeverb (synth=wurl, 1 FX)
17:03:40.427 [DEBUG] [shim] [chain-v2] Loading synth: /data/UserData/schwung/modules/chain/../sound_generators/wurl/dsp.so
17:03:40.428 [DEBUG] [shim] [chain-v2] loaded wurl base=0x7f6f2d0000
17:03:40.428 [DEBUG] [chain] Parsed ui_hierarchy params: count=0
17:03:40.428 [DEBUG] [shim] [chain] Parsed ui_hierarchy params: count=0
17:03:40.428 [DEBUG] [chain] No inline params in ui_hierarchy, falling through to chain_params
17:03:40.428 [DEBUG] [shim] [chain] No inline params in ui_hierarchy, falling through to chain_params
17:03:40.428 [DEBUG] [shim] [chain-v2] Synth v2 loaded: wurl (0 params)
17:03:40.428 [DEBUG] [shim] [chain-v2] Applying synth state: 0.500000 0.500000 0.800000 0.600000 0.500000 0.000...
17:03:40.428 [DEBUG] [shim] [freeverb] Freeverb v2 plugin initialized
17:03:40.428 [DEBUG] [shim] [freeverb] Creating instance
17:03:40.429 [DEBUG] [shim] [freeverb] Instance created
17:03:40.429 [DEBUG] [chain] Parsed ui_hierarchy params: count=5
17:03:40.429 [DEBUG] [shim] [chain] Parsed ui_hierarchy params: count=5
17:03:40.429 [DEBUG] [chain]   Param[0]: key=room_size, name=Room Size, type=0
17:03:40.429 [DEBUG] [shim] [chain]   Param[0]: key=room_size, name=Room Size, type=0
17:03:40.429 [DEBUG] [chain]   Param[1]: key=damping, name=Damping, type=0
17:03:40.429 [DEBUG] [shim] [chain]   Param[1]: key=damping, name=Damping, type=0
17:03:40.429 [DEBUG] [chain]   Param[2]: key=wet, name=Wet, type=0
17:03:40.429 [DEBUG] [shim] [chain]   Param[2]: key=wet, name=Wet, type=0
17:03:40.429 [DEBUG] [chain]   Param[3]: key=dry, name=Dry, type=0
17:03:40.429 [DEBUG] [shim] [chain]   Param[3]: key=dry, name=Dry, type=0
17:03:40.429 [DEBUG] [chain]   Param[4]: key=width, name=Width, type=0
17:03:40.429 [DEBUG] [shim] [chain]   Param[4]: key=width, name=Width, type=0
17:03:40.429 [DEBUG] [shim] [chain-v2] Audio FX v2 loaded: freeverb (slot 0, 5 params)
17:03:40.429 [DEBUG] [shim] [chain-v2] Applying FX1 state: {"room_size":0.7,"damping":0.5,"wet":0.35,"dry":0....
17:03:40.429 [DEBUG] [shim] [chain-v2] Patch loaded: Line In + Freeverb
17:03:40.429 [DEBUG] [shadow] SET_CHANGED: slot 1 loaded
17:03:40.430 [DEBUG] [shadow] SET_CHANGED: slot 2 empty state (already cleared)
17:03:40.431 [DEBUG] [shadow] SET_CHANGED: slot 3 empty state (already cleared)
17:03:40.431 [DEBUG] [shadow] SET_CHANGED: slot 4 empty state (already cleared)
17:03:40.555 [DEBUG] [shadow] SET_CHANGED: MFX 0 -> (none)
17:03:40.558 [DEBUG] [shadow] SET_CHANGED: MFX 1 -> (none)
17:03:40.561 [DEBUG] [shadow] SET_CHANGED: MFX 2 -> (none)
17:03:40.564 [DEBUG] [shadow] SET_CHANGED: MFX 3 -> (none)
17:03:40.567 [DEBUG] [shadow] SET_CHANGED: MFX 4 -> (none)
17:03:40.570 [DEBUG] [shadow] SET_CHANGED: MFX 5 -> (none)
17:03:40.572 [DEBUG] [shadow] SET_CHANGED: MFX 6 -> (none)
17:03:40.575 [DEBUG] [shadow] SET_CHANGED: MFX 7 -> (none)
17:03:40.644 [DEBUG] [shadow] snapshot: seeded from set state (set load)
17:03:40.645 [DEBUG] [shim] Screen reader: Queued "Set Loaded: BNYX Demo 2" (pending=1)
17:03:40.645 [DEBUG] [shim] Screen reader: "Set Loaded: BNYX Demo 2" (injected 148 bytes to FD 12, serial=23)
17:03:40.646 [DEBUG] [shim] D-Bus signal: com.ableton.move.ScreenReader.text path=/com/ableton/move/screenreader sender=:1.16 arg0="Set Loaded: BNYX Demo 2"
17:03:40.646 [DEBUG] [shim] D-Bus text: "Set Loaded: BNYX Demo 2" (held_track=-1)
17:03:40.648 [DEBUG] [shadow] SET_CHANGED: requested Link tempo override 120.00 BPM
17:03:40.649 [DEBUG] [shadow] SET_CHANGED: metronome beats_per_bar = 4
17:03:40.649 [DEBUG] [shadow] SET_CHANGED: reload complete
17:03:40.649 [WARN ] [shim] param-slow: set slot 0 load_file took 2.203 ms on the SPI callback — the module is doing blocking work in its entry point
17:03:40.663 [DEBUG] [shadow] param_pages midi: 2 events (0 knob turns) / 1959ms
17:03:40.665 [DEBUG] [shim] Screen reader: Queued "Screen Reader, 3 of 6, 12 controls" (pending=1)
17:03:40.665 [DEBUG] [shim] Screen reader: "Screen Reader, 3 of 6, 12 controls" (injected 159 bytes to FD 12, serial=24)
17:03:40.666 [DEBUG] [shim] D-Bus signal: com.ableton.move.ScreenReader.text path=/com/ableton/move/screenreader sender=:1.16 arg0="Screen Reader, 3 of 6, 12 controls"
17:03:40.666 [DEBUG] [shim] D-Bus text: "Screen Reader, 3 of 6, 12 controls" (held_track=-1)
17:03:40.686 [DEBUG] [shadow] widgets: id="" params=0 vizKinds=[]
17:03:40.958 [DEBUG] [shadow] widgets: id="" params=0 vizKinds=[]
17:03:41.005 [DEBUG] [shadow_ui] param_giveup: claim=0 response=0 error=37 last_key=global_settings_module | claimwedge: rt=0 rr=0 blocked=0ms | slow>=90ms: n=0 worst=0ms key=- where=-
17:03:41.209 [DEBUG] [shadow] widgets: id="" params=0 vizKinds=[]
17:03:41.223 [DEBUG] [shadow] param_pages fps: 34 draws / 34 ticks / 1010ms
17:03:41.478 [DEBUG] [shadow] ui_view: parampages slot=0 component=global_settings step_observe_want=true
17:03:41.481 [DEBUG] [shadow] widgets: id="" params=0 vizKinds=[]
17:03:41.679 [DEBUG] [shadow] SET_CHANGED flag detected — switching slot state directory
17:03:41.844 [DEBUG] [shadow] SET_CHANGED: /data/UserData/schwung/set_state/ab235940-bcb3-43d6-96b3-b2749c77d739 -> /data/UserData/schwung/set_state/5507a17b-9798-4998-b2c9-e9b2c877dca7
17:03:41.902 [DEBUG] [shadow] SET_CHANGED: loaded chain config from /data/UserData/schwung/set_state/5507a17b-9798-4998-b2c9-e9b2c877dca7/shadow_chain_config.json
17:03:41.902 [DEBUG] [shadow] SET_CHANGED: pass 1 — clearing all slots
17:03:41.904 [DEBUG] [shim] [freeverb] Destroying instance
17:03:41.914 [DEBUG] [shadow] SET_CHANGED: pass 2 — loading new slot states
17:03:41.915 [DEBUG] [shadow] SET_CHANGED: slot 1 empty state (already cleared)
17:03:41.917 [DEBUG] [shadow] SET_CHANGED: slot 2 empty state (already cleared)
17:03:41.917 [DEBUG] [shadow] SET_CHANGED: slot 3 empty state (already cleared)
17:03:41.918 [DEBUG] [shadow] SET_CHANGED: slot 4 empty state (already cleared)
17:03:42.035 [DEBUG] [shadow] SET_CHANGED: MFX 0 -> (none)
17:03:42.038 [DEBUG] [shadow] SET_CHANGED: MFX 1 -> (none)
17:03:42.041 [DEBUG] [shadow] SET_CHANGED: MFX 2 -> (none)
17:03:42.044 [DEBUG] [shadow] SET_CHANGED: MFX 3 -> (none)
17:03:42.047 [DEBUG] [shadow] SET_CHANGED: MFX 4 -> (none)
17:03:42.050 [DEBUG] [shadow] SET_CHANGED: MFX 5 -> (none)
17:03:42.053 [DEBUG] [shadow] SET_CHANGED: MFX 6 -> (none)
17:03:42.055 [DEBUG] [shadow] SET_CHANGED: MFX 7 -> (none)
17:03:42.121 [DEBUG] [shadow] snapshot: seeded from set state (set load)
17:03:42.122 [DEBUG] [shim] Screen reader: Queued "Set Loaded: Set 18" (pending=1)
17:03:42.122 [DEBUG] [shim] Screen reader: "Set Loaded: Set 18" (injected 143 bytes to FD 12, serial=25)
17:03:42.123 [DEBUG] [shim] D-Bus signal: com.ableton.move.ScreenReader.text path=/com/ableton/move/screenreader sender=:1.16 arg0="Set Loaded: Set 18"
17:03:42.123 [DEBUG] [shim] D-Bus text: "Set Loaded: Set 18" (held_track=-1)
17:03:42.124 [DEBUG] [shadow] SET_CHANGED: requested Link tempo override 135.00 BPM
17:03:42.136 [DEBUG] [shadow] SET_CHANGED: metronome beats_per_bar = unknown (shim clamps to 4)
17:03:42.137 [DEBUG] [shadow] SET_CHANGED: reload complete
17:03:42.140 [DEBUG] [shadow_ui] param_giveup: claim=0 response=0 error=42 last_key=global_settings_module | claimwedge: rt=0 rr=0 blocked=0ms | slow>=90ms: n=0 worst=0ms key=- where=-
17:03:42.178 [DEBUG] [shadow] widgets: id="" params=0 vizKinds=[]
17:03:42.236 [DEBUG] [shadow] param_pages fps: 32 draws / 32 ticks / 1013ms
17:03:42.447 [DEBUG] [shadow] widgets: id="" params=0 vizKinds=[]
17:03:42.700 [DEBUG] [shadow] widgets: id="" params=0 vizKinds=[]
17:03:42.759 [DEBUG] [shim] D-Bus signal: com.ableton.move.ScreenReader.text path=/com/ableton/move/screenreader sender=:1.16 arg0="Set 20"
17:03:42.759 [DEBUG] [shim] D-Bus text: "Set 20" (held_track=-1)
17:03:42.761 [DEBUG] [shim] Screen reader: Queued "Set 20" (pending=1)
17:03:42.761 [DEBUG] [shim] Screen reader: "Set 20" (injected 131 bytes to FD 12, serial=26)
17:03:42.761 [DEBUG] [shim] D-Bus signal: com.ableton.move.ScreenReader.text path=/com/ableton/move/screenreader sender=:1.16 arg0="Set 20"
17:03:42.762 [DEBUG] [shim] D-Bus text: "Set 20" (held_track=-1)
17:03:42.964 [DEBUG] [shadow] ui_view: parampages slot=0 component=global_settings step_observe_want=true
17:03:42.967 [DEBUG] [shadow] widgets: id="" params=0 vizKinds=[]
17:03:43.013 [DEBUG] [shadow_ui] param_giveup: claim=0 response=0 error=54 last_key=global_settings_module | claimwedge: rt=0 rr=0 blocked=0ms | slow>=90ms: n=0 worst=0ms key=- where=-
17:03:43.217 [DEBUG] [shadow] widgets: id="" params=0 vizKinds=[]
17:03:43.249 [DEBUG] [shadow] param_pages fps: 59 draws / 59 ticks / 1013ms
17:03:43.490 [DEBUG] [shadow] widgets: id="" params=0 vizKinds=[]
17:03:43.739 [DEBUG] [shadow] widgets: id="" params=0 vizKinds=[]
17:03:43.904 [DEBUG] [shim] Track button: CC41 (track 3) pressed -> held_track=2
17:03:43.904 [DEBUG] [shim] Selected slot: 2 (Track 3)
17:03:43.917 [DEBUG] [shadow] param_pages midi: 2 events (0 knob turns) / 3253ms
17:03:43.922 [DEBUG] [shim] Screen reader: Queued "Track 3, Slot 3" (pending=1)
17:03:43.922 [DEBUG] [shim] Screen reader: "Track 3, Slot 3" (injected 140 bytes to FD 12, serial=27)
17:03:43.922 [DEBUG] [shim] D-Bus signal: com.ableton.move.ScreenReader.text path=/com/ableton/move/screenreader sender=:1.16 arg0="Track 3, Slot 3"
17:03:43.922 [DEBUG] [shim] D-Bus text: "Track 3, Slot 3" (held_track=2)
17:03:43.936 [DEBUG] [shim] Screen reader: Queued "Slot 3, Synth (empty)" (pending=1)
17:03:43.936 [DEBUG] [shim] Screen reader: "Slot 3, Synth (empty)" (injected 146 bytes to FD 12, serial=28)
17:03:43.937 [DEBUG] [shim] D-Bus signal: com.ableton.move.ScreenReader.text path=/com/ableton/move/screenreader sender=:1.16 arg0="Slot 3, Synth (empty)"
17:03:43.937 [DEBUG] [shim] D-Bus text: "Slot 3, Synth (empty)" (held_track=2)
17:03:43.941 [DEBUG] [shim] D-Bus signal: com.ableton.move.ScreenReader.text path=/com/ableton/move/screenreader sender=:1.16 arg0="Sampler"
17:03:43.941 [DEBUG] [shim] D-Bus text: "Sampler" (held_track=2)
17:03:43.942 [DEBUG] [shim] Screen reader: Queued "Sampler" (pending=1)
17:03:43.942 [DEBUG] [shim] Screen reader: "Sampler" (injected 132 bytes to FD 12, serial=29)
17:03:43.943 [DEBUG] [shim] D-Bus signal: com.ableton.move.ScreenReader.text path=/com/ableton/move/screenreader sender=:1.16 arg0="Sampler"
17:03:43.943 [DEBUG] [shim] D-Bus text: "Sampler" (held_track=2)
17:03:43.990 [DEBUG] [shadow_ui] shadow_ui: step_observe OFF
17:03:44.043 [DEBUG] [shim] Track button: CC41 (track 3) released -> held_track=-1
17:03:44.065 [DEBUG] [shadow] ui_view: chainedit slot=0 component=global_settings step_observe_want=false
17:03:44.250 [DEBUG] [spi_timing] Frame(us): total avg=2629 max=2956 | pre avg=132 max=2315 | ioctl avg=2424 max=2632 | post avg=71 max=190 | overruns=2
17:03:44.250 [DEBUG] [spi_timing] Pre(us): midi_mon=2/21 fwd_midi=2/72 mix_audio=8/47 ui_req=1/24 param=13/2212 fwd_cc=0/1 proc_midi=1/30 jack_stash=1/24 drain_dsp=0/18 jack_wake=0/3 mix_buf=55/100 tts=7/36 display=7/174
17:03:44.250 [DEBUG] [spi_timing] Post(us): clear_leds=3/29 jack_midi=0/3 ui_midi=1/23 flush_leds=7/27 screenreader=0/296 jack_pre=0/7 jack_disp=0/4 pin=0/3 midi_scan=9/28 drain_dsp2=0/6 render=59/180
17:03:44.250 [DEBUG] [spi_timing] Slot render max(us): s0=174 s1=0 s2=0 s3=0 probe_burst_max=1
17:03:44.250 [DEBUG] [spi_timing] Slot synth max(us): s0=111 s1=0 s2=0 s3=0 | Slot fx max(us): s0=70 s1=0 s2=0 s3=0
17:03:44.540 [DEBUG] [shim] Track button: CC41 (track 3) pressed -> held_track=2
17:03:44.546 [DEBUG] [shim] Screen reader: Queued "Track 3, Slot 3" (pending=1)
17:03:44.546 [DEBUG] [shim] Screen reader: "Track 3, Slot 3" (injected 140 bytes to FD 12, serial=30)
17:03:44.546 [DEBUG] [shim] D-Bus signal: com.ableton.move.ScreenReader.text path=/com/ableton/move/screenreader sender=:1.16 arg0="Track 3, Slot 3"
17:03:44.546 [DEBUG] [shim] D-Bus text: "Track 3, Slot 3" (held_track=2)
17:03:44.569 [DEBUG] [shim] Screen reader: Queued "Slot 3, Synth (empty)" (pending=1)
17:03:44.569 [DEBUG] [shim] Screen reader: "Slot 3, Synth (empty)" (injected 146 bytes to FD 12, serial=31)
17:03:44.570 [DEBUG] [shim] D-Bus signal: com.ableton.move.ScreenReader.text path=/com/ableton/move/screenreader sender=:1.16 arg0="Slot 3, Synth (empty)"
17:03:44.570 [DEBUG] [shim] D-Bus text: "Slot 3, Synth (empty)" (held_track=2)
17:03:44.596 [DEBUG] [shadow] SET_CHANGED flag detected — switching slot state directory
17:03:44.650 [DEBUG] [shim] Track button: CC41 (track 3) released -> held_track=-1
17:03:44.729 [DEBUG] [shadow] SET_CHANGED: /data/UserData/schwung/set_state/5507a17b-9798-4998-b2c9-e9b2c877dca7 -> /data/UserData/schwung/set_state/8c1c2ed5-7422-469c-87b5-9adb2aed099d
17:03:44.786 [DEBUG] [shim] Track button: CC40 (track 4) pressed -> held_track=3
17:03:44.786 [DEBUG] [shim] Selected slot: 3 (Track 4)
17:03:44.787 [DEBUG] [shadow] SET_CHANGED: loaded chain config from /data/UserData/schwung/set_state/8c1c2ed5-7422-469c-87b5-9adb2aed099d/shadow_chain_config.json
17:03:44.787 [DEBUG] [shadow] SET_CHANGED: pass 1 — clearing all slots
17:03:44.798 [DEBUG] [shadow] SET_CHANGED: pass 2 — loading new slot states
17:03:44.800 [DEBUG] [shadow] SET_CHANGED: slot 1 empty state (already cleared)
17:03:44.800 [DEBUG] [shadow] SET_CHANGED: slot 2 empty state (already cleared)
17:03:44.801 [DEBUG] [shadow] SET_CHANGED: slot 3 empty state (already cleared)
17:03:44.802 [DEBUG] [shadow] SET_CHANGED: slot 4 empty state (already cleared)
17:03:44.823 [DEBUG] [shim] D-Bus signal: com.ableton.move.ScreenReader.text path=/com/ableton/move/screenreader sender=:1.16 arg0="Steel Pan"
17:03:44.823 [DEBUG] [shim] D-Bus text: "Steel Pan" (held_track=3)
17:03:44.825 [DEBUG] [shim] Screen reader: Queued "Steel Pan" (pending=1)
17:03:44.825 [DEBUG] [shim] Screen reader: "Steel Pan" (injected 134 bytes to FD 12, serial=32)
17:03:44.825 [DEBUG] [shim] D-Bus signal: com.ableton.move.ScreenReader.text path=/com/ableton/move/screenreader sender=:1.16 arg0="Steel Pan"
17:03:44.825 [DEBUG] [shim] D-Bus text: "Steel Pan" (held_track=3)
17:03:44.921 [DEBUG] [shadow] SET_CHANGED: MFX 0 -> (none)
17:03:44.924 [DEBUG] [shadow] SET_CHANGED: MFX 1 -> (none)
17:03:44.927 [DEBUG] [shadow] SET_CHANGED: MFX 2 -> (none)
17:03:44.929 [DEBUG] [shadow] SET_CHANGED: MFX 3 -> (none)
17:03:44.932 [DEBUG] [shadow] SET_CHANGED: MFX 4 -> (none)
17:03:44.935 [DEBUG] [shadow] SET_CHANGED: MFX 5 -> (none)
17:03:44.938 [DEBUG] [shadow] SET_CHANGED: MFX 6 -> (none)
17:03:44.941 [DEBUG] [shadow] SET_CHANGED: MFX 7 -> (none)
17:03:44.969 [DEBUG] [shim] Track button: CC40 (track 4) released -> held_track=-1
17:03:45.009 [DEBUG] [shadow] snapshot: seeded from set state (set load)
17:03:45.011 [DEBUG] [shim] Screen reader: Queued "Set Loaded: Set 20" (pending=1)
17:03:45.011 [DEBUG] [shim] Screen reader: "Set Loaded: Set 20" (injected 143 bytes to FD 12, serial=33)
17:03:45.011 [DEBUG] [shim] D-Bus signal: com.ableton.move.ScreenReader.text path=/com/ableton/move/screenreader sender=:1.16 arg0="Set Loaded: Set 20"
17:03:45.011 [DEBUG] [shim] D-Bus text: "Set Loaded: Set 20" (held_track=-1)
17:03:45.012 [DEBUG] [shadow] SET_CHANGED: requested Link tempo override 91.00 BPM
17:03:45.012 [DEBUG] [shadow] SET_CHANGED: metronome beats_per_bar = 4
17:03:45.012 [DEBUG] [shadow] SET_CHANGED: reload complete
17:03:45.014 [DEBUG] [shadow_ui] param_giveup: claim=0 response=0 error=73 last_key=knob_1_name | claimwedge: rt=0 rr=0 blocked=0ms | slow>=90ms: n=0 worst=0ms key=- where=-
17:03:45.072 [DEBUG] [shim] Screen reader: Queued "Track 4, Slot 4" (pending=1)
17:03:45.072 [DEBUG] [shim] Screen reader: "Track 4, Slot 4" (injected 140 bytes to FD 12, serial=34)
17:03:45.072 [DEBUG] [shim] D-Bus signal: com.ableton.move.ScreenReader.text path=/com/ableton/move/screenreader sender=:1.16 arg0="Track 4, Slot 4"
17:03:45.072 [DEBUG] [shim] D-Bus text: "Track 4, Slot 4" (held_track=-1)
17:03:45.083 [DEBUG] [shim] Screen reader: Queued "Slot 4, Synth (empty)" (pending=1)
17:03:45.083 [DEBUG] [shim] Screen reader: "Slot 4, Synth (empty)" (injected 146 bytes to FD 12, serial=35)
17:03:45.084 [DEBUG] [shim] D-Bus signal: com.ableton.move.ScreenReader.text path=/com/ableton/move/screenreader sender=:1.16 arg0="Slot 4, Synth (empty)"
17:03:45.084 [DEBUG] [shim] D-Bus text: "Slot 4, Synth (empty)" (held_track=-1)
17:03:45.606 [DEBUG] [shadow] ui_view: chainedit slot=0 component=global_settings step_observe_want=false
17:03:46.674 [DEBUG] [shadow] ui_view: chainedit slot=0 component=global_settings step_observe_want=false
17:03:47.501 [DEBUG] [shadow_ui] param_giveup: claim=0 response=0 error=16 last_key=synth:name | claimwedge: rt=0 rr=0 blocked=0ms | slow>=90ms: n=0 worst=0ms key=- where=-
17:03:47.501 [DEBUG] [shadow] buildKnobContext: slot=3, comp=synth, prefix=synth, pluginName=, moduleId=
17:03:47.507 [DEBUG] [shadow] buildKnobContext: slot=3, comp=synth, prefix=synth, pluginName=, moduleId=
17:03:47.513 [DEBUG] [shadow] buildKnobContext: slot=3, comp=synth, prefix=synth, pluginName=, moduleId=
17:03:47.518 [DEBUG] [shadow] buildKnobContext: slot=3, comp=synth, prefix=synth, pluginName=, moduleId=
17:03:47.524 [DEBUG] [shadow] buildKnobContext: slot=3, comp=synth, prefix=synth, pluginName=, moduleId=
17:03:47.530 [DEBUG] [shadow] buildKnobContext: slot=3, comp=synth, prefix=synth, pluginName=, moduleId=
17:03:47.536 [DEBUG] [shadow] buildKnobContext: slot=3, comp=synth, prefix=synth, pluginName=, moduleId=
17:03:47.542 [DEBUG] [shadow] buildKnobContext: slot=3, comp=synth, prefix=synth, pluginName=, moduleId=
17:03:47.550 [DEBUG] [shim] Screen reader: Queued "S4 Synth: No Module Selected" (pending=1)
17:03:47.550 [DEBUG] [shim] Screen reader: "S4 Synth: No Module Selected" (injected 153 bytes to FD 12, serial=36)
17:03:47.551 [DEBUG] [shim] D-Bus signal: com.ableton.move.ScreenReader.text path=/com/ableton/move/screenreader sender=:1.16 arg0="S4 Synth: No Module Selected"
17:03:47.551 [DEBUG] [shim] D-Bus text: "S4 Synth: No Module Selected" (held_track=-1)
17:03:47.786 [DEBUG] [shadow] ui_view: chainedit slot=0 component=global_settings step_observe_want=false
17:03:47.802 [DEBUG] [shim] Volume knob touch: ON
17:03:47.813 [DEBUG] [shim] D-Bus signal: com.ableton.move.ScreenReader.text path=/com/ableton/move/screenreader sender=:1.16 arg0=""
17:03:48.148 [DEBUG] [shim] Master volume: x=120 pos=0.983 dB=-0.7 amp=0.9220
17:03:48.183 [DEBUG] [shim] Master volume: x=119 pos=0.975 dB=-1.1 amp=0.8854
17:03:48.218 [DEBUG] [shim] Master volume: x=114 pos=0.932 dB=-2.8 amp=0.7227
17:03:48.253 [DEBUG] [shim] Master volume: x=112 pos=0.915 dB=-3.5 amp=0.6664
17:03:48.288 [DEBUG] [shim] Master volume: x=108 pos=0.881 dB=-4.9 amp=0.5665
17:03:48.322 [DEBUG] [shim] Master volume: x=107 pos=0.873 dB=-5.3 amp=0.5440
17:03:48.615 [DEBUG] [shim] Volume knob touch: OFF
17:03:48.640 [DEBUG] [shim] D-Bus signal: com.ableton.move.ScreenReader.text path=/com/ableton/move/screenreader sender=:1.16 arg0="Steel Pan"
17:03:48.640 [DEBUG] [shim] D-Bus text: "Steel Pan" (held_track=-1)
17:03:48.642 [DEBUG] [shim] Screen reader: Queued "Steel Pan" (pending=1)
17:03:48.642 [DEBUG] [shim] Screen reader: "Steel Pan" (injected 134 bytes to FD 12, serial=37)
17:03:48.642 [DEBUG] [shim] D-Bus signal: com.ableton.move.ScreenReader.text path=/com/ableton/move/screenreader sender=:1.16 arg0="Steel Pan"
17:03:48.642 [DEBUG] [shim] D-Bus text: "Steel Pan" (held_track=-1)
17:03:48.854 [DEBUG] [shadow] ui_view: chainedit slot=0 component=global_settings step_observe_want=false
17:03:49.250 [DEBUG] [spi_timing] Frame(us): total avg=2433 max=2572 | pre avg=118 max=312 | ioctl avg=2291 max=2445 | post avg=21 max=97 | overruns=2
17:03:49.250 [DEBUG] [spi_timing] Pre(us): midi_mon=2/23 fwd_midi=3/73 mix_audio=8/37 ui_req=1/16 param=9/45 fwd_cc=0/0 proc_midi=2/44 jack_stash=1/5 drain_dsp=0/1 jack_wake=0/25 mix_buf=47/76 tts=4/24 display=8/209
17:03:49.250 [DEBUG] [spi_timing] Post(us): clear_leds=3/20 jack_midi=0/0 ui_midi=1/22 flush_leds=7/29 screenreader=0/191 jack_pre=0/3 jack_disp=0/0 pin=0/19 midi_scan=8/84 drain_dsp2=0/4 render=10/32
17:03:49.250 [DEBUG] [spi_timing] Slot render max(us): s0=25 s1=0 s2=0 s3=0 probe_burst_max=1
17:03:49.250 [DEBUG] [spi_timing] Slot synth max(us): s0=4 s1=0 s2=0 s3=0 | Slot fx max(us): s0=0 s1=0 s2=0 s3=0
17:03:49.436 [DEBUG] [shim] Volume knob touch: ON
17:03:49.472 [DEBUG] [shim] D-Bus signal: com.ableton.move.ScreenReader.text path=/com/ableton/move/screenreader sender=:1.16 arg0=""
17:03:49.922 [DEBUG] [shadow] ui_view: chainedit slot=0 component=global_settings step_observe_want=false
17:03:50.137 [DEBUG] [shim] Master volume: x=84 pos=0.678 dB=-13.1 amp=0.2204
17:03:50.313 [DEBUG] [shim] Volume knob touch: OFF
17:03:50.337 [DEBUG] [shim] D-Bus signal: com.ableton.move.ScreenReader.text path=/com/ableton/move/screenreader sender=:1.16 arg0="Steel Pan"
17:03:50.337 [DEBUG] [shim] D-Bus text: "Steel Pan" (held_track=-1)
17:03:50.990 [DEBUG] [shadow] ui_view: chainedit slot=0 component=global_settings step_observe_want=false
17:03:52.059 [DEBUG] [shadow] ui_view: chainedit slot=0 component=global_settings step_observe_want=false
17:03:53.138 [DEBUG] [shadow] ui_view: chainedit slot=0 component=global_settings step_observe_want=false
17:03:54.212 [DEBUG] [shadow] ui_view: chainedit slot=0 component=global_settings step_observe_want=false
17:03:54.250 [DEBUG] [spi_timing] Frame(us): total avg=2431 max=2650 | pre avg=113 max=367 | ioctl avg=2295 max=2448 | post avg=21 max=125 | overruns=2
17:03:54.250 [DEBUG] [spi_timing] Pre(us): midi_mon=2/30 fwd_midi=3/65 mix_audio=8/24 ui_req=1/20 param=9/37 fwd_cc=0/0 proc_midi=1/37 jack_stash=1/22 drain_dsp=0/5 jack_wake=0/8 mix_buf=47/78 tts=1/13 display=8/211
17:03:54.250 [DEBUG] [spi_timing] Post(us): clear_leds=3/24 jack_midi=0/3 ui_midi=0/3 flush_leds=7/35 screenreader=0/0 jack_pre=0/0 jack_disp=0/5 pin=0/23 midi_scan=8/111 drain_dsp2=0/8 render=10/34
17:03:54.251 [DEBUG] [spi_timing] Slot render max(us): s0=11 s1=0 s2=0 s3=0 probe_burst_max=1
17:03:54.251 [DEBUG] [spi_timing] Slot synth max(us): s0=4 s1=0 s2=0 s3=0 | Slot fx max(us): s0=0 s1=0 s2=0 s3=0
17:03:55.280 [DEBUG] [shadow] ui_view: chainedit slot=0 component=global_settings step_observe_want=false
17:03:55.350 [DEBUG] [shadow_ui] param_giveup: claim=0 response=0 error=10 last_key=synth:ui_hierarchy | claimwedge: rt=0 rr=0 blocked=0ms | slow>=90ms: n=0 worst=0ms key=- where=-
17:03:55.356 [DEBUG] [shim] Screen reader: Queued "S4 Synth: No Module Selected" (pending=1)
17:03:55.356 [DEBUG] [shim] Screen reader: "S4 Synth: No Module Selected" (injected 153 bytes to FD 12, serial=38)
17:03:55.356 [DEBUG] [shim] D-Bus signal: com.ableton.move.ScreenReader.text path=/com/ableton/move/screenreader sender=:1.16 arg0="S4 Synth: No Module Selected"
17:03:55.356 [DEBUG] [shim] D-Bus text: "S4 Synth: No Module Selected" (held_track=-1)
17:03:55.621 [DEBUG] [shim] D-Bus signal: org.freedesktop.DBus.ObjectManager.InterfacesRemoved path=/ sender=:1.0
17:03:55.621 [DEBUG] [shim] D-Bus signal: org.freedesktop.DBus.ObjectManager.InterfacesRemoved path=/ sender=:1.0
17:03:55.621 [DEBUG] [shim] D-Bus signal: org.freedesktop.DBus.ObjectManager.InterfacesRemoved path=/ sender=:1.0
17:03:55.621 [DEBUG] [shim] D-Bus signal: org.freedesktop.DBus.ObjectManager.InterfacesRemoved path=/ sender=:1.0
17:03:55.722 [DEBUG] [shim] D-Bus signal: net.connman.Manager.ServicesChanged path=/ sender=:1.0
17:03:56.349 [DEBUG] [shadow] ui_view: chainedit slot=0 component=global_settings step_observe_want=false
17:03:56.435 [DEBUG] [shim] Screen reader: Queued "Add MIDI FX" (pending=1)
17:03:56.436 [DEBUG] [shim] Screen reader: "Add MIDI FX" (injected 136 bytes to FD 12, serial=375)
17:03:56.436 [DEBUG] [shim] D-Bus signal: com.ableton.move.ScreenReader.text path=/com/ableton/move/screenreader sender=:1.16 arg0="Add MIDI FX"
17:03:56.436 [DEBUG] [shim] D-Bus text: "Add MIDI FX" (held_track=-1)
17:03:56.467 [DEBUG] [shim] Screen reader: Queued "Patch Selection" (pending=1)
17:03:56.467 [DEBUG] [shim] Screen reader: "Patch Selection" (injected 140 bytes to FD 12, serial=376)
17:03:56.468 [DEBUG] [shim] D-Bus signal: com.ableton.move.ScreenReader.text path=/com/ableton/move/screenreader sender=:1.16 arg0="Patch Selection"
17:03:56.468 [DEBUG] [shim] D-Bus text: "Patch Selection" (held_track=-1)
17:03:56.485 [DEBUG] [shim] Screen reader: Queued "Patch Selection" (pending=1)
17:03:56.485 [DEBUG] [shim] Screen reader: "Patch Selection" (injected 140 bytes to FD 12, serial=377)
17:03:56.485 [DEBUG] [shim] D-Bus signal: com.ableton.move.ScreenReader.text path=/com/ableton/move/screenreader sender=:1.16 arg0="Patch Selection"
17:03:56.485 [DEBUG] [shim] D-Bus text: "Patch Selection" (held_track=-1)
17:03:56.522 [DEBUG] [shim] Screen reader: Queued "Patch Selection" (pending=1)
17:03:56.523 [DEBUG] [shim] Screen reader: "Patch Selection" (injected 140 bytes to FD 12, serial=378)
17:03:56.523 [DEBUG] [shim] D-Bus signal: com.ableton.move.ScreenReader.text path=/com/ableton/move/screenreader sender=:1.16 arg0="Patch Selection"
17:03:56.523 [DEBUG] [shim] D-Bus text: "Patch Selection" (held_track=-1)
17:03:56.557 [DEBUG] [shim] Screen reader: Queued "Patch Selection" (pending=1)
17:03:56.557 [DEBUG] [shim] Screen reader: "Patch Selection" (injected 140 bytes to FD 12, serial=379)
17:03:56.558 [DEBUG] [shim] D-Bus signal: com.ableton.move.ScreenReader.text path=/com/ableton/move/screenreader sender=:1.16 arg0="Patch Selection"
17:03:56.558 [DEBUG] [shim] D-Bus text: "Patch Selection" (held_track=-1)
17:03:56.903 [DEBUG] [shim] Screen reader: Queued "Add MIDI FX" (pending=1)
17:03:56.903 [DEBUG] [shim] Screen reader: "Add MIDI FX" (injected 136 bytes to FD 12, serial=380)
17:03:56.903 [DEBUG] [shim] D-Bus signal: com.ableton.move.ScreenReader.text path=/com/ableton/move/screenreader sender=:1.16 arg0="Add MIDI FX"
17:03:56.903 [DEBUG] [shim] D-Bus text: "Add MIDI FX" (held_track=-1)
17:03:57.417 [DEBUG] [shadow] ui_view: chainedit slot=0 component=global_settings step_observe_want=false
17:03:57.724 [DEBUG] [shim] Screen reader: Queued "Synth: Empty" (pending=1)
17:03:57.724 [DEBUG] [shim] Screen reader: "Synth: Empty" (injected 137 bytes to FD 12, serial=381)
17:03:57.724 [DEBUG] [shim] D-Bus signal: com.ableton.move.ScreenReader.text path=/com/ableton/move/screenreader sender=:1.16 arg0="Synth: Empty"
17:03:57.724 [DEBUG] [shim] D-Bus text: "Synth: Empty" (held_track=-1)
17:03:58.278 [DEBUG] [shim] Screen reader: Queued "Add MIDI FX" (pending=1)
17:03:58.279 [DEBUG] [shim] Screen reader: "Add MIDI FX" (injected 136 bytes to FD 12, serial=382)
17:03:58.279 [DEBUG] [shim] D-Bus signal: com.ableton.move.ScreenReader.text path=/com/ableton/move/screenreader sender=:1.16 arg0="Add MIDI FX"
17:03:58.279 [DEBUG] [shim] D-Bus text: "Add MIDI FX" (held_track=-1)
17:03:58.494 [DEBUG] [shadow] ui_view: chainedit slot=0 component=global_settings step_observe_want=false
17:03:58.847 [DEBUG] [shim] Screen reader: Queued "Patch Selection" (pending=1)
17:03:58.847 [DEBUG] [shim] Screen reader: "Patch Selection" (injected 140 bytes to FD 12, serial=383)
17:03:58.848 [DEBUG] [shim] D-Bus signal: com.ableton.move.ScreenReader.text path=/com/ableton/move/screenreader sender=:1.16 arg0="Patch Selection"
17:03:58.848 [DEBUG] [shim] D-Bus text: "Patch Selection" (held_track=-1)
17:03:59.251 [DEBUG] [spi_timing] Frame(us): total avg=2536 max=2786 | pre avg=115 max=323 | ioctl avg=2398 max=2684 | post avg=20 max=45 | overruns=2
17:03:59.251 [DEBUG] [spi_timing] Pre(us): midi_mon=2/25 fwd_midi=2/67 mix_audio=8/39 ui_req=1/21 param=9/40 fwd_cc=0/1 proc_midi=1/35 jack_stash=1/4 drain_dsp=0/11 jack_wake=0/3 mix_buf=47/76 tts=6/31 display=7/192
17:03:59.251 [DEBUG] [spi_timing] Post(us): clear_leds=2/12 jack_midi=0/5 ui_midi=0/23 flush_leds=7/30 screenreader=1/214 jack_pre=0/2 jack_disp=0/0 pin=0/1 midi_scan=8/32 drain_dsp2=0/20 render=10/34
17:03:59.251 [DEBUG] [spi_timing] Slot render max(us): s0=21 s1=0 s2=0 s3=0 probe_burst_max=1
17:03:59.251 [DEBUG] [spi_timing] Slot synth max(us): s0=4 s1=0 s2=0 s3=0 | Slot fx max(us): s0=0 s1=0 s2=0 s3=0
17:03:59.498 [DEBUG] [shim] Screen reader: Queued "Patch Selection" (pending=1)
17:03:59.498 [DEBUG] [shim] Screen reader: "Patch Selection" (injected 140 bytes to FD 12, serial=384)
17:03:59.498 [DEBUG] [shim] D-Bus signal: com.ableton.move.ScreenReader.text path=/com/ableton/move/screenreader sender=:1.16 arg0="Patch Selection"
17:03:59.498 [DEBUG] [shim] D-Bus text: "Patch Selection" (held_track=-1)
17:03:59.571 [DEBUG] [shadow] ui_view: chainedit slot=0 component=global_settings step_observe_want=false
17:04:00.639 [DEBUG] [shadow] ui_view: chainedit slot=0 component=global_settings step_observe_want=false
17:04:01.707 [DEBUG] [shadow] ui_view: chainedit slot=0 component=global_settings step_observe_want=false
17:04:02.626 [DEBUG] [shim] D-Bus signal: com.ableton.move.ScreenReader.text path=/com/ableton/move/screenreader sender=:1.16 arg0="Steel Pan High Tenor C4"
17:04:02.626 [DEBUG] [shim] D-Bus text: "Steel Pan High Tenor C4" (held_track=-1)
17:04:02.627 [DEBUG] [shim] Screen reader: Queued "Steel Pan High Tenor C4" (pending=1)
17:04:02.627 [DEBUG] [shim] Screen reader: "Steel Pan High Tenor C4" (injected 148 bytes to FD 12, serial=385)
17:04:02.627 [DEBUG] [shim] D-Bus signal: com.ableton.move.ScreenReader.text path=/com/ableton/move/screenreader sender=:1.16 arg0="Steel Pan High Tenor C4"
17:04:02.627 [DEBUG] [shim] D-Bus text: "Steel Pan High Tenor C4" (held_track=-1)
17:04:02.775 [DEBUG] [shadow] ui_view: chainedit slot=0 component=global_settings step_observe_want=false
17:04:02.913 [DEBUG] [shim] D-Bus signal: com.ableton.move.ScreenReader.text path=/com/ableton/move/screenreader sender=:1.16 arg0="Steel Pan"
17:04:02.913 [DEBUG] [shim] D-Bus text: "Steel Pan" (held_track=-1)
17:04:02.914 [DEBUG] [shim] Screen reader: Queued "Steel Pan" (pending=1)
17:04:02.914 [DEBUG] [shim] Screen reader: "Steel Pan" (injected 134 bytes to FD 12, serial=386)
17:04:02.914 [DEBUG] [shim] D-Bus signal: com.ableton.move.ScreenReader.text path=/com/ableton/move/screenreader sender=:1.16 arg0="Steel Pan"
17:04:02.914 [DEBUG] [shim] D-Bus text: "Steel Pan" (held_track=-1)
17:04:03.552 [DEBUG] [shim] D-Bus signal: com.ableton.move.ScreenReader.text path=/com/ableton/move/screenreader sender=:1.16 arg0="Steel Pan High Tenor C4"
17:04:03.552 [DEBUG] [shim] D-Bus text: "Steel Pan High Tenor C4" (held_track=-1)
17:04:03.553 [DEBUG] [shim] Screen reader: Queued "Steel Pan High Tenor C4" (pending=1)
17:04:03.553 [DEBUG] [shim] Screen reader: "Steel Pan High Tenor C4" (injected 148 bytes to FD 12, serial=387)
17:04:03.553 [DEBUG] [shim] D-Bus signal: com.ableton.move.ScreenReader.text path=/com/ableton/move/screenreader sender=:1.16 arg0="Steel Pan High Tenor C4"
17:04:03.553 [DEBUG] [shim] D-Bus text: "Steel Pan High Tenor C4" (held_track=-1)
17:04:03.852 [DEBUG] [shadow] ui_view: chainedit slot=0 component=global_settings step_observe_want=false
17:04:04.251 [DEBUG] [spi_timing] Frame(us): total avg=2601 max=2894 | pre avg=105 max=308 | ioctl avg=2477 max=2753 | post avg=17 max=37 | overruns=3
17:04:04.251 [DEBUG] [spi_timing] Pre(us): midi_mon=2/21 fwd_midi=2/66 mix_audio=7/30 ui_req=1/13 param=8/45 fwd_cc=0/19 proc_midi=1/33 jack_stash=1/14 drain_dsp=0/1 jack_wake=0/2 mix_buf=44/68 tts=2/31 display=7/203
17:04:04.251 [DEBUG] [spi_timing] Post(us): clear_leds=2/26 jack_midi=0/0 ui_midi=0/22 flush_leds=6/29 screenreader=0/174 jack_pre=0/0 jack_disp=0/0 pin=0/11 midi_scan=6/11 drain_dsp2=0/2 render=9/28
17:04:04.251 [DEBUG] [spi_timing] Slot render max(us): s0=11 s1=0 s2=0 s3=0 probe_burst_max=1
17:04:04.251 [DEBUG] [spi_timing] Slot synth max(us): s0=4 s1=0 s2=0 s3=0 | Slot fx max(us): s0=0 s1=0 s2=0 s3=0
17:04:04.926 [DEBUG] [shadow] ui_view: chainedit slot=0 component=global_settings step_observe_want=false
17:04:05.994 [DEBUG] [shadow] ui_view: chainedit slot=0 component=global_settings step_observe_want=false
17:04:07.063 [DEBUG] [shadow] ui_view: chainedit slot=0 component=global_settings step_observe_want=false
17:04:08.073 [DEBUG] [shim] D-Bus signal: com.ableton.move.ScreenReader.text path=/com/ableton/move/screenreader sender=:1.16 arg0=""
17:04:08.131 [DEBUG] [shadow] ui_view: chainedit slot=0 component=global_settings step_observe_want=false
17:04:08.581 [DEBUG] [shim] D-Bus signal: com.ableton.move.ScreenReader.text path=/com/ableton/move/screenreader sender=:1.16 arg0="Release 11.9 ms"
17:04:08.581 [DEBUG] [shim] D-Bus text: "Release 11.9 ms" (held_track=-1)
17:04:08.583 [DEBUG] [shim] Screen reader: Queued "Release 11.9 ms" (pending=1)
17:04:08.583 [DEBUG] [shim] Screen reader: "Release 11.9 ms" (injected 140 bytes to FD 12, serial=388)
17:04:08.583 [DEBUG] [shim] D-Bus signal: com.ableton.move.ScreenReader.text path=/com/ableton/move/screenreader sender=:1.16 arg0="Release 11.9 ms"
17:04:08.583 [DEBUG] [shim] D-Bus text: "Release 11.9 ms" (held_track=-1)
17:04:09.207 [DEBUG] [shadow] ui_view: chainedit slot=0 component=global_settings step_observe_want=false
17:04:09.239 [DEBUG] [shim] D-Bus signal: com.ableton.move.ScreenReader.text path=/com/ableton/move/screenreader sender=:1.16 arg0="Steel Pan High Tenor C4"
17:04:09.239 [DEBUG] [shim] D-Bus text: "Steel Pan High Tenor C4" (held_track=-1)
17:04:09.242 [DEBUG] [shim] Screen reader: Queued "Steel Pan High Tenor C4" (pending=1)
17:04:09.242 [DEBUG] [shim] Screen reader: "Steel Pan High Tenor C4" (injected 148 bytes to FD 12, serial=389)
17:04:09.242 [DEBUG] [shim] D-Bus signal: com.ableton.move.ScreenReader.text path=/com/ableton/move/screenreader sender=:1.16 arg0="Steel Pan High Tenor C4"
17:04:09.242 [DEBUG] [shim] D-Bus text: "Steel Pan High Tenor C4" (held_track=-1)
17:04:09.251 [DEBUG] [spi_timing] Frame(us): total avg=2466 max=2616 | pre avg=112 max=293 | ioctl avg=2335 max=2491 | post avg=18 max=46 | overruns=3
17:04:09.252 [DEBUG] [spi_timing] Pre(us): midi_mon=2/24 fwd_midi=3/69 mix_audio=7/34 ui_req=1/23 param=9/72 fwd_cc=0/1 proc_midi=1/36 jack_stash=1/11 drain_dsp=0/1 jack_wake=0/2 mix_buf=46/76 tts=3/27 display=8/184
17:04:09.252 [DEBUG] [spi_timing] Post(us): clear_leds=2/12 jack_midi=0/1 ui_midi=0/4 flush_leds=7/37 screenreader=0/172 jack_pre=0/0 jack_disp=0/0 pin=0/2 midi_scan=6/26 drain_dsp2=0/1 render=9/20
17:04:09.252 [DEBUG] [spi_timing] Slot render max(us): s0=13 s1=0 s2=0 s3=0 probe_burst_max=1
17:04:09.252 [DEBUG] [spi_timing] Slot synth max(us): s0=4 s1=0 s2=0 s3=0 | Slot fx max(us): s0=0 s1=0 s2=0 s3=0
17:04:09.662 [DEBUG] [shim] D-Bus signal: com.ableton.move.ScreenReader.text path=/com/ableton/move/screenreader sender=:1.16 arg0=""
17:04:09.865 [DEBUG] [shim] Shift+CC: cc=75 val=127
17:04:09.900 [DEBUG] [shim] Shift+CC: cc=75 val=127
17:04:09.926 [DEBUG] [shim] Shift+CC: cc=75 val=127
17:04:09.958 [DEBUG] [shim] Shift+CC: cc=75 val=127
17:04:09.984 [DEBUG] [shim] Shift+CC: cc=75 val=127
17:04:10.002 [DEBUG] [shim] Shift+CC: cc=75 val=127
17:04:10.016 [DEBUG] [shim] Shift+CC: cc=75 val=127
17:04:10.040 [DEBUG] [shim] Shift+CC: cc=75 val=127
17:04:10.063 [DEBUG] [shim] Shift+CC: cc=75 val=127
17:04:10.080 [DEBUG] [shim] Shift+CC: cc=75 val=127
17:04:10.112 [DEBUG] [shim] Shift+CC: cc=75 val=127
17:04:10.124 [DEBUG] [shim] Shift+CC: cc=75 val=127
17:04:10.147 [DEBUG] [shim] Shift+CC: cc=75 val=127
17:04:10.185 [DEBUG] [shim] Shift+CC: cc=75 val=127
17:04:10.217 [DEBUG] [shim] Shift+CC: cc=75 val=127
17:04:10.249 [DEBUG] [shim] Shift+CC: cc=75 val=127
17:04:10.282 [DEBUG] [shadow] ui_view: chainedit slot=0 component=global_settings step_observe_want=false
17:04:10.371 [DEBUG] [shim] D-Bus signal: com.ableton.move.ScreenReader.text path=/com/ableton/move/screenreader sender=:1.16 arg0="Release 11.9 ms"
17:04:10.372 [DEBUG] [shim] D-Bus text: "Release 11.9 ms" (held_track=-1)
17:04:10.374 [DEBUG] [shim] Screen reader: Queued "Release 11.9 ms" (pending=1)
17:04:10.374 [DEBUG] [shim] Screen reader: "Release 11.9 ms" (injected 140 bytes to FD 12, serial=390)
17:04:10.374 [DEBUG] [shim] D-Bus signal: com.ableton.move.ScreenReader.text path=/com/ableton/move/screenreader sender=:1.16 arg0="Release 11.9 ms"
17:04:10.374 [DEBUG] [shim] D-Bus text: "Release 11.9 ms" (held_track=-1)
17:04:10.606 [DEBUG] [shim] D-Bus signal: com.ableton.move.ScreenReader.text path=/com/ableton/move/screenreader sender=:1.16 arg0="Steel Pan High Tenor C4"
17:04:10.606 [DEBUG] [shim] D-Bus text: "Steel Pan High Tenor C4" (held_track=-1)
17:04:10.606 [DEBUG] [shim] Screen reader: Queued "Steel Pan High Tenor C4" (pending=1)
17:04:10.606 [DEBUG] [shim] Screen reader: "Steel Pan High Tenor C4" (injected 148 bytes to FD 12, serial=391)
17:04:10.607 [DEBUG] [shim] D-Bus signal: com.ableton.move.ScreenReader.text path=/com/ableton/move/screenreader sender=:1.16 arg0="Steel Pan High Tenor C4"
17:04:10.607 [DEBUG] [shim] D-Bus text: "Steel Pan High Tenor C4" (held_track=-1)
17:04:11.157 [DEBUG] [shim] D-Bus signal: com.ableton.move.ScreenReader.text path=/com/ableton/move/screenreader sender=:1.16 arg0="Release 11.9 ms"
17:04:11.157 [DEBUG] [shim] D-Bus text: "Release 11.9 ms" (held_track=-1)
17:04:11.158 [DEBUG] [shim] Screen reader: Queued "Release 11.9 ms" (pending=1)
17:04:11.158 [DEBUG] [shim] Screen reader: "Release 11.9 ms" (injected 140 bytes to FD 12, serial=392)
17:04:11.158 [DEBUG] [shim] D-Bus signal: com.ableton.move.ScreenReader.text path=/com/ableton/move/screenreader sender=:1.16 arg0="Release 11.9 ms"
17:04:11.158 [DEBUG] [shim] D-Bus text: "Release 11.9 ms" (held_track=-1)
17:04:11.350 [DEBUG] [shadow] ui_view: chainedit slot=0 component=global_settings step_observe_want=false
17:04:11.489 [DEBUG] [shim] D-Bus signal: com.ableton.move.ScreenReader.text path=/com/ableton/move/screenreader sender=:1.16 arg0=""
17:04:11.825 [DEBUG] [shim] Shift+CC: cc=75 val=1
17:04:11.903 [DEBUG] [shim] Shift+CC: cc=75 val=1
17:04:11.938 [DEBUG] [shim] Shift+CC: cc=75 val=1
17:04:11.981 [DEBUG] [shim] Shift+CC: cc=75 val=1
17:04:12.002 [DEBUG] [shim] Shift+CC: cc=75 val=1
17:04:12.037 [DEBUG] [shim] Shift+CC: cc=75 val=1
17:04:12.063 [DEBUG] [shim] Shift+CC: cc=75 val=1
17:04:12.098 [DEBUG] [shim] Shift+CC: cc=75 val=1
17:04:12.132 [DEBUG] [shim] Shift+CC: cc=75 val=1
17:04:12.267 [DEBUG] [shim] D-Bus signal: com.ableton.move.ScreenReader.text path=/com/ableton/move/screenreader sender=:1.16 arg0="Release 11.9 ms"
17:04:12.267 [DEBUG] [shim] D-Bus text: "Release 11.9 ms" (held_track=-1)
17:04:12.418 [DEBUG] [shadow] ui_view: chainedit slot=0 component=global_settings step_observe_want=false
17:04:12.611 [DEBUG] [shim] D-Bus signal: com.ableton.move.ScreenReader.text path=/com/ableton/move/screenreader sender=:1.16 arg0="Steel Pan High Tenor C4"
17:04:12.611 [DEBUG] [shim] D-Bus text: "Steel Pan High Tenor C4" (held_track=-1)
17:04:12.612 [DEBUG] [shim] Screen reader: Queued "Steel Pan High Tenor C4" (pending=1)
17:04:12.612 [DEBUG] [shim] Screen reader: "Steel Pan High Tenor C4" (injected 148 bytes to FD 12, serial=393)
17:04:12.612 [DEBUG] [shim] D-Bus signal: com.ableton.move.ScreenReader.text path=/com/ableton/move/screenreader sender=:1.16 arg0="Steel Pan High Tenor C4"
17:04:12.612 [DEBUG] [shim] D-Bus text: "Steel Pan High Tenor C4" (held_track=-1)
17:04:12.746 [DEBUG] [shim] D-Bus signal: com.ableton.move.ScreenReader.text path=/com/ableton/move/screenreader sender=:1.16 arg0="Release 11.9 ms"
17:04:12.746 [DEBUG] [shim] D-Bus text: "Release 11.9 ms" (held_track=-1)
17:04:12.748 [DEBUG] [shim] Screen reader: Queued "Release 11.9 ms" (pending=1)
17:04:12.749 [DEBUG] [shim] Screen reader: "Release 11.9 ms" (injected 140 bytes to FD 12, serial=394)
17:04:12.749 [DEBUG] [shim] D-Bus signal: com.ableton.move.ScreenReader.text path=/com/ableton/move/screenreader sender=:1.16 arg0="Release 11.9 ms"
17:04:12.749 [DEBUG] [shim] D-Bus text: "Release 11.9 ms" (held_track=-1)
17:04:13.428 [DEBUG] [shim] D-Bus signal: com.ableton.move.ScreenReader.text path=/com/ableton/move/screenreader sender=:1.16 arg0=""
17:04:13.487 [DEBUG] [shadow] ui_view: chainedit slot=0 component=global_settings step_observe_want=false
17:04:13.743 [DEBUG] [shim] Shift+CC: cc=75 val=127
17:04:13.816 [DEBUG] [shim] Shift+CC: cc=75 val=127
17:04:13.859 [DEBUG] [shim] Shift+CC: cc=75 val=127
17:04:13.900 [DEBUG] [shim] Shift+CC: cc=75 val=127
17:04:13.961 [DEBUG] [shim] Shift+CC: cc=75 val=127
17:04:14.077 [DEBUG] [shim] D-Bus signal: com.ableton.move.ScreenReader.text path=/com/ableton/move/screenreader sender=:1.16 arg0="Release 11.9 ms"
17:04:14.077 [DEBUG] [shim] D-Bus text: "Release 11.9 ms" (held_track=-1)
17:04:14.252 [DEBUG] [spi_timing] Frame(us): total avg=2605 max=2794 | pre avg=113 max=290 | ioctl avg=2471 max=2681 | post avg=20 max=129 | overruns=3
17:04:14.252 [DEBUG] [spi_timing] Pre(us): midi_mon=2/25 fwd_midi=2/73 mix_audio=7/35 ui_req=1/7 param=8/76 fwd_cc=0/3 proc_midi=1/30 jack_stash=1/11 drain_dsp=0/1 jack_wake=0/4 mix_buf=45/93 tts=7/19 display=7/191
17:04:14.252 [DEBUG] [spi_timing] Post(us): clear_leds=2/13 jack_midi=0/1 ui_midi=0/7 flush_leds=7/25 screenreader=0/286 jack_pre=0/0 jack_disp=0/23 pin=0/1 midi_scan=8/115 drain_dsp2=0/4 render=9/29
17:04:14.252 [DEBUG] [spi_timing] Slot render max(us): s0=14 s1=0 s2=0 s3=0 probe_burst_max=1
17:04:14.252 [DEBUG] [spi_timing] Slot synth max(us): s0=5 s1=0 s2=0 s3=0 | Slot fx max(us): s0=0 s1=0 s2=0 s3=0
17:04:14.400 [DEBUG] [shim] D-Bus signal: com.ableton.move.ScreenReader.text path=/com/ableton/move/screenreader sender=:1.16 arg0="Steel Pan High Tenor C4"
17:04:14.400 [DEBUG] [shim] D-Bus text: "Steel Pan High Tenor C4" (held_track=-1)
17:04:14.403 [DEBUG] [shim] Screen reader: Queued "Steel Pan High Tenor C4" (pending=1)
17:04:14.403 [DEBUG] [shim] Screen reader: "Steel Pan High Tenor C4" (injected 148 bytes to FD 12, serial=395)
17:04:14.403 [DEBUG] [shim] D-Bus signal: com.ableton.move.ScreenReader.text path=/com/ableton/move/screenreader sender=:1.16 arg0="Steel Pan High Tenor C4"
17:04:14.403 [DEBUG] [shim] D-Bus text: "Steel Pan High Tenor C4" (held_track=-1)
17:04:14.563 [DEBUG] [shadow] ui_view: chainedit slot=0 component=global_settings step_observe_want=false
17:04:15.640 [DEBUG] [shadow] ui_view: chainedit slot=0 component=global_settings step_observe_want=false
17:04:16.708 [DEBUG] [shadow] ui_view: chainedit slot=0 component=global_settings step_observe_want=false
17:04:17.776 [DEBUG] [shadow] ui_view: chainedit slot=0 component=global_settings step_observe_want=false
17:04:18.845 [DEBUG] [shadow] ui_view: chainedit slot=0 component=global_settings step_observe_want=false
17:04:19.252 [DEBUG] [spi_timing] Frame(us): total avg=2437 max=2543 | pre avg=111 max=309 | ioctl avg=2306 max=2427 | post avg=18 max=42 | overruns=3
17:04:19.252 [DEBUG] [spi_timing] Pre(us): midi_mon=2/30 fwd_midi=3/68 mix_audio=7/35 ui_req=1/4 param=9/39 fwd_cc=0/0 proc_midi=1/37 jack_stash=1/13 drain_dsp=0/2 jack_wake=0/4 mix_buf=46/76 tts=0/10 display=8/197
17:04:19.252 [DEBUG] [spi_timing] Post(us): clear_leds=3/26 jack_midi=0/0 ui_midi=0/4 flush_leds=7/28 screenreader=0/0 jack_pre=0/0 jack_disp=0/0 pin=0/2 midi_scan=6/21 drain_dsp2=0/1 render=9/32
17:04:19.252 [DEBUG] [spi_timing] Slot render max(us): s0=13 s1=0 s2=0 s3=0 probe_burst_max=1
17:04:19.252 [DEBUG] [spi_timing] Slot synth max(us): s0=4 s1=0 s2=0 s3=0 | Slot fx max(us): s0=0 s1=0 s2=0 s3=0
17:04:19.921 [DEBUG] [shadow] ui_view: chainedit slot=0 component=global_settings step_observe_want=false
17:04:20.998 [DEBUG] [shadow] ui_view: chainedit slot=0 component=global_settings step_observe_want=false
17:04:22.067 [DEBUG] [shadow] ui_view: chainedit slot=0 component=global_settings step_observe_want=false
17:04:23.135 [DEBUG] [shadow] ui_view: chainedit slot=0 component=global_settings step_observe_want=false
17:04:24.203 [DEBUG] [shadow] ui_view: chainedit slot=0 component=global_settings step_observe_want=false
17:04:24.252 [DEBUG] [spi_timing] Frame(us): total avg=2486 max=2637 | pre avg=110 max=307 | ioctl avg=2356 max=2501 | post avg=18 max=40 | overruns=3
17:04:24.253 [DEBUG] [spi_timing] Pre(us): midi_mon=2/22 fwd_midi=3/67 mix_audio=7/29 ui_req=1/8 param=8/33 fwd_cc=0/0 proc_midi=1/34 jack_stash=1/4 drain_dsp=0/1 jack_wake=0/9 mix_buf=46/75 tts=0/4 display=8/196
17:04:24.253 [DEBUG] [spi_timing] Post(us): clear_leds=2/9 jack_midi=0/0 ui_midi=0/4 flush_leds=7/31 screenreader=0/0 jack_pre=0/2 jack_disp=0/2 pin=0/4 midi_scan=6/26 drain_dsp2=0/1 render=9/30
17:04:24.253 [DEBUG] [spi_timing] Slot render max(us): s0=24 s1=0 s2=0 s3=0 probe_burst_max=1
17:04:24.253 [DEBUG] [spi_timing] Slot synth max(us): s0=4 s1=0 s2=0 s3=0 | Slot fx max(us): s0=0 s1=0 s2=0 s3=0
17:04:25.280 [DEBUG] [shadow] ui_view: chainedit slot=0 component=global_settings step_observe_want=false
17:04:26.356 [DEBUG] [shadow] ui_view: chainedit slot=0 component=global_settings step_observe_want=false
17:04:27.424 [DEBUG] [shadow] ui_view: chainedit slot=0 component=global_settings step_observe_want=false
17:04:28.493 [DEBUG] [shadow] ui_view: chainedit slot=0 component=global_settings step_observe_want=false
17:04:29.253 [DEBUG] [spi_timing] Frame(us): total avg=2573 max=2792 | pre avg=105 max=293 | ioctl avg=2449 max=2688 | post avg=17 max=45 | overruns=3
17:04:29.253 [DEBUG] [spi_timing] Pre(us): midi_mon=2/16 fwd_midi=2/71 mix_audio=7/18 ui_req=1/11 param=8/76 fwd_cc=0/0 proc_midi=1/40 jack_stash=1/23 drain_dsp=0/1 jack_wake=0/4 mix_buf=45/81 tts=0/11 display=8/199
17:04:29.253 [DEBUG] [spi_timing] Post(us): clear_leds=2/23 jack_midi=0/1 ui_midi=0/4 flush_leds=6/31 screenreader=0/0 jack_pre=0/0 jack_disp=0/2 pin=0/3 midi_scan=6/22 drain_dsp2=0/1 render=9/33
17:04:29.253 [DEBUG] [spi_timing] Slot render max(us): s0=24 s1=0 s2=0 s3=0 probe_burst_max=1
17:04:29.253 [DEBUG] [spi_timing] Slot synth max(us): s0=4 s1=0 s2=0 s3=0 | Slot fx max(us): s0=0 s1=0 s2=0 s3=0
17:04:29.561 [DEBUG] [shadow] ui_view: chainedit slot=0 component=global_settings step_observe_want=false
17:04:30.638 [DEBUG] [shadow] ui_view: chainedit slot=0 component=global_settings step_observe_want=false
17:04:31.712 [DEBUG] [shadow] ui_view: chainedit slot=0 component=global_settings step_observe_want=false
17:04:32.780 [DEBUG] [shadow] ui_view: chainedit slot=0 component=global_settings step_observe_want=false
17:04:33.848 [DEBUG] [shadow] ui_view: chainedit slot=0 component=global_settings step_observe_want=false
17:04:34.253 [DEBUG] [spi_timing] Frame(us): total avg=2446 max=2574 | pre avg=110 max=287 | ioctl avg=2316 max=2440 | post avg=18 max=37 | overruns=3
17:04:34.253 [DEBUG] [spi_timing] Pre(us): midi_mon=2/22 fwd_midi=3/68 mix_audio=7/29 ui_req=1/14 param=9/81 fwd_cc=0/2 proc_midi=1/42 jack_stash=1/21 drain_dsp=0/1 jack_wake=0/3 mix_buf=46/73 tts=0/25 display=8/189
17:04:34.253 [DEBUG] [spi_timing] Post(us): clear_leds=2/26 jack_midi=0/4 ui_midi=1/24 flush_leds=7/21 screenreader=0/0 jack_pre=0/3 jack_disp=0/0 pin=0/3 midi_scan=6/13 drain_dsp2=0/5 render=9/29
17:04:34.253 [DEBUG] [spi_timing] Slot render max(us): s0=25 s1=0 s2=0 s3=0 probe_burst_max=1
17:04:34.253 [DEBUG] [spi_timing] Slot synth max(us): s0=4 s1=0 s2=0 s3=0 | Slot fx max(us): s0=0 s1=0 s2=0 s3=0
17:04:34.916 [DEBUG] [shadow] ui_view: chainedit slot=0 component=global_settings step_observe_want=false
17:04:35.994 [DEBUG] [shadow] ui_view: chainedit slot=0 component=global_settings step_observe_want=false
17:04:37.067 [DEBUG] [shadow] ui_view: chainedit slot=0 component=global_settings step_observe_want=false
17:04:38.135 [DEBUG] [shadow] ui_view: chainedit slot=0 component=global_settings step_observe_want=false
17:04:39.204 [DEBUG] [shadow] ui_view: chainedit slot=0 component=global_settings step_observe_want=false
17:04:39.253 [DEBUG] [spi_timing] Frame(us): total avg=2453 max=2581 | pre avg=110 max=295 | ioctl avg=2323 max=2470 | post avg=18 max=40 | overruns=3
17:04:39.254 [DEBUG] [spi_timing] Pre(us): midi_mon=2/16 fwd_midi=3/70 mix_audio=7/30 ui_req=1/9 param=9/71 fwd_cc=0/3 proc_midi=1/37 jack_stash=1/21 drain_dsp=0/5 jack_wake=0/3 mix_buf=46/76 tts=0/20 display=8/191
17:04:39.254 [DEBUG] [spi_timing] Post(us): clear_leds=2/21 jack_midi=0/0 ui_midi=0/6 flush_leds=7/27 screenreader=0/0 jack_pre=0/0 jack_disp=0/2 pin=0/7 midi_scan=6/24 drain_dsp2=0/5 render=9/31
17:04:39.254 [DEBUG] [spi_timing] Slot render max(us): s0=25 s1=0 s2=0 s3=0 probe_burst_max=1
17:04:39.254 [DEBUG] [spi_timing] Slot synth max(us): s0=4 s1=0 s2=0 s3=0 | Slot fx max(us): s0=0 s1=0 s2=0 s3=0
17:04:40.272 [DEBUG] [shadow] ui_view: chainedit slot=0 component=global_settings step_observe_want=false
17:04:41.350 [DEBUG] [shadow] ui_view: chainedit slot=0 component=global_settings step_observe_want=false
17:04:42.426 [DEBUG] [shadow] ui_view: chainedit slot=0 component=global_settings step_observe_want=false
17:04:43.494 [DEBUG] [shadow] ui_view: chainedit slot=0 component=global_settings step_observe_want=false
17:04:44.254 [DEBUG] [spi_timing] Frame(us): total avg=2468 max=2591 | pre avg=110 max=309 | ioctl avg=2339 max=2481 | post avg=18 max=37 | overruns=3
17:04:44.254 [DEBUG] [spi_timing] Pre(us): midi_mon=2/24 fwd_midi=3/67 mix_audio=7/22 ui_req=1/23 param=9/78 fwd_cc=0/9 proc_midi=1/38 jack_stash=1/26 drain_dsp=0/23 jack_wake=0/4 mix_buf=46/76 tts=0/4 display=8/201
17:04:44.254 [DEBUG] [spi_timing] Post(us): clear_leds=2/27 jack_midi=0/0 ui_midi=0/16 flush_leds=7/27 screenreader=0/0 jack_pre=0/13 jack_disp=0/0 pin=0/2 midi_scan=6/25 drain_dsp2=0/4 render=9/28
17:04:44.254 [DEBUG] [spi_timing] Slot render max(us): s0=22 s1=0 s2=0 s3=0 probe_burst_max=1
17:04:44.254 [DEBUG] [spi_timing] Slot synth max(us): s0=4 s1=0 s2=0 s3=0 | Slot fx max(us): s0=0 s1=0 s2=0 s3=0
17:04:44.562 [DEBUG] [shadow] ui_view: chainedit slot=0 component=global_settings step_observe_want=false
17:04:45.630 [DEBUG] [shadow] ui_view: chainedit slot=0 component=global_settings step_observe_want=false
17:04:46.708 [DEBUG] [shadow] ui_view: chainedit slot=0 component=global_settings step_observe_want=false
17:04:47.787 [DEBUG] [shadow] ui_view: chainedit slot=0 component=global_settings step_observe_want=false
17:04:48.855 [DEBUG] [shadow] ui_view: chainedit slot=0 component=global_settings step_observe_want=false
17:04:49.254 [DEBUG] [spi_timing] Frame(us): total avg=2455 max=2609 | pre avg=111 max=300 | ioctl avg=2323 max=2491 | post avg=18 max=37 | overruns=3
17:04:49.254 [DEBUG] [spi_timing] Pre(us): midi_mon=2/23 fwd_midi=3/68 mix_audio=7/29 ui_req=1/22 param=9/97 fwd_cc=0/8 proc_midi=1/37 jack_stash=1/4 drain_dsp=0/1 jack_wake=0/25 mix_buf=46/70 tts=0/3 display=8/195
17:04:49.254 [DEBUG] [spi_timing] Post(us): clear_leds=2/28 jack_midi=0/2 ui_midi=0/11 flush_leds=7/26 screenreader=0/0 jack_pre=0/0 jack_disp=0/0 pin=0/5 midi_scan=6/27 drain_dsp2=0/1 render=9/26
17:04:49.254 [DEBUG] [spi_timing] Slot render max(us): s0=13 s1=0 s2=0 s3=0 probe_burst_max=1
17:04:49.254 [DEBUG] [spi_timing] Slot synth max(us): s0=5 s1=0 s2=0 s3=0 | Slot fx max(us): s0=0 s1=0 s2=0 s3=0
17:04:49.923 [DEBUG] [shadow] ui_view: chainedit slot=0 component=global_settings step_observe_want=false
17:04:50.992 [DEBUG] [shadow] ui_view: chainedit slot=0 component=global_settings step_observe_want=false
17:04:52.068 [DEBUG] [shadow] ui_view: chainedit slot=0 component=global_settings step_observe_want=false
17:04:53.142 [DEBUG] [shadow] ui_view: chainedit slot=0 component=global_settings step_observe_want=false
17:04:54.211 [DEBUG] [shadow] ui_view: chainedit slot=0 component=global_settings step_observe_want=false
17:04:54.255 [DEBUG] [spi_timing] Frame(us): total avg=2463 max=2588 | pre avg=111 max=313 | ioctl avg=2332 max=2471 | post avg=18 max=44 | overruns=3
17:04:54.255 [DEBUG] [spi_timing] Pre(us): midi_mon=2/16 fwd_midi=3/65 mix_audio=7/28 ui_req=1/15 param=9/80 fwd_cc=0/0 proc_midi=1/36 jack_stash=1/23 drain_dsp=0/8 jack_wake=0/12 mix_buf=46/80 tts=0/8 display=8/194
17:04:54.255 [DEBUG] [spi_timing] Post(us): clear_leds=2/12 jack_midi=0/0 ui_midi=0/20 flush_leds=7/31 screenreader=0/0 jack_pre=0/9 jack_disp=0/0 pin=0/10 midi_scan=6/25 drain_dsp2=0/1 render=10/35
17:04:54.255 [DEBUG] [spi_timing] Slot render max(us): s0=22 s1=0 s2=0 s3=0 probe_burst_max=1
17:04:54.255 [DEBUG] [spi_timing] Slot synth max(us): s0=4 s1=0 s2=0 s3=0 | Slot fx max(us): s0=0 s1=0 s2=0 s3=0
17:04:55.279 [DEBUG] [shadow] ui_view: chainedit slot=0 component=global_settings step_observe_want=false
17:04:56.348 [DEBUG] [shadow] ui_view: chainedit slot=0 component=global_settings step_observe_want=false
17:04:57.424 [DEBUG] [shadow] ui_view: chainedit slot=0 component=global_settings step_observe_want=false
17:04:58.501 [DEBUG] [shadow] ui_view: chainedit slot=0 component=global_settings step_observe_want=false
17:04:59.255 [DEBUG] [spi_timing] Frame(us): total avg=2442 max=2540 | pre avg=112 max=282 | ioctl avg=2310 max=2425 | post avg=18 max=42 | overruns=3
17:04:59.255 [DEBUG] [spi_timing] Pre(us): midi_mon=2/25 fwd_midi=3/68 mix_audio=7/34 ui_req=1/24 param=9/84 fwd_cc=0/0 proc_midi=1/34 jack_stash=1/26 drain_dsp=0/1 jack_wake=0/8 mix_buf=46/79 tts=0/3 display=8/181
17:04:59.255 [DEBUG] [spi_timing] Post(us): clear_leds=2/29 jack_midi=0/0 ui_midi=0/2 flush_leds=7/32 screenreader=0/0 jack_pre=0/5 jack_disp=0/0 pin=0/25 midi_scan=6/26 drain_dsp2=0/2 render=10/28
17:04:59.255 [DEBUG] [spi_timing] Slot render max(us): s0=23 s1=0 s2=0 s3=0 probe_burst_max=1
17:04:59.255 [DEBUG] [spi_timing] Slot synth max(us): s0=4 s1=0 s2=0 s3=0 | Slot fx max(us): s0=0 s1=0 s2=0 s3=0
17:04:59.569 [DEBUG] [shadow] ui_view: chainedit slot=0 component=global_settings step_observe_want=false
17:05:00.638 [DEBUG] [shadow] ui_view: chainedit slot=0 component=global_settings step_observe_want=false
17:05:01.705 [DEBUG] [shadow] ui_view: chainedit slot=0 component=global_settings step_observe_want=false
17:05:02.782 [DEBUG] [shadow] ui_view: chainedit slot=0 component=global_settings step_observe_want=false
17:05:03.862 [DEBUG] [shadow] ui_view: chainedit slot=0 component=global_settings step_observe_want=false
17:05:04.255 [DEBUG] [spi_timing] Frame(us): total avg=2443 max=2551 | pre avg=110 max=316 | ioctl avg=2313 max=2439 | post avg=18 max=38 | overruns=3
17:05:04.255 [DEBUG] [spi_timing] Pre(us): midi_mon=2/19 fwd_midi=3/68 mix_audio=7/33 ui_req=1/13 param=9/46 fwd_cc=0/0 proc_midi=1/39 jack_stash=1/13 drain_dsp=0/3 jack_wake=0/18 mix_buf=46/71 tts=0/10 display=8/195
17:05:04.255 [DEBUG] [spi_timing] Post(us): clear_leds=2/12 jack_midi=0/0 ui_midi=0/6 flush_leds=7/24 screenreader=0/0 jack_pre=0/0 jack_disp=0/0 pin=0/20 midi_scan=6/25 drain_dsp2=0/1 render=9/29
17:05:04.255 [DEBUG] [spi_timing] Slot render max(us): s0=22 s1=0 s2=0 s3=0 probe_burst_max=1
17:05:04.255 [DEBUG] [spi_timing] Slot synth max(us): s0=3 s1=0 s2=0 s3=0 | Slot fx max(us): s0=0 s1=0 s2=0 s3=0
17:05:04.930 [DEBUG] [shadow] ui_view: chainedit slot=0 component=global_settings step_observe_want=false
17:05:05.999 [DEBUG] [shadow] ui_view: chainedit slot=0 component=global_settings step_observe_want=false
17:05:07.067 [DEBUG] [shadow] ui_view: chainedit slot=0 component=global_settings step_observe_want=false
17:05:08.143 [DEBUG] [shadow] ui_view: chainedit slot=0 component=global_settings step_observe_want=false
17:05:09.220 [DEBUG] [shadow] ui_view: chainedit slot=0 component=global_settings step_observe_want=false
17:05:09.255 [DEBUG] [spi_timing] Frame(us): total avg=2437 max=2568 | pre avg=110 max=291 | ioctl avg=2307 max=2427 | post avg=18 max=40 | overruns=3
17:05:09.256 [DEBUG] [spi_timing] Pre(us): midi_mon=2/14 fwd_midi=3/67 mix_audio=7/29 ui_req=1/13 param=8/37 fwd_cc=0/0 proc_midi=1/31 jack_stash=1/20 drain_dsp=0/1 jack_wake=0/1 mix_buf=46/77 tts=0/2 display=8/195
17:05:09.256 [DEBUG] [spi_timing] Post(us): clear_leds=3/11 jack_midi=0/0 ui_midi=0/20 flush_leds=7/29 screenreader=0/0 jack_pre=0/12 jack_disp=0/2 pin=0/9 midi_scan=6/22 drain_dsp2=0/1 render=9/31
17:05:09.256 [DEBUG] [spi_timing] Slot render max(us): s0=25 s1=0 s2=0 s3=0 probe_burst_max=1
17:05:09.256 [DEBUG] [spi_timing] Slot synth max(us): s0=4 s1=0 s2=0 s3=0 | Slot fx max(us): s0=0 s1=0 s2=0 s3=0
17:05:10.288 [DEBUG] [shadow] ui_view: chainedit slot=0 component=global_settings step_observe_want=false
17:05:11.356 [DEBUG] [shadow] ui_view: chainedit slot=0 component=global_settings step_observe_want=false
17:05:12.425 [DEBUG] [shadow] ui_view: chainedit slot=0 component=global_settings step_observe_want=false
17:05:13.501 [DEBUG] [shadow] ui_view: chainedit slot=0 component=global_settings step_observe_want=false
17:05:14.256 [DEBUG] [spi_timing] Frame(us): total avg=2438 max=2541 | pre avg=110 max=297 | ioctl avg=2308 max=2421 | post avg=18 max=41 | overruns=3
17:05:14.256 [DEBUG] [spi_timing] Pre(us): midi_mon=2/34 fwd_midi=3/69 mix_audio=7/30 ui_req=1/14 param=8/43 fwd_cc=0/0 proc_midi=1/35 jack_stash=1/17 drain_dsp=0/4 jack_wake=0/4 mix_buf=46/80 tts=0/2 display=8/195
17:05:14.256 [DEBUG] [spi_timing] Post(us): clear_leds=3/25 jack_midi=0/0 ui_midi=0/2 flush_leds=7/32 screenreader=0/0 jack_pre=0/0 jack_disp=0/0 pin=0/9 midi_scan=6/24 drain_dsp2=0/5 render=9/32
17:05:14.256 [DEBUG] [spi_timing] Slot render max(us): s0=24 s1=0 s2=0 s3=0 probe_burst_max=1
17:05:14.256 [DEBUG] [spi_timing] Slot synth max(us): s0=4 s1=0 s2=0 s3=0 | Slot fx max(us): s0=0 s1=0 s2=0 s3=0
17:05:14.578 [DEBUG] [shadow] ui_view: chainedit slot=0 component=global_settings step_observe_want=false
17:05:15.647 [DEBUG] [shadow] ui_view: chainedit slot=0 component=global_settings step_observe_want=false
17:05:16.715 [DEBUG] [shadow] ui_view: chainedit slot=0 component=global_settings step_observe_want=false
17:05:17.784 [DEBUG] [shadow] ui_view: chainedit slot=0 component=global_settings step_observe_want=false
17:05:18.860 [DEBUG] [shadow] ui_view: chainedit slot=0 component=global_settings step_observe_want=false
17:05:19.256 [DEBUG] [spi_timing] Frame(us): total avg=2442 max=2547 | pre avg=111 max=299 | ioctl avg=2311 max=2436 | post avg=18 max=44 | overruns=3
17:05:19.256 [DEBUG] [spi_timing] Pre(us): midi_mon=2/24 fwd_midi=3/68 mix_audio=7/31 ui_req=1/21 param=9/75 fwd_cc=0/19 proc_midi=1/34 jack_stash=1/5 drain_dsp=0/1 jack_wake=0/1 mix_buf=46/74 tts=0/11 display=8/197
17:05:19.256 [DEBUG] [spi_timing] Post(us): clear_leds=2/11 jack_midi=0/0 ui_midi=0/24 flush_leds=7/27 screenreader=0/0 jack_pre=0/2 jack_disp=0/0 pin=0/10 midi_scan=6/12 drain_dsp2=0/1 render=9/35
17:05:19.256 [DEBUG] [spi_timing] Slot render max(us): s0=28 s1=0 s2=0 s3=0 probe_burst_max=1
17:05:19.256 [DEBUG] [spi_timing] Slot synth max(us): s0=4 s1=0 s2=0 s3=0 | Slot fx max(us): s0=0 s1=0 s2=0 s3=0
17:05:19.937 [DEBUG] [shadow] ui_view: chainedit slot=0 component=global_settings step_observe_want=false
17:05:21.006 [DEBUG] [shadow] ui_view: chainedit slot=0 component=global_settings step_observe_want=false
17:05:22.073 [DEBUG] [shadow] ui_view: chainedit slot=0 component=global_settings step_observe_want=false
17:05:23.141 [DEBUG] [shadow] ui_view: chainedit slot=0 component=global_settings step_observe_want=false
17:05:24.218 [DEBUG] [shadow] ui_view: chainedit slot=0 component=global_settings step_observe_want=false
17:05:24.256 [DEBUG] [spi_timing] Frame(us): total avg=2451 max=2587 | pre avg=111 max=328 | ioctl avg=2319 max=2481 | post avg=18 max=42 | overruns=3
17:05:24.256 [DEBUG] [spi_timing] Pre(us): midi_mon=2/20 fwd_midi=3/71 mix_audio=7/28 ui_req=1/22 param=8/29 fwd_cc=0/0 proc_midi=1/36 jack_stash=1/21 drain_dsp=0/3 jack_wake=0/4 mix_buf=47/78 tts=0/20 display=8/202
17:05:24.256 [DEBUG] [spi_timing] Post(us): clear_leds=2/19 jack_midi=0/0 ui_midi=0/10 flush_leds=7/24 screenreader=0/0 jack_pre=0/0 jack_disp=0/4 pin=0/6 midi_scan=6/28 drain_dsp2=0/19 render=10/29
17:05:24.256 [DEBUG] [spi_timing] Slot render max(us): s0=19 s1=0 s2=0 s3=0 probe_burst_max=1
17:05:24.257 [DEBUG] [spi_timing] Slot synth max(us): s0=4 s1=0 s2=0 s3=0 | Slot fx max(us): s0=0 s1=0 s2=0 s3=0
17:05:25.295 [DEBUG] [shadow] ui_view: chainedit slot=0 component=global_settings step_observe_want=false
17:05:26.364 [DEBUG] [shadow] ui_view: chainedit slot=0 component=global_settings step_observe_want=false
17:05:27.431 [DEBUG] [shadow] ui_view: chainedit slot=0 component=global_settings step_observe_want=false
17:05:28.500 [DEBUG] [shadow] ui_view: chainedit slot=0 component=global_settings step_observe_want=false
17:05:29.257 [DEBUG] [spi_timing] Frame(us): total avg=2449 max=2584 | pre avg=111 max=322 | ioctl avg=2318 max=2469 | post avg=18 max=46 | overruns=3
17:05:29.257 [DEBUG] [spi_timing] Pre(us): midi_mon=2/30 fwd_midi=3/66 mix_audio=7/20 ui_req=1/8 param=9/42 fwd_cc=0/0 proc_midi=1/36 jack_stash=1/10 drain_dsp=0/3 jack_wake=0/23 mix_buf=46/77 tts=0/9 display=8/213
17:05:29.257 [DEBUG] [spi_timing] Post(us): clear_leds=2/27 jack_midi=0/0 ui_midi=0/7 flush_leds=7/27 screenreader=0/0 jack_pre=0/1 jack_disp=0/0 pin=0/3 midi_scan=6/29 drain_dsp2=0/1 render=9/29
17:05:29.257 [DEBUG] [spi_timing] Slot render max(us): s0=23 s1=0 s2=0 s3=0 probe_burst_max=1
17:05:29.257 [DEBUG] [spi_timing] Slot synth max(us): s0=4 s1=0 s2=0 s3=0 | Slot fx max(us): s0=0 s1=0 s2=0 s3=0
17:05:29.577 [DEBUG] [shadow] ui_view: chainedit slot=0 component=global_settings step_observe_want=false
17:05:30.657 [DEBUG] [shadow] ui_view: chainedit slot=0 component=global_settings step_observe_want=false
17:05:31.725 [DEBUG] [shadow] ui_view: chainedit slot=0 component=global_settings step_observe_want=false
17:05:32.794 [DEBUG] [shadow] ui_view: chainedit slot=0 component=global_settings step_observe_want=false
17:05:33.861 [DEBUG] [shadow] ui_view: chainedit slot=0 component=global_settings step_observe_want=false
17:05:34.257 [DEBUG] [spi_timing] Frame(us): total avg=2442 max=2588 | pre avg=111 max=288 | ioctl avg=2311 max=2476 | post avg=18 max=41 | overruns=3
17:05:34.257 [DEBUG] [spi_timing] Pre(us): midi_mon=2/18 fwd_midi=3/69 mix_audio=7/35 ui_req=1/4 param=8/33 fwd_cc=0/0 proc_midi=1/34 jack_stash=1/25 drain_dsp=0/1 jack_wake=0/5 mix_buf=46/73 tts=1/4 display=8/183
17:05:34.257 [DEBUG] [spi_timing] Post(us): clear_leds=2/28 jack_midi=0/0 ui_midi=0/19 flush_leds=7/29 screenreader=0/0 jack_pre=0/0 jack_disp=0/0 pin=0/4 midi_scan=6/26 drain_dsp2=0/1 render=9/31
17:05:34.257 [DEBUG] [spi_timing] Slot render max(us): s0=24 s1=0 s2=0 s3=0 probe_burst_max=1
17:05:34.257 [DEBUG] [spi_timing] Slot synth max(us): s0=4 s1=0 s2=0 s3=0 | Slot fx max(us): s0=0 s1=0 s2=0 s3=0
17:05:34.938 [DEBUG] [shadow] ui_view: chainedit slot=0 component=global_settings step_observe_want=false
17:05:36.018 [DEBUG] [shadow] ui_view: chainedit slot=0 component=global_settings step_observe_want=false
17:05:37.086 [DEBUG] [shadow] ui_view: chainedit slot=0 component=global_settings step_observe_want=false
17:05:38.154 [DEBUG] [shadow] ui_view: chainedit slot=0 component=global_settings step_observe_want=false
17:05:39.222 [DEBUG] [shadow] ui_view: chainedit slot=0 component=global_settings step_observe_want=false
17:05:39.257 [DEBUG] [spi_timing] Frame(us): total avg=2456 max=2588 | pre avg=111 max=309 | ioctl avg=2325 max=2480 | post avg=18 max=41 | overruns=3
17:05:39.257 [DEBUG] [spi_timing] Pre(us): midi_mon=2/19 fwd_midi=3/80 mix_audio=7/28 ui_req=1/13 param=8/43 fwd_cc=0/0 proc_midi=1/35 jack_stash=1/21 drain_dsp=0/1 jack_wake=0/1 mix_buf=46/71 tts=0/19 display=8/203
17:05:39.257 [DEBUG] [spi_timing] Post(us): clear_leds=2/28 jack_midi=0/0 ui_midi=0/4 flush_leds=7/32 screenreader=0/3 jack_pre=0/0 jack_disp=0/0 pin=0/2 midi_scan=6/27 drain_dsp2=0/4 render=9/27
17:05:39.257 [DEBUG] [spi_timing] Slot render max(us): s0=12 s1=0 s2=0 s3=0 probe_burst_max=1
17:05:39.257 [DEBUG] [spi_timing] Slot synth max(us): s0=4 s1=0 s2=0 s3=0 | Slot fx max(us): s0=0 s1=0 s2=0 s3=0
17:05:40.299 [DEBUG] [shadow] ui_view: chainedit slot=0 component=global_settings step_observe_want=false
17:05:41.376 [DEBUG] [shadow] ui_view: chainedit slot=0 component=global_settings step_observe_want=false
17:05:42.448 [DEBUG] [shadow] ui_view: chainedit slot=0 component=global_settings step_observe_want=false
17:05:43.515 [DEBUG] [shadow] ui_view: chainedit slot=0 component=global_settings step_observe_want=false
17:05:44.258 [DEBUG] [spi_timing] Frame(us): total avg=2446 max=2575 | pre avg=111 max=298 | ioctl avg=2316 max=2462 | post avg=18 max=40 | overruns=3
17:05:44.258 [DEBUG] [spi_timing] Pre(us): midi_mon=2/27 fwd_midi=3/81 mix_audio=7/27 ui_req=1/21 param=9/93 fwd_cc=0/8 proc_midi=1/37 jack_stash=1/7 drain_dsp=0/2 jack_wake=0/4 mix_buf=46/77 tts=0/6 display=8/195
17:05:44.258 [DEBUG] [spi_timing] Post(us): clear_leds=2/17 jack_midi=0/8 ui_midi=0/22 flush_leds=7/14 screenreader=0/0 jack_pre=0/5 jack_disp=0/2 pin=0/3 midi_scan=6/27 drain_dsp2=0/15 render=9/27
17:05:44.258 [DEBUG] [spi_timing] Slot render max(us): s0=18 s1=0 s2=0 s3=0 probe_burst_max=1
17:05:44.258 [DEBUG] [spi_timing] Slot synth max(us): s0=5 s1=0 s2=0 s3=0 | Slot fx max(us): s0=0 s1=0 s2=0 s3=0
17:05:44.583 [DEBUG] [shadow] ui_view: chainedit slot=0 component=global_settings step_observe_want=false
17:05:45.660 [DEBUG] [shadow] ui_view: chainedit slot=0 component=global_settings step_observe_want=false
17:05:46.734 [DEBUG] [shadow] ui_view: chainedit slot=0 component=global_settings step_observe_want=false
17:05:47.803 [DEBUG] [shadow] ui_view: chainedit slot=0 component=global_settings step_observe_want=false
17:05:48.871 [DEBUG] [shadow] ui_view: chainedit slot=0 component=global_settings step_observe_want=false
17:05:49.258 [DEBUG] [spi_timing] Frame(us): total avg=2443 max=2573 | pre avg=110 max=315 | ioctl avg=2313 max=2469 | post avg=18 max=41 | overruns=3
17:05:49.258 [DEBUG] [spi_timing] Pre(us): midi_mon=2/18 fwd_midi=3/86 mix_audio=7/31 ui_req=1/23 param=9/108 fwd_cc=0/0 proc_midi=1/35 jack_stash=1/10 drain_dsp=0/1 jack_wake=0/3 mix_buf=46/76 tts=0/4 display=8/196
17:05:49.258 [DEBUG] [spi_timing] Post(us): clear_leds=2/13 jack_midi=0/0 ui_midi=0/4 flush_leds=7/25 screenreader=0/0 jack_pre=0/0 jack_disp=0/0 pin=0/3 midi_scan=6/25 drain_dsp2=0/4 render=9/32
17:05:49.258 [DEBUG] [spi_timing] Slot render max(us): s0=26 s1=0 s2=0 s3=0 probe_burst_max=1
17:05:49.258 [DEBUG] [spi_timing] Slot synth max(us): s0=4 s1=0 s2=0 s3=0 | Slot fx max(us): s0=0 s1=0 s2=0 s3=0
17:05:49.938 [DEBUG] [shadow] ui_view: chainedit slot=0 component=global_settings step_observe_want=false
17:05:51.015 [DEBUG] [shadow] ui_view: chainedit slot=0 component=global_settings step_observe_want=false
17:05:52.090 [DEBUG] [shadow] ui_view: chainedit slot=0 component=global_settings step_observe_want=false
17:05:53.157 [DEBUG] [shadow] ui_view: chainedit slot=0 component=global_settings step_observe_want=false
17:05:54.226 [DEBUG] [shadow] ui_view: chainedit slot=0 component=global_settings step_observe_want=false
17:05:54.258 [DEBUG] [spi_timing] Frame(us): total avg=2698 max=2792 | pre avg=98 max=280 | ioctl avg=2582 max=2695 | post avg=16 max=38 | overruns=4
17:05:54.258 [DEBUG] [spi_timing] Pre(us): midi_mon=1/10 fwd_midi=2/63 mix_audio=6/30 ui_req=1/11 param=8/72 fwd_cc=0/9 proc_midi=1/30 jack_stash=1/11 drain_dsp=0/20 jack_wake=0/18 mix_buf=43/71 tts=0/2 display=7/190
17:05:54.258 [DEBUG] [spi_timing] Post(us): clear_leds=2/13 jack_midi=0/0 ui_midi=0/1 flush_leds=6/17 screenreader=0/0 jack_pre=0/0 jack_disp=0/0 pin=0/4 midi_scan=6/25 drain_dsp2=0/1 render=8/15
17:05:54.259 [DEBUG] [spi_timing] Slot render max(us): s0=10 s1=0 s2=0 s3=0 probe_burst_max=1
17:05:54.259 [DEBUG] [spi_timing] Slot synth max(us): s0=4 s1=0 s2=0 s3=0 | Slot fx max(us): s0=0 s1=0 s2=0 s3=0
17:05:55.294 [DEBUG] [shadow] ui_view: chainedit slot=0 component=global_settings step_observe_want=false
17:05:56.371 [DEBUG] [shadow] ui_view: chainedit slot=0 component=global_settings step_observe_want=false
17:05:57.448 [DEBUG] [shadow] ui_view: chainedit slot=0 component=global_settings step_observe_want=false
17:05:58.516 [DEBUG] [shadow] ui_view: chainedit slot=0 component=global_settings step_observe_want=false
17:05:59.259 [DEBUG] [spi_timing] Frame(us): total avg=2693 max=2790 | pre avg=100 max=285 | ioctl avg=2575 max=2685 | post avg=16 max=36 | overruns=4
17:05:59.259 [DEBUG] [spi_timing] Pre(us): midi_mon=1/22 fwd_midi=2/67 mix_audio=6/27 ui_req=1/21 param=8/70 fwd_cc=0/0 proc_midi=1/37 jack_stash=1/19 drain_dsp=0/0 jack_wake=0/1 mix_buf=44/73 tts=0/4 display=7/179
17:05:59.259 [DEBUG] [spi_timing] Post(us): clear_leds=2/26 jack_midi=0/0 ui_midi=0/2 flush_leds=6/29 screenreader=0/0 jack_pre=0/0 jack_disp=0/0 pin=0/1 midi_scan=6/26 drain_dsp2=0/1 render=8/26
17:05:59.259 [DEBUG] [spi_timing] Slot render max(us): s0=21 s1=0 s2=0 s3=0 probe_burst_max=1
17:05:59.259 [DEBUG] [spi_timing] Slot synth max(us): s0=4 s1=0 s2=0 s3=0 | Slot fx max(us): s0=0 s1=0 s2=0 s3=0
17:05:59.584 [DEBUG] [shadow] ui_view: chainedit slot=0 component=global_settings step_observe_want=false
17:06:00.653 [DEBUG] [shadow] ui_view: chainedit slot=0 component=global_settings step_observe_want=false
17:06:01.730 [DEBUG] [shadow] ui_view: chainedit slot=0 component=global_settings step_observe_want=false
17:06:02.806 [DEBUG] [shadow] ui_view: chainedit slot=0 component=global_settings step_observe_want=false
17:06:03.876 [DEBUG] [shadow] ui_view: chainedit slot=0 component=global_settings step_observe_want=false
17:06:04.259 [DEBUG] [spi_timing] Frame(us): total avg=2691 max=2819 | pre avg=100 max=292 | ioctl avg=2572 max=2718 | post avg=17 max=43 | overruns=4
17:06:04.259 [DEBUG] [spi_timing] Pre(us): midi_mon=1/12 fwd_midi=2/67 mix_audio=7/33 ui_req=1/10 param=8/70 fwd_cc=0/0 proc_midi=1/34 jack_stash=1/24 drain_dsp=0/1 jack_wake=0/4 mix_buf=44/78 tts=0/22 display=7/186
17:06:04.259 [DEBUG] [spi_timing] Post(us): clear_leds=2/9 jack_midi=0/0 ui_midi=0/4 flush_leds=6/27 screenreader=0/0 jack_pre=0/0 jack_disp=0/0 pin=0/3 midi_scan=6/31 drain_dsp2=0/2 render=9/27
17:06:04.259 [DEBUG] [spi_timing] Slot render max(us): s0=22 s1=0 s2=0 s3=0 probe_burst_max=1
17:06:04.259 [DEBUG] [spi_timing] Slot synth max(us): s0=4 s1=0 s2=0 s3=0 | Slot fx max(us): s0=0 s1=0 s2=0 s3=0
17:06:04.942 [DEBUG] [shadow] ui_view: chainedit slot=0 component=global_settings step_observe_want=false
17:06:06.010 [DEBUG] [shadow] ui_view: chainedit slot=0 component=global_settings step_observe_want=false
17:06:07.087 [DEBUG] [shadow] ui_view: chainedit slot=0 component=global_settings step_observe_want=false
17:06:08.165 [DEBUG] [shadow] ui_view: chainedit slot=0 component=global_settings step_observe_want=false
17:06:09.232 [DEBUG] [shadow] ui_view: chainedit slot=0 component=global_settings step_observe_want=false
17:06:09.259 [DEBUG] [spi_timing] Frame(us): total avg=2693 max=2784 | pre avg=99 max=318 | ioctl avg=2576 max=2682 | post avg=16 max=39 | overruns=4
17:06:09.259 [DEBUG] [spi_timing] Pre(us): midi_mon=1/20 fwd_midi=2/67 mix_audio=6/33 ui_req=1/20 param=8/74 fwd_cc=0/0 proc_midi=1/33 jack_stash=1/3 drain_dsp=0/1 jack_wake=0/1 mix_buf=44/72 tts=0/3 display=7/193
17:06:09.259 [DEBUG] [spi_timing] Post(us): clear_leds=2/21 jack_midi=0/0 ui_midi=0/27 flush_leds=6/24 screenreader=0/0 jack_pre=0/0 jack_disp=0/10 pin=0/1 midi_scan=5/26 drain_dsp2=0/1 render=8/25
17:06:09.259 [DEBUG] [spi_timing] Slot render max(us): s0=10 s1=0 s2=0 s3=0 probe_burst_max=1
17:06:09.259 [DEBUG] [spi_timing] Slot synth max(us): s0=4 s1=0 s2=0 s3=0 | Slot fx max(us): s0=0 s1=0 s2=0 s3=0
17:06:10.302 [DEBUG] [shadow] ui_view: chainedit slot=0 component=global_settings step_observe_want=false
